filename,generated_problem,original_code,python_code
10kai_koban.nako3,"問題文：
以下のプログラムを実行し、指定された回数分繰り返し出力してください。10回繰り返すごとに「😸ネコに💰小判」と表示するプログラムを生成してください。","10回繰り返す
　　「😸ネコに💰小判」と表示。
ここまで。","print(""😸ネコに💰小判"")"
1_10_goukei.nako3,"問題文：
Nを1から10まで繰り返し、合計値を0からスタートして、各回のNを足し合わせて合計値を計算し、各回の合計値と足したNを表示し、最後に合計結果を表示してください。","合計値は0
Nを1から10まで繰り返す
　　合計値＝合計値＋N
　　「→(経過) {N}を足すと{合計値}です。」と表示。
ここまで。
「⭐合計結果は{合計値}です。」と表示。","total = 0
for i in range(1, 11):
    total += i
    print(f""→(経過) {i}を足すと{total}です。"")
print(f""⭐合計結果は{total}です。"")"
4kai_kame.nako3,"問題文：
カメを動かすプログラムを作成してください。カメは4回繰り返す動作をします。各回では、カメを100だけ進ませてください。次に、カメを90度右回転させてください。","カメ作成。
4回繰り返す
　　100だけカメ進む。
　　90だけカメ右回転。
ここまで。","import turtle

# カメを作成
t = turtle.Turtle()

# 4回繰り返す
for _ in range(4):
    # カメを100だけ進ませる
    t.forward(100)
    
    # カメを90度右回転させる
    t.right(90)

turtle.done()"
4kai_kame_nasi.nako3,"問題文:
カメを一定の距離進ませ、右回転を繰り返すプログラムを作成してください。カメは、100の距離を進むと、90の距離を右回転します。","# 「N回繰り返す」構文を使わずに書いた場合
カメ作成。
100だけカメ進む。# 1回目
90だけカメ右回転。
100だけカメ進む。# 2回目
90だけカメ右回転。
100だけカメ進む。# 3回目
90だけカメ右回転。
100だけカメ進む。# 4回目
90だけカメ右回転。","n = 5

for _ in range(n):
    for _ in range(2):
        print(""カメ作成。"")
        print(""100だけカメ進む。"")
        print(""90だけカメ右回転。"")"
6kai_kame.nako3,"問題文：
カメを進めるプログラムを書いてください。カメは6回繰り返す度に、80だけ進みます。同時に、360を6で割った値だけ右回転します。","カメ作成。
6回繰り返す
　　80だけカメ進む。
　　(360÷6)だけカメ右回転。
ここまで。","for i in range(6):
    forward(80)
    right(int(360/6))"
aida.nako3,"問題文：
小さな動物園にいる動物の数を管理するプログラムを作成してください。動物園には5以下の動物がいます。動物の数を1から5の範囲で繰り返し増やし、各段階で「動物の数は{動物の数}で5以下です」と表示するプログラムを完成させてください。
（初級）","N=1
Nが5以下の間繰り返す
　　「🐼 Nは{N}で5以下です」と表示。
　　N=N+1
ここまで。","N = 1
while N <= 5:
    print(f""🐼 {N}は{N}で5以下です"")
    N += 1"
baisu3_5.nako3,"問題文：
Nを2から20まで繰り返し、各回でNを3で割った余りを計算し、もし余りが0ならば「🐕{N}は3の倍数」と表示し、次にNを5で割った余りを計算し、もし余りが0ならば「🐎{N}は5の倍数」と表示してください。","Ｎを2から20まで繰り返す
　　# ３の倍数か確認
　　もし、N%3=0ならば「🐕{N}は3の倍数」と表示。
　　もし、N%5=0ならば「🐎{N}は5の倍数」と表示。
ここまで。","for N in range(2, 21):
    if N % 3 == 0:
        print(f""🐕{N}は3の倍数"")
    if N % 5 == 0:
        print(f""🐎{N}は5の倍数"")"
baisu3_5kai.nako3,"問題文：
Nを2とし、19回繰り返す。各回のNで、もしNが3の倍数かつ5の倍数ならば「🐕{N}は3の倍数」と表示し、もしNが3の倍数でも5の倍数でもないならば「🐎{N}は3の倍数」と表示し、NをN+1とする。","Ｎ＝2
19回繰り返す
　　もし、N%3=0ならば「🐕{N}は3の倍数」と表示。
　　もし、N%5=0ならば「🐎{N}は3の倍数」と表示。
　　Ｎ＝Ｎ＋１
ここまで。","N = 2
for _ in range(19):
    if N % 3 == 0 and N % 5 == 0:
        print(f""🐕{N}は3の倍数"")
    elif N % 3 == 0:
        print(f""🐎{N}は3の倍数"")
    N += 1"
bmi.nako3,"問題文：
身長と体重を入力してください。身長はセンチメートルで、体重はキログラムで表してください。次に、計算されたBMIをもとに、肥満、低体重、普通体重のいずれに該当するかを判定し、結果を表示してください。","# 身長と体重を尋ねる --- (*1)
「身長(cm)は？」と尋ねて身長cmに代入。
「体重(kg)は？」と尋ねて体重kgに代入。
# BMIを計算 --- (*2)
BMI=体重kg÷(身長cm/100)^2
# 肥満かどうか判定 --- (*3)
もし、BMIが25以上ならば
　　判定＝「肥満」
違えば、もし、BMIが18.5未満ならば
　　判定＝「低体重」
違えば
　　判定＝「普通体重」
ここまで。
# 結果を表示 --- (*4)
「BMI={BMI} / 判定={判定}」を表示。","身長 = float(input(""身長(cm)は？""))
体重 = float(input(""体重(kg)は？""))

BMI = 体重 / (身長 / 100) ** 2

if BMI >= 25:
    判定 = ""肥満""
elif BMI < 18.5:
    判定 = ""低体重""
else:
    判定 = ""普通体重""

print(f""BMI={BMI:.2f} / 判定={判定}"")"
bug_aida.nako3,"問題文：
Aという値を1に初期化し、Aが5以下の間、繰り返し処理を実行してください。繰り返し処理のなかで、Aの値を表示するようにしてください。","A=1
Aが5以下の間繰り返す
　　「A={A}」を表示。
ここまで。","A = 1
while A <= 5:
    print(""A ="", A)
    A += 1"
button.nako3,"問題文：
プログラムを作成して、ボタンをクリックした時には「こんにちは」と表示する機能を実装してください。","挨拶ボタン＝「挨拶」のボタン作成。
挨拶ボタンをクリックした時には
　　「こんにちは」と表示。
ここまで。","import tkinter as tk

def greeting():
    label.config(text=""こんにちは"")

root = tk.Tk()
button = tk.Button(root, text=""挨拶"", command=greeting)
button.pack()

label = tk.Label(root, text="""")
label.pack()

root.mainloop()"
card_shuffle.nako3,"問題文：
以下の条件に基づいて、指定されたカードを操作してください。 
まず、8枚のカードを用意し、カード一覧に格納します。次に、ランダムにカードを並び替える操作（配列シャッフル）を実行し、カード一覧を新しい順に並び替えます。最後に、並び替えられたカード一覧を表示します。

（中級）","3回繰り返す
　　カード一覧＝[1, 2, 3, 4, 5, 6, 7, 8]
　　カード一覧を配列シャッフル。
　　カード一覧を表示。
ここまで。","import random

for _ in range(3):
    cards = [1, 2, 3, 4, 5, 6, 7, 8]
    random.shuffle(cards)
    print(cards)"
chat.nako3,"問題文：
あなたは、簡単なチャットアプリケーションを作成するように指示されています。まず、初期設定として、名前を「名無し」にし、発言ボックスに「こんにちは！」を入力し、発言ボタンを「発言」に設定し、ログエリアを空のテキストエリアに設定してください。次に、WebSocketから受信するイベントを設定し、受信した時にはログエリアのテキストを取得し、ログエリアに取得したテキストを設定してください。さらに、発言ボタンがクリックされた時には、発言ボックスのテキストを取得し、「{今}> {名前}: {内容}」をWebSocketで送信し、発言ボックスを空のテキストに設定してください。最後に、サーバーのURLと名前を尋ねて、サーバーに接続してください。サーバーURLは「https://」を「」に置換し、名前は「あなたの名前は？」と尋ねて入力された名前を代入し、サーバーURLにWS接続してください。

（初級）","# 初期設定 --- (*1)
名前＝「名無し」
発言ボックス＝「こんにちは！」のエディタ作成。
発言ボタン＝「発言」のボタン作成。改行作成。
ログエリア＝「」のテキストエリア作成。

# WebSocketから受信するイベントを設定 ---(*2)
WS受信時には
　　ログエリアのテキスト取得して、ログに代入。
　　ログエリアに(対象＆改行＆ログ)をテキスト設定。
ここまで。

# 発言ボタンのイベントを設定 --- (*3)
発言ボタンをクリックした時には
　　内容=発言ボックスのテキスト取得。
　　「{今}> {名前}: {内容}」をWS送信。
　　発言ボックスに「」をテキスト設定。
ここまで。

# サーバーのURLと名前を尋ねてサーバーに接続する --- (*4)
「サーバーのアドレスを入力してください」と尋ねる。
「https://」を「」に置換して、「wss://{それ}」をサーバーURLに代入。
「あなたの名前は？」と尋ねて、名前に代入。
サーバーURLへWS接続。","import tkinter as tk
from tkinter import messagebox
import websockets
import ssl

class ChatApp:
    def __init__(self):
        self.root = tk.Tk()
        self.root.title(""Chat App"")

        # 初期設定
        self.name = ""名無し""
        self.message_box = tk.Text(self.root, height=5, width=40)
        self.message_box.insert(tk.END, ""こんにちは!"")
        self.send_button = tk.Button(self.root, text=""発言"", command=self.send_message)
        self.log_area = tk.Text(self.root, height=10, width=60)

        # WebSocketから受信するイベントを設定
        self.ws_url = None

        # サーバーのURLと名前を尋ねてサーバーに接続する
        self.get_server_info()

    def get_server_info(self):
        server_url_label = tk.Label(self.root, text=""サーバーのアドレスを入力してください"")
        server_url_label.pack()
        server_url_entry = tk.Entry(self.root)
        server_url_entry.pack()
        name_label = tk.Label(self.root, text=""あなたの名前は?"")
        name_label.pack()
        self.name_entry = tk.Entry(self.root)
        self.name_entry.pack()

        def get_server_info():
            server_url = server_url_entry.get().replace(""https://"", """")
            self.ws_url = f""wss://{server_url}""
            self.connect_to_server()

        submit_button = tk.Button(self.root, text=""接続"", command=get_server_info)
        submit_button.pack()

    def connect_to_server(self):
        try:
            ssl_context = ssl.create_default_context()
            with websockets.connect(self.ws_url, ssl=ssl_context) as ws:
                self.ws = ws
                self.log_area.insert(tk.END, ""サーバーに接続しました"")
                self.root.after(100, self.check_messages)
        except Exception as e:
            messagebox.showerror(""エラー"", str(e))

    def check_messages(self):
        if self.ws is not None and self.ws.open:
            try:
                message = self.ws.recv()
                self.log_area.insert(tk.END, f""{message}\n"")
                self.root.after(100, self.check_messages)
            except websockets.ConnectionClosed:
                messagebox.showerror(""エラー"", ""サーバーとの接続が切れました"")

    def send_message(self):
        if self.ws is not None and self.ws.open:
            message = f""{self.name}> {self.message_box.get('1.0', tk.END)}""
            try:
                self.ws.send(message)
                self.log_area.insert(tk.END, f""送信しました: {message}\n"")
                self.message_box.delete('1.0', tk.END)
            except websockets.ConnectionClosed:
                messagebox.showerror(""エラー"", ""サーバーとの接続が切れました"")

    def run(self):
        self.root.mainloop()

if __name__ == ""__main__"":
    app = ChatApp()
    app.run()"
game_janken.nako3,"問題文：
ジャンケンゲームをプログラミングしてください。ゲームは「✊✌✋ ジャンケンゲーム ✊✌✋」と表示された後、ジャンケンを繰り返し行い、得点を計算します。ジャンケンは、0から2の乱数で相手の手の番号を決定し、自分は「✊グー、1:✌チョキ、2:✋パー」から選択します。判定は、(自分-相手+3)%3で行い、0ならば「あいこです。」、1ならば「負け😭 -1点」、2ならば「勝ち😀 +3点」と表示します。ゲームを続けるかどうかを尋ね、キャンセルならば終了します。","# 変数の初期化 --- (*1)
得点は0
終了フラグはオフ
手説明は「{改行}0:✊グー, 1:✌チョキ ,2:✋パー{改行}」
タイトルは「
────────────────────────────────
✊✌✋ ジャンケンゲーム ✊✌✋
────────────────────────────────
」

# 繰り返しゲームを遊べるよう繰り返す --- (*2)
（終了フラグ＝オフ）の間繰り返す
　　ジャンケンゲーム実行。
　　終了判定。
ここまで。

# 数当てゲームを実行する関数 --- (*3)
●ジャンケンゲーム実行とは
　　相手=3の乱数
　　「{タイトル}いざ勝負！{手説明}どれを出す？」と尋ねて自分に代入。
　　状況＝「{タイトル}自分は{自分の手取得}、相手は{相手の手取得}{改行}」
　　判定＝(自分-相手+3)%3 # --- (*4)
　　もし、判定が0ならば
　　　　「{状況}あいこです。」と言う。
　　違えば、もし、判定が1ならば
　　　　得点＝得点 - 1
　　　　もし、得点が0以下ならば、得点は0
　　　　「{状況}負け😭 -1点」と言う。
　　違えば、もし、判定が2ならば
　　　　得点＝得点+3。
　　　　「{状況}勝ち😀 +3点」と言う
　　ここまで。
ここまで。

# 終了するか尋ねる関数 --- (*5)
●終了判定とは
　　「{タイトル}現在{得点}点。ゲームを続けますか？」と二択。
　　もし、それがキャンセルならば、終了フラグ＝オン。
ここまで。

# ジャンケンの手を返す --- (*6)
●(番号の)手取得とは
　　もし、番号が0ならば、それは「✊グー」
　　もし、番号が1ならば、それは「✌チョキ」
　　もし、番号が2ならば、それは「✋パー」
ここまで。","import random

得点 = 0
終了フラグ = False
手説明 = """"""
0:✊グー
1:✌チョキ
2:✋パー
""""""
タイトル = """"""
────────────────────────────────
✊✌✋ ジャンケンゲーム ✊✌✋
────────────────────────────────
""""""

while not 終了フラグ:
    ジャンケンゲーム実行()
    終了判定()

def ジャンケンゲーム実行():
    相手 = random.randint(0, 2)
    print(f""{タイトル}いざ勝負！{手説明}"")
    自分の手 = int(input(""どれを出す？ ""))
    状況 = f""{タイトル}自分は{手取得(自らの手)}、相手は{手取得(相手を)}\n""
    判定 = (self_hand - 相手 + 3) % 3
    if 判定 == 0:
        print(f""{状況}あいこです。"")
    elif 判定 == 1:
        global 得点
        得点 -= 1
        if 得点 <= 0:
            得点 = 0
        print(f""{状況}負け😭 -1点"")
    else:
        global 得点
        得点 += 3
        print(f""{状況}勝ち😀 +3点"")

def 終了判定():
    print(f""{タイトル}現在{得点}点。ゲームを続けますか？"")
    choice = input(""yes/no： "")
    if choice.lower() == ""no"":
        global 終了フラグ
        終了フラグ = True

def 手取得(番号):
    if 番号 == 0:
        return ""✊グー""
    elif 番号 == 1:
        return ""✌チョキ""
    else:
        return ""✋パー"""
gazou.nako3,"問題文：
画像のURLを指定して、画像を読み込むとともに、読み込んだ画像をそのまま描画し、指定された部分を切り出して描画するプログラムを作成してください。画像のURLは[0,0]に画像描画し、指定された部分は[80,0,80,80]に画像部分描画してください。","# 画像のURLを指定
画像URL=「https://n3s.nadesi.com/image.php?f=25.png」

# 読み込んだ横長の画像をそのまま描画 --- (*1)
画像URLを[0,0]に画像描画。

# 一部分(ネコの部分)を切り出して描画 --- (*2)
画像URLの[80,0,80,80]を[0,80,80,80]に画像部分描画。","import requests
from PIL import Image
import io

画像URL = ""https://n3s.nadesi.com/image.php?f=25.png""

# 画像の読み込み
response = requests.get(画像URL)
img = Image.open(io.BytesIO(response.content))

# 画像を[0,0]に描画
img.paste(img, (0, 0))

# 一部分(ネコの部分)を切り出して描画
part_img = img.crop((80, 0, 160, 80))
img.paste(part_img, (0, 80))"
goban.nako3,"問題文：
以下の条件で、指定された範囲内に縦線と横線を描画するプログラムを作成してください。

指定された範囲は、間隔が15で、盤幅は間隔の19倍です。縦線は1から19のX座標を指定し、横線は1から19のY座標を指定して、指定された範囲内に線を描画する必要があります。","# 設定を行う --- (*1)
間隔=15
盤幅=間隔×19
# 縦線のために繰り返す --- (*2)
Xを1から19まで繰り返す
　　# 実際の座標を計算して描画 --- (*3)
　　XX=間隔×X
　　[XX, 間隔]から[XX,盤幅]まで線描画
ここまで。
# 横線のために繰り返す --- (*4)
Yを1から19まで繰り返す
　　YY=間隔×Y
　　[間隔, YY]から[盤幅, YY]まで線描画
ここまで","interval = 15
board_width = interval * 19

for x in range(1, 20):
    xx = interval * x
    print(f""[{xx}, {interval}] [{xx}, {board_width}]"", end="" "")

print()

for y in range(1, 20):
    yy = interval * y
    print(f""[{interval}, {yy}] [{board_width}, {yy}]"", end="" "")"
goukei.nako3,"問題文：
商品の合計金額を計算してください。商品の金額は300円、210円、800円、600円の4種類があります。各商品の個数を0から3までの範囲で指定し、合計金額を計算してください。合計金額を表示してください。","商品一覧＝[300,210,800,600]
合計金額＝0
Nを0から3まで繰り返す
　　合計金額＝合計金額＋商品一覧[N]
ここまで。
「合計は{合計金額}円です。」と表示。","商品 = [300, 210, 800, 600]
合計 = 0
for N in range(4):
    合計 += 商品[N]
print(f""合計は{合計}円です。"")"
goukei2.nako3,"問題文：
小売店の売上金額を計算するプログラムを作成してください。まず、商品の個数を決める必要があります。商品の個数を決め、商品の金額を以下のリストに記述してください。商品の金額は300円、210円、800円、600円です。商品の個数を商品の金数に代入し、合計金額を0から商品の個数までの間で繰り返し、各商品の金額を加算します。最後に、合計金額を表示してください。合計は{合計金額}円です。","商品一覧＝[300,210,800,600]
商品一覧の要素数を商品個数に代入。# --- (*1)
合計金額＝0
Nを0から(商品個数-1)まで繰り返す # --- (*2)
　　合計金額＝合計金額＋商品一覧[N]
ここまで。
「合計は{合計金額}円です。」と表示。","商品 = [300, 210, 800, 600]
n = len(商品) # (*1)
total = 0
for i in range(n): # (*2)
    total += 商品[i]
print(f""合計は{total}円です。"")"
guruguru.nako3,"問題文：
カメを創造し、以下の手順を30回繰り返してください。各回の手順は、カメをWだけ進ませた後、90だけ右回転させ、WをW+10します。","W=10
カメ作成
30回繰り返す
　　Wだけカメ進む
　　90だけカメ右回転
　　W=W+10 # --- (*1)
ここまで。","W = 10

for _ in range(30):
    for _ in range(W):
        print('>', end='')
    print()
    for _ in range(90):
        print('R', end='')
    W += 10"
guruguru2.nako3,"問題文：
カメを創造し、以下の要件に基づいて動作を実現してください。

カメの初速は3です。1回の動作では、カメの速度を1だけ上げてから、200回繰り返します。各回の動作では、カメを3だけ進め、次に360を12で割った値だけ右回転させます。カメの速度は、各回の動作後1ずつ増加します。","W=3
カメ作成
1にカメ速度設定
200回繰り返す
　　Wだけカメ進む
　　360÷12だけカメ右回転
　　W=W+1
ここまで。","W = 3

# カメの初期位置と速度を設定
x, y = 0, 0
speed = 1

# 200 回繰り返す
for _ in range(200):
    # W を進む
    x += W
    
    # 360 を 12 で割った値だけ右回転する
    turn = 360 // 12
    y += turn
    
    # 速度を 1 増やす
    speed += 1

print(x, y)"
gusu_kisu.nako3,"問題文：
与えられた整数Nが与えられた場合、Nを2で割った余りが0ならば「偶数」と表示し、違えば「奇数」と表示するプログラムを書いてください。","N=11
もし、(N%2)が0ならば
　　「偶数」と表示。
違えば
　　「奇数」と表示
ここまで。","N = int(input())

if N % 2 == 0:
    print(""偶数"")
else:
    print(""奇数"")"
hairetu.nako3,"問題文：
以下のリストAの要素を表示してください。Aの0番目と2番目の要素を順に表示し、最後にその結果を出力してください。

（中級）","A = [30, 50, 80, 50]
A[0]を表示。
A[2]を表示。","print(A[0])
print(A[2])"
hairetu2.nako3,"問題文：
二次元配列を用いて、5x3の迷路を表現してください。迷路には、各マスに0から34までの整数がランダムに割り当てられています。指定されたマスを表示するプログラムを、0から始まる一次元のインデックスを用いて作成してください。指定されたマスは、迷路の左上から右下に進む方向で指定します。例えば、迷路の左上のマスは迷路[0][0]、右下のマスは迷路[2][4]です。指定されたマスを表示するプログラムを、指定されたマスを表示する順に、出力してください。

（中級）","# 二次元配列変数を宣言
迷路=[
  [10,11,12,13,14],
  [20,21,22,23,24],
  [30,31,32,33,34]
]
# 二次元配列変数を参照
迷路[0][0]を表示 # → 10
迷路[1][2]を表示 # → 22
迷路[2][0]を表示 # → 30","import random

# 5x3の迷路を作成
迷路 = [[random.randint(0, 34) for _ in range(5)] for _ in range(3)]

# 指定されたマスを表示するプログラム
for i in range(3):
    for j in range(5):
        print(f""迷路[{i}][{j}] = {迷路[i][j]}"")"
hairetuketugou.nako3,"問題文:
以下の配列を「-」で結合して表示するプログラムを作成してください。配列は三つの要素からなり、各要素は四桁の数字からなる文字列です。","A = [""080"", ""1111"", ""2222""]
Aを「-」で配列結合して表示。","A = [""080"", ""1111"", ""2222""]
print(""-"".join(A))"
hairetusousa.nako3,"問題文：
小さい配列を操作してみよう。配列変数Aを作成し、初期値として[0,1,2]を代入してください。次に、配列に3と4を追加し、内容を確認するために配列を「-」で結合して表示してください。続いて、配列から要素を削除する操作を行い、削除した要素が正しく消えているかを確認するために、配列を「-」で結合して表示してください。","# 配列変数を作る
A = [0,1,2]
# 配列追加で値を追加 --- (*1)
Aに3を配列追加。
Aに4を配列追加。
# 内容を確認 --- (*2)
Aを「-」で配列結合して表示。
# 配列削除で値を削除 --- (*3)
Aの3を配列削除。
# 内容を確認 --- (*4)
Aを「-」で配列結合して表示。","A = [0,1,2]
A.append(3)
A.append(4)
print('-'.join(map(str,A)))
A.remove(3)
print('-'.join(map(str,A)))"
hairetu_dainyu.nako3,"問題文：
問題文：
Aというリストに、30、50、80、50の要素が入っています。0から数えて2番目の要素を、100に書き換えてください。次に、書き換えた要素を表示してください。","A = [30, 50, 80, 50]
# (0から数えて)2番目の要素を書き換える
A[2] = 100
A[2]を表示。","A = [30, 50, 80, 50]
A[1] = 100
print(A[1])"
hairetu_kurikaesi.nako3,"問題文：
点数一覧を表示するプログラムを、0から3の範囲でNを繰り返し実行してください。点数一覧は、30、50、80、120の順で表示する必要があります。","点数一覧 = [30, 50, 80, 120]
Nを0から3まで繰り返す
　　点数一覧[N]を表示。
ここまで。","for N in range(4):
    print(point_list[N])"
hanpuku_2waribiki.nako3,"問題文：
商品の値段を2割引して表示してください。商品は、超絶カレー、激うまハンバーグ、鳥ハムサラダ、寿司にぎり12貫の4つで、各商品の名前、値段、業者は以下の通りです。名前、値段、業者を商品のリストで管理し、各商品の値段を2割引して、名前、元の値段、割引後を表示するプログラムを書いてください。","# 商品一覧を初期化
商品一覧 = [
    {""名前"": ""超絶カレー"", ""値段"": 450, ""業者"": ""A食品""},
    {""名前"": ""激うまハンバーグ"", ""値段"": 680, ""業者"": ""B食品""},
    {""名前"": ""鳥ハムサラダ"", ""値段"": 380, ""業者"": ""B食品""},
    {""名前"": ""寿司にぎり12貫"", ""値段"": 1300, ""業者"": ""店内""}
]

# 商品全品2割引にして表示
商品一覧を反復
　　名前＝対象＠「名前」
　　値段＝対象＠「値段」
　　割引後＝(値段×0.8)を切捨。 # --- (*1)
　　「{名前}は{値段}円→{割引後}円です。」と表示。
ここまで。","商品一覧 = [
    {""名前"": ""超絶カレー"", ""値段"": 450, ""業者"": ""A食品""},
    {""名前"": ""激うまハンバーグ"", ""値段"": 680, ""業者"": ""B食品""},
    {""名前"": ""鳥ハムサラダ"", ""値段"": 380, ""業者"": ""B食品""},
    {""名前"": ""寿司にぎり12貫"", ""値段"": 1300, ""業者"": ""店内""}
]

for item in 商品一覧:
    name = item[""名前""]
    price = item[""値段""]
    discount_price = int(price * 0.8)
    print(f""{name}は{price}円→{discount_price}円です。"")"
hanpuku_hairetu.nako3,"問題文：
以下の要件を満たすプログラムを書いてください。具体的には、4つの要素をもつリストを定義し、各要素の値を表示するプログラムを書いてください。リストの要素の初期化は、数字を指定してください。","# 変数Aの内容を初期化
A = [30, 50, 20, 80]

# Aの各要素を全て表示
Aを反復
　　対象を表示。
ここまで。","A = [30, 50, 20, 80]
for i in A:
    print(i)"
hanpuku_jisyo.nako3,"問題文：
あるキャラクターのステータスを表す辞書を定義し、初期化してください。辞書には「体力」、「知力」、「素早さ」の3つの要素を含めます。次に、定義した辞書の各要素を全て表示するプログラムを書いてください。各要素は「{対象キー}: {対象}」という形式で出力するようにしてください。","# 変数Dの内容を初期化
D = {""体力"": 30, ""知力"": 20, ""素早さ"": 25}

# 変数Dの各要素を全て表示
Dを反復
　　「{対象キー}: {対象}」を表示。
ここまで。","D = {""体力"": 30, ""知力"": 20, ""素早さ"": 25}

for key, value in D.items():
    print(f""{key}: {value}"")"
hanpuku_syouhin.nako3,"問題文：
商品の名前と値段を表示するプログラムを作成してください。商品は事前に定義された商品一覧から取得し、各商品の名前と値段を取り出して「{名前}は{値段}円です。」と表示するようにしてください。","# 商品一覧を初期化
商品一覧 = [
    {""名前"": ""超絶カレー"", ""値段"": 450, ""業者"": ""A食品""},
    {""名前"": ""激うまハンバーグ"", ""値段"": 680, ""業者"": ""B食品""},
    {""名前"": ""鳥ハムサラダ"", ""値段"": 380, ""業者"": ""B食品""},
    {""名前"": ""寿司にぎり12貫"", ""値段"": 1300, ""業者"": ""店内""}
]

# 商品の名前と値段だけを取り出して表示
商品一覧を反復
　　名前＝対象＠「名前」
　　値段＝対象＠「値段」
　　「{名前}は{値段}円です。」と表示。
ここまで。","# 商品のリストを作成
products = [
    {""name"": ""超絶カレー"", ""price"": 450, ""company"": ""A食品""},
    {""name"": ""激うまハンバーグ"", ""price"": 680, ""company"": ""B食品""},
    {""name"": ""鳥ハムサラダ"", ""price"": 380, ""company"": ""B食品""},
    {""name"": ""寿司にぎり12貫"", ""price"": 1300, ""company"": ""店内""}
]

# 商品の名前と値段を表示
for product in products:
    print(f""{product['name']}は{product['price']}円です。"")"
hello.nako3,"問題文：
指定された文字列を画面に表示するプログラムを作成してください。表示する文字列は日本語の挨拶で、文字列の種類は文字、文字列、シングルクォーテーションで囲まれた文字列、ダブルクォーテーションで囲まれた文字列の4種類を用意してください。","「こんにちは」と表示。
『こんにちは』と表示。 
""こんにちは""と表示。
'こんにちは'と表示。","print(""こんにちは"")
print('こんにちは')
print('''こんにちは''')
print(""""\""こんにちは\"""")"
hensu-warikan.nako3,"問題文：
人数の参加者で食事をします。カレーは950円、天ソバは1200円、ハンバーグは1100円です。食事の合計金額を計算し、人数で割り勘した金額を表示してください。","# 変数の定義
カレーは950
天ソバは1200
ハンバーグは1100
人数は10

# 割り勘の計算
合計金額＝(カレー×3)＋(天ソバ×2)＋(ハンバーグ×5)
割勘金額＝合計金額÷人数

割勘金額を表示。","# 変数の定義
curry_price = 950
tenso_ba_price = 1200
hamburger_price = 1100
number_of_people = 10

# 割り勘の計算
total_cost = (3 * curry_price) + (2 * tenso_ba_price) + (5 * hamburger_price)
share_cost = total_cost / number_of_people

print(share_cost)"
hensu.nako3,"問題文：
ある商品の値段を変数に代入し、次にその値段を表示するプログラムを作成してください。","# 値を変数に代入
値段は300

# 変数の値を参照
値段を表示。","price = 300
print(price)"
hensu_kurikaesu.nako3,"問題文：
Nを1から5まで繰り返し、各回で「🐟が{N}匹」と表示するプログラムを作成してください。","Nを1から5まで繰り返す
　　「🐟が{N}匹」と表示。
ここまで。","for N in range(1, 6):
    print(f""🐟が{N}匹"")"
hozon.nako3,"問題文：
相談を通じて計画が成功するという重要な事実を、格言として保存するプログラムを書いてください。格言を保存が完了した後、「ブラウザに保存しました」というメッセージを表示してください。","データは「相談によって計画は成功する」
データを「格言」に保存。
「ブラウザに保存しました」と表示。","print(""相談によって計画は成功する"")
with open(""格言.txt"", ""w"") as f:
    f.write(""相談によって計画は成功する"")
print(""ブラウザに保存しました"")"
hyoji.nako3,"問題文：
ある整数を入力し、12345と表示してください。",12345と表示,print(12345)
if_kcal.nako3,"問題文：
あるプログラムを完成させるために、以下の作業をしてください。年齢を尋ね、年齢に応じて男性と女性の推奨カロリーを表示するプログラムを完成させるには、まず、年齢を入力してください。次に、年齢が12未満の場合には「すみません、範囲以外です。」と表示し、年齢が14以下の場合には「男性は2600、女性は2400kcal」と表示します。年齢が17以下の場合には「男性は2800、女性は2300kcal」と表示し、年齢が29以下の場合には「男性は2650、女性は2000kcal」と表示します。年齢が49以下の場合には「男性は2700、女性は2050kcal」と表示し、年齢が64以下の場合には「男性は2600、女性は1950kcal」と表示します。年齢が64を超える場合には「すみません、範囲外です。」と表示してください。","# 年齢を尋ねる --- (*1)
「年齢は？」と尋ねて年齢に代入。

# 「もし」文で順に条件を判定 --- (*2)
もし、年齢が12未満ならば
　　「すみません、範囲以外です。」と表示。
違えば、もし年齢が14以下ならば
　　「男性は2600、女性は2400kcal」と表示。
違えば、もし年齢が17以下ならば
　　「男性は2800、女性は2300kcal」と表示。
違えば、もし年齢が29以下ならば
　　「男性は2650、女性は2000kcal」と表示。
違えば、もし年齢が49以下ならば
　　「男性は2700、女性は2050kcal」と表示。
違えば、もし年齢が64以下ならば
　　「男性は2600、女性は1950kcal」と表示。
違えば
　　「すみません、範囲外です。」と表示。
ここまで。","age = int(input(""年齢は？""))

if age < 12:
    print(""すみません、範囲以外です。"")
elif age <= 14:
    print(""男性は2600、女性は2400kcal"")
elif age <= 17:
    print(""男性は2800、女性は2300kcal"")
elif age <= 29:
    print(""男性は2650、女性は2000kcal"")
elif age <= 49:
    print(""男性は2700、女性は2050kcal"")
elif age <= 64:
    print(""男性は2600、女性は1950kcal"")
else:
    print(""すみません、範囲外です。"")"
ima.nako3,"### 

問題文
（中級）",今を表示。,print(now())
inch_cm.nako3,"問題文：
与えられたインチの値を尋ね、インチに代入し、センチメートルに換算して出力してください。センチメートルはインチの2.54倍です。インチとセンチメートルの関係を示す文章を出力してください。","「何インチですか？」と尋ねてインチに代入。
センチ＝インチ×2.54
「{インチ}インチは、{センチ}センチです。」と言う。","inch = float(input(""何インチですか？""))
centi = inch * 2.54
print(f""{inch}インチは、{centi:.2f}センチです。"")"
iromaze_ironuri.nako3,"問題文：
描画プログラムを作成してください。太さ10の線で、色は赤と青を混ぜた色を設定し、塗りつぶしは青色を設定してください。次に、中心座標(150,150)に半径130の円を描画してください。","10に線太さ設定。
[255,0,0]の色混ぜして、塗色設定。
[0,0,255]の色混ぜして、線色設定。
[150,150]に130の円描画。","import turtle

turtle.pensize(10)
turtle.fillcolor((0, 0, 255))
turtle.pencolor(((255, 0, 0) + (0, 0, 255)) / 2)
turtle.begin_fill()
turtle.circle(130)
turtle.end_fill()

turtle.penup()
turtle.goto(-150, -150)
turtle.pendown()

turtle.done()"
janken_if.nako3,"問題文：
自分と相手の手の数字を入力してください。0がグー、1がチョキ、2がパーを表します。自分と相手の手でジャンケン判定を行い、結果を表示してください。","＃ジャンケンの手と勝敗を数値で定義
グー＝0。チョキ＝1。パー＝2。
あいこ＝0。負け＝1。勝ち＝2。

＃自分と相手の手を指定 --- (*1)
グーとチョキでジャンケン判定して勝敗表示。

●(自分と相手で)ジャンケン判定とは
　　もし、自分＝相手ならば、それはあいこ。
　　もし、自分がグーならば
　　　　もし、相手がチョキならば、それは勝ち。
　　　　もし、相手がパーならば、それは負け。
　　ここまで。
　　もし、自分がチョキならば
　　　　もし、相手がパーならば、それは勝ち。
　　　　もし、相手がグーならば、それは負け。
　　ここまで。
　　もし、自分がパーならば
　　　　もし、相手がグーならば、それは勝ち。
　　　　もし、相手がチョキならば、それは負け。
　　ここまで。
ここまで。

●（N）の勝敗表示とは
　　もし、N＝0ならば「あいこ」と表示。
　　もし、N＝1ならば「負け」と表示。
　　もし、N＝2ならば「勝ち」と表示。
ここまで。","def janken(self, my_hand, opponent_hand):
    if my_hand == opponent_hand:
        return 0
    elif (my_hand == 0 and opponent_hand == 1) or \
         (my_hand == 1 and opponent_hand == 2) or \
         (my_hand == 2 and opponent_hand == 0):
        return 2
    else:
        return 1

def print_result(result):
    if result == 0:
        print(""あいこ"")
    elif result == 1:
        print(""負け"")
    else:
        print(""勝ち"")

my_hand = int(input(""自分: ""))
opponent_hand = int(input(""相手: ""))

result = janken(my_hand, opponent_hand)
print_result(result)"
jikanapi.nako3,"問題文：
現在時刻を表示するプログラムを作成してください。指定されたAPIのURLを使用して、APIにアクセスし、受信したデータを元に「現在時刻：{対象}」を表示するようにしてください。APIのURLは「https://api.aoikujira.com/time/get.php」で、APIにアクセスする際にはAjaxを使用してください。","# 時間APIのURLを指定 --- (*1)
APIは「https://api.aoikujira.com/time/get.php」

# AjaxでAPIにアクセス --- (*2)
APIからAJAX受信した時には
　　「現在時刻：{対象}」を表示。
ここまで。","import requests

def get_current_time():
    url = ""https://api.aoikujira.com/time/get.php""
    response = requests.get(url)
    if response.status_code == 200:
        data = response.json()
        return f""現在時刻：{data['time']}""
    else:
        return ""APIに接続できませんでした""

print(get_current_time())"
jikan_keisan.nako3,"問題文：
物件までの所要時間を計算してください。距離は500メートルで、分速は80メートルです。所要時間は距離を分速で割ることで計算できます。計算した所要時間が5分以下かどうかを判定し、条件に合致するかどうかを表示してください。","# 物件までの所要時間を計算
距離＝500
分速=80
所要時間＝距離÷分速

# 条件を判定
もし、所要時間が5以下ならば
　　「{所要時間}分なので条件に合致してます。」と表示。
違えば
　　「{所要時間}分なので不合格です。」と表示。
ここまで。","距離 = 500
分速 = 80
所要時間 = 距離 / 分速

if 所要時間 <= 5:
    print(f""{所要時間}分なので条件に合致しています。"")
else:
    print(f""{所要時間}分なので不合格です。"")"
jinkou_graph.nako3,"問題文：
人口推移のデータを分析し、西暦年ごとの総人口を線グラフで描画するプログラムを作成してください。使用するデータは、西暦年とその年の総人口の情報が入力されたCSVファイルです。作成するグラフは、西暦年を横軸、総人口を縦軸とした線グラフで、人口の推移を可視化してください。","# 人口推移のデータ --- (*1)
人口推移データは「西暦年,総人口
2011年,127834233
2012年,127592657
2013年,127413888
2014年,127237150
2015年,127094745
2016年,126932772
2017年,126706210
2018年,126443180
2019年,126166948
2020年,125708382」

# グラフを描画 --- (*2)
人口推移データをCSV取得。
それの線グラフ描画。","import csv
import matplotlib.pyplot as plt

# 人口推移データ読み込み
population_data = """"""西暦年,総人口
2011年,127834233
2012年,127592657
2013年,127413888
2014年,127237150
2015年,127094745
2016年,126932772
2017年,126706210
2018年,126443180
2019年,126166948
2020年,125708382""""""

# CSV形式の文字列をリストに変換
population_data_list = [row.split(',') for row in population_data.strip().split('\n')[1:]]

# 年と人口を抽出
years = [int(row[0].replace('年', '')) for row in population_data_list]
populations = [int(row[1]) for row in population_data_list]

# グラフ描画
plt.plot(years, populations)
plt.xlabel('西暦年')
plt.ylabel('総人口')
plt.title('人口推移グラフ')
plt.show()"
jisyo.nako3,"問題文：
国語点数を管理するプログラムを作成してください。国語点数は三菱が80点、豊田が73点、鈴木が59点で初期化します。鈴木さんの国語点数を表示してください。","# 辞書型変数を初期化
国語点数 = {
　　「三菱」: 80,
　　「豊田」: 73,
　　「鈴木」: 59
}

# 鈴木さんの点数を表示
国語点数＠「鈴木」を表示。","# 辞書型変数を初期化
国語点数 = {
    ""三菱"": 80,
    ""豊田"": 73,
    ""鈴木"": 59
}

# 鈴木さんの点数を表示
print(国語点数[""鈴木""])"
jisyo_dainyu.nako3,"問題文：
国語点数の辞書型変数を初期化し、既に定義されている「三菱」と「豊田」には80点と73点を、また新たに「鈴木」には66点を加える。次に、国語点数の「鈴木」に対応する点数を表示してください。","# 辞書型変数を初期化
国語点数 = {「三菱」: 80,「豊田」: 73,「鈴木」: 59}

# 点数を修正
国語点数＠「鈴木」＝66
# 鈴木さんの点数を表示
国語点数＠「鈴木」を表示。","# 辞書型変数を初期化
国語点数 = {""三菱"": 80, ""豊田"": 73, ""鈴木"": 59}

# 点数を修正
国語点数[""鈴木""] = 66

# 鈴木さんの点数を表示
print(国語点数[""鈴木""])"
jisyo_ninki.nako3,"問題文：
以下の条件に基づいて、指定されたデータを処理するプログラムを書いてください。

指定されたデータは、複数の候補から投票された結果を表す文字列で、各候補の投票数を集計し、各候補の投票数を表示するプログラムを書いてください。指定されたデータは「C,B,A,B,B,B,C,B,B,A,C,B,C,B,B」となります。","# アンケートのデータ --- (*1)
対象データは「C,B,A,B,B,B,C,B,B,A,C,B,C,B,B」

# 配列に変換 --- (*2)
対象データを「,」で区切って対象配列に代入。

# 辞書型変数を初期化 --- (*3)
得票辞書は{""A"":0, ""B"":0, ""C"":0}

# 繰り返す文で連続処理 --- (*4)
Nで0から((対象配列の要素数)-1)まで繰り返す
　　誰＝対象配列[N]
　　得票辞書＠誰＝得票辞書＠誰＋1
ここまで。

# 結果を表示 --- (*5)
「A: {得票辞書@""A""}票」を表示。
「B: {得票辞書@""B""}票」を表示。
「C: {得票辞書@""C""}票」を表示。","data = ""C,B,A,B,B,B,C,B,B,A,C,B,C,B,B""
candidates = data.split("","")

voting_dict = {""A"": 0, ""B"": 0, ""C"": 0}

for i in range(len(candidates)):
    candidate = candidates[i]
    voting_dict[candidate] += 1

print(f""A: {voting_dict['A']}票"")
print(f""B: {voting_dict['B']}票"")
print(f""C: {voting_dict['C']}票"")"
jisyo_rekkyo.nako3,"問題文：
作成してください。半径辞書に含まれる惑星名をキーにした辞書を宣言し、半径辞書のキーを列挙し、惑星名とその半径を表示するプログラムを書いてください。","# 辞書型変数を宣言
半径辞書 = {
　　「太陽」:696000,
　　「地球」:6371,
　　「木星」:69911,
　　「土星」:58232	,
　　「火星」:3390,
}
# 半径辞書の一覧を表示
半径辞書の辞書キー列挙して表示。","半径辞書 = {
    ""太陽"":696000,
    ""地球"":6371,
    ""木星"":69911,
    ""土星"":58232,
    ""火星"":3390,
}

for key in 半径辞書:
    print(key, 半径辞書[key])"
jisyo_sonzai.nako3,"問題文：
以下の点数辞書に基づいて、指定された名前の点数を表示するプログラムを作成してください。

点数辞書は、企業名とその点数を対応付けた辞書型変数で、初期化された状態で与えられます。プログラムは、指定された名前が点数辞書のキーに存在するかどうかを確認し、存在する場合は点数を表示、存在しない場合は「存在しない」と表示する必要があります。作成するプログラムは、指定された名前が「鈴木」さんと「日村」さんの2名分を確認する必要があります。

（中級）","# 辞書型変数を初期化
点数辞書 = {「三菱」: 80,「豊田」: 73,「鈴木」: 59}

# 鈴木さんを確認
もし、点数辞書に「鈴木」が辞書キー存在するならば
　　「鈴木さん: {点数辞書＠『鈴木』}点」と表示。
違えば
　　「鈴木さん: 存在しない」と表示。
ここまで。
# 日村さんを確認
もし、点数辞書に「日村」が辞書キー存在するならば
　　「日村さん: {点数辞書＠『日村』}点」と表示。
違えば
　　「日村さん: 存在しない」と表示。
ここまで。","点数辞書 = {""三菱"": 80, ""豊田"": 73, ""鈴木"": 59}

if ""鈴木"" in 点数辞書:
    print(""鈴木さん: {}点"".format(点数辞書[""鈴木""]))
else:
    print(""鈴木さん: 存在しない"")

if ""日村"" in 点数辞書:
    print(""日村さん: {}点"".format(点数辞書[""日村""]))
else:
    print(""日村さん: 存在しない"")"
jisyo_tuki.nako3,"問題文：
以下の和風月名を使用し、旧暦の月名を入力し、和風月名の辞書型変数から月名を特定し、月名に対応する月を表示してください。和風月名を入力し、入力された月名の和風月名を特定し、特定された和風月名に対応する月を出力してください。和風月名の辞書型変数に定義された月名と対応する月を出力してください。和風月名の辞書型変数に定義された月名を全て出力し、入力された月名が和風月名の辞書型変数に定義された月名かどうかを判定し、定義されていたら和風月名の辞書型変数に定義された月名に対応する月を出力し、定義されていなければ「和風月名の辞書型変数に定義されていない月名です。」と表示してください。

（中級）","# 旧暦の月名を辞書型変数で定義
和風月名 = {
  ""睦月"": ""1月"", ""如月"": ""2月"", ""弥生"": ""3月"", 
  ""卯月"": ""4月"", ""皐月"": ""5月"", ""水無月"": ""6月"", 
  ""文月"": ""7月"", ""葉月"": ""8月"", ""長月"": ""9月"", 
  ""神無月"": ""10月"", ""霜月"": ""11月"", ""師走"": ""12月""
}

# 月名の入力を得る
「旧暦の月名は？」と尋ねて月名に代入。

# 辞書型変数「和風月名」から何月かを得る
答え＝和風月名＠月名
「{月名}は{答え}です。」と表示。","# 旧暦の月名を辞書型変数で定義
yuki_name = {
  ""睦月"": ""1月"", ""如月"": ""2月"", ""弥生"": ""3月"", 
  ""卯月"": ""4月"", ""皐月"": ""5月"", ""水無月"": ""6月"", 
  ""文月"": ""7月"", ""葉月"": ""8月"", ""長月"": ""9月"", 
  ""神無月"": ""10月"", ""霜月"": ""11月"", ""師走"": ""12月""
}

# 月名の入力を得る
month_name = input(""旧暦の月名は? "")

# 辞書型変数「yuki_name」から何月かを得る
if month_name in yuki_name:
    print(f""{month_name}は{yuki_name[month_name]}です。"")
else:
    print(""和風月名の辞書型変数に定義されていない月名です。"")

# 和風月名の辞書型変数に定義された月名と対応する月を出力
print(""和風月名\t旧暦の月名"")
for yuki, month in yuki_name.items():
    print(f""{yuki}\t{month}"")"
junjo.nako3,"問題文：
小学生の計算問題を出力するプログラムを作成してください。出力する計算式は「2＋3×4」で、計算結果を表示してください。",2＋3×4を表示。,print(2+3*4)
kaimono.nako3,"問題文：
小売店の支払金額を計算してください。ミニカーの値段は550円、カードゲームは1200円、ラジコンは8900円です。各商品の購入個数は、ミニカーが3個、カードゲームが4個、ラジコンが1個です。割引率は0.3です。合計金額を計算し、割引を適用した支払金額を表示してください。","# 変数の宣言 --- (*1)
ミニカーは550
カードゲームは1200
ラジコンは8900
割引率は0.3

# 支払金額を計算 --- (*2)
合計金額＝（ミニカー×3）＋（カードゲーム×4）＋（ラジコン×1）
支払金額＝合計金額×(1 - 割引率)
支払金額を表示。","# 定数の定義
MINICAR_PRICE = 550
CARD_GAME_PRICE = 1200
RADICON_PRICE = 8900
DISCOUNT_RATE = 0.3

# 支払金額を計算
total_amount = (MINICAR_PRICE * 3) + (CARD_GAME_PRICE * 4) + RADICON_PRICE
payment_amount = total_amount * (1 - DISCOUNT_RATE)

# 支払金額を表示
print(payment_amount)"
kakugen.nako3,"問題文：
あるプログラムを作成してください。入力された回数分、メッセージを出力し、指定回数分繰り返し実行するプログラムです。メッセージは「義なる者はたとえ七度倒れても必ず立ち上がる」で、回数は入力することができます。",「義なる者はたとえ七度倒れても必ず立ち上がる」と表示,"n = int(input())
for i in range(n):
    print(""義なる者はたとえ七度倒れても必ず立ち上がる"")"
kakugen_kaigyo.nako3,"問題文：
塔を建てようと思ったら、まず座って費用を計算してみてください。完成させるだけのものを持っているかどうかを確かめるのではないでしょうか。","L1＝「塔を建てようと思う場合まず座って費用を計算して{改行}」
L2＝「完成させるだけのものを持っているかどうか{改行}」
L3＝「確かめるのではないでしょうか。」
L1 & L2 & L3を表示。","print(""塔を建てようと思う場合まず座って費用を計算して"")
print(""完成させるだけのものを持っているかどうか"")
print(""確かめるのではないでしょうか。"")"
kakugen_kaigyo2.nako3,"問題文：
塔を建てようと思ったら、まず座って費用を計算して、完成させるだけのものを持っているかどうか確かめるのです。費用の計算は、塔の高さと基礎の直径を基に、材料費や人件費を加算して行います。塔の高さは、設計図に記載された数値を使用し、基礎の直径は、設計図に記載された数値を使用します。材料費は、塔の高さと基礎の直径を基に、計算式を用いて算出します。人件費は、設計図に記載された人数を基に、計算式を用いて算出します。計算結果が予算内に収まっているかどうかを確認し、予算内に収まっていれば、塔を建てる準備を進めることができます。塔を建てる準備が完了したら、塔の建設を開始します。塔の建設は、設計図に記載された手順に従って行います。設計図に記載された手順に従って、塔の基礎、塔の本体、塔のてっぺんを順に建設します。塔の建設が完了したら、塔の完成です。完成した塔は、設計図に記載された通りの高さと形状を有しています。費用は、設計図に記載された通りの金額を使用します。

（中級）","「塔を建てようと思う場合まず座って費用を計算して
完成させるだけのものを持っているかどうか
確かめるのではないでしょうか。」を表示。","print(""塔を建てようと思う場合まず座って費用を計算して、完成させるだけのものを持っているかどうか確かめるのではないでしょうか。"")"
kame-test.nako3,"問題文：
カメを動かすプログラムを作成してください。カメは、100だけ進むと同時に90だけ右回転します。","カメ作成。
100だけカメ進む。
90だけカメ右回転。
100だけカメ進む。
90だけカメ右回転。
100だけカメ進む。
90だけカメ右回転。
100だけカメ進む。","def move_turtle(steps, turns):
    for _ in range(steps):
        print(""カメは 100 単位進んだ"")
        print(""カメは 90 度右に回転した"")

move_turtle(4, 4)"
kame-z.nako3,"問題文：
カメを進めるプログラムを書いてください。カメは、90度右回転してから進み、次に135度右回転してから進む、という動作を繰り返します。進む距離は、90、100、135、150、225、100の順に指定された値を使用します。","カメ作成。
90だけカメ右回転。
100だけカメ進む。
135だけカメ右回転。
150だけカメ進む。
225だけカメ右回転。
100だけカメ進む。","import turtle

# カメのオブジェクトを作成
kame = turtle.Turtle()

# 90度右回転してから進む
kame.right(90)
kame.forward(90)

# 135度右回転してから進む
kame.right(135)
kame.forward(100)

# 225度右回転してから進む
kame.right(225)
kame.forward(150)

# 90度右回転してから進む
kame.right(90)
kame.forward(135)

# 135度右回転してから進む
kame.right(135)
kame.forward(100)

turtle.done()"
kansu_kakezan.nako3,"問題文：
ある数値と別の数値を掛け算し、結果を表示するプログラムを書いてください。具体的には、2と3を掛け算し、次に5と10を掛け算し、最後に9と3を掛け算して、各結果を順番に表示してください。","# 関数を定義 --- (*1)
●(AにBを)掛け算処理とは
　　それはA×B。
ここまで

# 関数を使う --- (*2)
2に3を掛け算処理して表示。
5に10を掛け算処理して表示。
9に3を掛け算処理して表示。","def かけ算処理(A, B):
    return A * B

print(かけ算処理(2, 3))
print(かけ算処理(5, 10))
print(かけ算処理(9, 3))"
kansu_nibai.nako3,"問題文：
二倍処理を実行するプログラムを作成してください。二倍処理とは、与えられた数値を2で割り算することです。例えば、2を二倍処理すると4になり、3を二倍処理すると6になります。指定された数値を二倍処理し、結果を表示するプログラムを完成してください。","# 関数を定義 --- (*1)
●(Nを)二倍処理とは
　　それはN×2。
ここまで

# 関数を使う --- (*2)
2を二倍処理して表示。
3を二倍処理して表示。
5を二倍処理して表示。","def nido_bai(N):
    return N * 2

print(nido_bai(2))
print(nido_bai(3))
print(nido_bai(5))"
keisan.nako3,"問題文：
与えられた四則演算の式を順に実行し、各結果を表示してください。","20+30を表示。
30-10を表示。
3×5を表示。
20÷4を表示。","print(20 + 30)
print(30 - 10)
print(3 * 5)
print(20 / 4)"
keisan2.nako3,"問題文：
ある数値を足し算と掛け算の組み合わせで表示してください。具体的には、指定された数値の足し算と掛け算を実行し、その結果を表示するプログラムを書いてください。足し算と掛け算の順序は指定されていないため、どちらを先に行うかはプログラムの設計次第です。計算結果を出力する際は、計算式と結果を明確に区別して表示してください。","2+3×4を表示。
(2+3)×4を表示。","def calc(num1, num2):
    print(f""({num1} + {num2}) × 4 = {(num1 + num2) * 4}"")
    print(f""{num1} + ({num2} × 4) = {num1} + (4 * {num2})"")

calc(2, 3)"
keisan3.nako3,"問題文：
与えられた式の計算結果を出力してください。まず、(1+2)と(3+4)の部分を計算し、その結果を掛け算して得られた値を表示した後、100を(2+8)で定義された式で割った結果を表示してください。","(1+2)×(3+4)を表示。
100÷(2+8)を表示。","print((1+2)*(3+4))
print(100/(2+8))"
keyboard.nako3,"問題文:
次のプログラムを実行してください。プログラムは、キー入力待ちの状態になります。キーを押してみてください。キーを押すと、押したキーが表示されます。例えば、ドキュメントのキーを押した時には、「キー押した時: DOCUMENT」が表示されます。","「キーを押してみてください」と表示。
DOCUMENTのキー押した時には
　　「キー押した時: {押したキー}」を表示。
ここまで。","import sys

print(""キーを押してみてください"")

while True:
    key = sys.stdin.read(1)
    if key == ""D"":
        print(""キー押した時: DOCUMENT"")
    # ここに他のキーに対応する処理を追加します。"
kikagaku36.nako3,"問題文：
カメを動かして、指定された速度で進ませてください。速度は1回の動作で36回分の動きを指定します。六角形を描くために、6回の繰り返し動作をします。各回の動作では、カメを100だけ進ませてから、360度を6で割った分だけ右回転させてください。","カメ作成。
1にカメ速度設定。
36回
　　六角形描画
　　10だけカメ右回転。
ここまで。

●六角形描画とは
　　6回繰り返す
　　　　100だけカメ進む
　　　　(360÷6)だけカメ右回転。
　　ここまで。
ここまで。","import turtle

# カメを作成
t = turtle.Turtle()

# 速度を設定
t.speed(1)

# 六角形描画
for _ in range(6):
    for _ in range(36):
        t.forward(100)
        t.right(360 // 6)"
kodomo_ryokin.nako3,"問題文：
指定された年齢を入力してください。年齢は9歳です。年齢が6以上かつ12未満の場合、料金は「こども料金」、それ以外の場合には「おとな料金」と表示してください。","年齢＝9
もし、(年齢が6以上)かつ(年齢が12未満)ならば
　　「こども料金」と表示。
違えば
　　「おとな料金」と表示。
ここまで。","年齢 = 9

if (年齢 >= 6) and (年齢 < 12):
    print(""こども料金"")
else:
    print(""おとな料金"")"
line.nako3,"問題文：
二つの長方形の座標を指定し、指定された長方形の四つの頂点を結ぶ線を描画するプログラムを書いてください。指定された長方形は、左上から右下の順に、[50, 50]から[200, 50]、[200, 50]から[50, 200]、[50, 200]から[200, 200]です。","[50, 50]から[200, 50]へ線描画。
[200, 50]から[50, 200]へ線描画。
[50, 200]から[200, 200]へ線描画。","import matplotlib.pyplot as plt
import numpy as np

# 座標を指定
x1, y1 = 50, 50
x2, y2 = 200, 50
x3, y3 = 50, 200
x4, y4 = 200, 200

# 線を描画
plt.plot([x1, x2], [y1, y2], 'b-')
plt.plot([x2, x3], [y2, y3], 'b-')
plt.plot([x3, x4], [y3, y4], 'b-')

# 描画
plt.show()"
meiro.nako3,"問題文：
プログラムを作成してください。迷路を描画し、プレイヤーを移動させることができます。プレイヤーは「↑」「↓」「←」「→」のキーで移動できます。迷路の境界線を超えて移動したり、壁に当たったりした場合、プレイヤーは元の位置に戻ります。迷路のゴールは、X=10、Y=6の座標にあります。ゲームがクリアされたら、「ゲームクリア」と表示し、プレイヤーは初期位置に戻ります。","# 初期設定 --- (*1)
PX=1。PY=1。# プレイヤーの初期座標
W=40。# タイルの幅
迷路=[]
迷路URL=「https://n3s.nadesi.com/image.php?f=19.csv」

# データを読み込む --- (*2)
迷路URLからAJAX受信した時には
　　対象をCSV取得して迷路に代入。
　　迷路描画処理。
ここまで。

●迷路描画処理とは # --- (*3)
　　Yを0から7まで繰り返す
　　　　Xを0から11まで繰り返す
　　　　　　Ｖ＝迷路[Y][X]
　　　　　　XとYにＶのタイル描画。
　　　　ここまで。
　　ここまで。
　　# プレイヤーの描画 --- (*4)
　　青色に塗色設定。
　　30の描画フォント設定
　　[PX×W+5,PY×W+30]に「♪」の文字描画。
ここまで。

●(XとYにVの)タイル描画とは # --- (*5)
　　灰色に線色設定。1に線太さ設定。
　　もし、V=0ならば、白色に塗色設定。
　　もし、V=1ならば、茶色に塗色設定。
　　[X×W,Y×W,W,W]に四角描画。
ここまで。

# キーボードイベントを設定 --- (*6)
DOCUMENTのキー押した時には
　　X=PX。Y=PY。# 仮の移動座標
　　もし、押したキーが「ArrowUp」ならば、Y=Y-1。
　　もし、押したキーが「ArrowDown」ならば、Y=Y+1。
　　もし、押したキーが「ArrowLeft」ならば、X=X-1。
　　もし、押したキーが「ArrowRight」ならば、X=X+1。
　　# 壁を突き破らないよう座標をチェック --- (*7)
　　もし、(X<0)または(Y<0)ならば、戻る。
　　もし、(X≧12)または(Y≧8)ならば、戻る。
　　# 移動先が壁なら進めない --- (*8)
　　もし、迷路[Y][X]が1ならば、戻る。
　　PX=X。PY=Y。# 正式にプレイヤーを移動 --- (*9)
　　迷路描画処理。
　　# クリア判定 --- (*10)
　　もし、PX=10かつPY=6ならば
　　　　「ゲームクリア」と表示。
　　　　PX=1。PY=1。
　　ここまで。
ここまで。","import csv
import requests
import pygame
import sys

# 初期設定
PX = 1
PY = 1
W = 40
maze = []
goal_x, goal_y = 10, 6

# データを読み込む
response = requests.get(""https://n3s.nadesi.com/image.php?f=19.csv"")
data = response.text.splitlines()
for line in data:
    maze.append(list(map(int, line.split("",""))))

# ゲームループ
while True:
    # ゲーム画面を初期化
    pygame.init()
    screen = pygame.display.set_mode((12 * W, 8 * W))
    clock = pygame.time.Clock()

    # プレイヤーの描画
    font = pygame.font.SysFont(""Arial"", 30)
    player_text = font.render(""♪"", True, (0, 0, 255))
    screen.blit(player_text, (PX * W + 5, PY * W + 30))

    # ゲームループ内で迷路を描画
    for y in range(8):
        for x in range(12):
            tile = maze[y][x]
            if tile == 0:
                pygame.draw.rect(screen, (255, 255, 255), (x * W, y * W, W, W))
            elif tile == 1:
                pygame.draw.rect(screen, (128, 64, 0), (x * W, y * W, W, W))

    # キーボードイベントを設定
    for event in pygame.event.get():
        if event.type == pygame.KEYDOWN:
            new_x, new_y = PX, PY
            if event.key == pygame.K_UP:
                new_y -= 1
            elif event.key == pygame.K_DOWN:
                new_y += 1
            elif event.key == pygame.K_LEFT:
                new_x -= 1
            elif event.key == pygame.K_RIGHT:
                new_x += 1

            # 壁を突き破らないよう座標をチェック
            if (new_x < 0 or new_y < 0) or (new_x >= 12 or new_y >= 8):
                continue

            # 移動先が壁なら進めない
            if maze[new_y][new_x] == 1:
                continue

            PX, PY = new_x, new_y

    # クリア判定
    if PX == goal_x and PY == goal_y:
        print(""ゲームクリア"")
        PX, PY = 1, 1

    # ゲームループを実行
    pygame.display.update()
    clock.tick(60)

    # ゲーム終了条件
    for event in pygame.event.get():
        if event.type == pygame.QUIT:
            sys.exit()"
meiro55.nako3,"問題文：
プログラムを作成してください。迷路を描画し、プレイヤーを移動させ、宝を探し、宝を集め、宝を持ち帰ってゲームクリアするプログラムを作成してください。迷路は55x55のサイズで、プレイヤーは初期座標(PX=1, PY=1)からスタートします。迷路はAJAX送信で取得し、描画します。プレイヤーは「↑」「↓」「←」「→」のキーで移動できます。宝は0個からスタートし、宝を集めると宝の数が増えます。宝を集めきると、宝を持ち帰ってゲームクリアです。","# 初期設定 --- (*1)
PX=1。PY=1。# プレイヤーの初期座標
W=10。# タイルの幅
SZ=55。# 迷路のサイズ
迷路URL=「https://n3s.nadesi.com/image.php?f=20.csv」
宝＝0
迷路=[]

# データを読み込む --- (*2)
迷路URLにAJAX送信した時には
　　対象をCSV取得して迷路に代入。
　　迷路描画処理。
ここまで。

●迷路描画処理とは # --- (*3)
　　Yを0から54まで繰り返す
　　　　Xを0から54まで繰り返す
　　　　　　Ｖ＝迷路[Y][X]
　　　　　　XとYにＶのタイル描画。
　　　　ここまで。
　　ここまで。
　　# プレイヤーの描画 --- (*4)
　　赤色に塗色設定。
　　10の描画フォント設定
　　[PX×W,PY×W+7]に「♪」の文字描画。
ここまで。

●(XとYにVの)タイル描画とは # --- (*5)
　　「#f0f0f0」に線色設定。1に線太さ設定。
　　もし、V=0ならば、白色に塗色設定。
　　もし、V=1ならば、茶色に塗色設定。
　　もし、V=2ならば、黄色に塗色設定。
　　もし、V=3ならば、黄色に塗色設定。
　　もし、V=4ならば、黄色に塗色設定。
　　[X×W,Y×W,W,W]に四角描画。
ここまで。

# キーボードイベントを設定 --- (*6)
DOCUMENTのキー押した時には
　　X=PX。Y=PY。# 仮の移動座標
　　もし、押したキーが「ArrowUp」ならば、Y=Y-1。
　　もし、押したキーが「ArrowDown」ならば、Y=Y+1。
　　もし、押したキーが「ArrowLeft」ならば、X=X-1。
　　もし、押したキーが「ArrowRight」ならば、X=X+1。
　　もし、(X≠PX)または(Y≠PY)ならば
　　    対象イベントのDOMイベント処理停止。
　　ここまで。
　　# 壁を突き破らないよう座標をチェック --- (*7)
　　もし、(X<0)または(Y<0)ならば、戻る。
　　もし、(X≧SZ)または(Y≧SZ)ならば、戻る。
　　# 移動先が壁なら進めない --- (*8)
　　M=迷路[Y][X]
　　もし、Mが1ならば、戻る。
　　PX=X。PY=Y。# 正式にプレイヤーを移動 --- (*9)
　　もし、Mが2ならば
　　    「罠に捕まった！スタートに地点に戻ってしまった」と言う。
　　    PX=1。PY=1。
　　    迷路[Y][X]=0。#罠は一度だけ発動
　　ここまで。
　　もし、Mが3ならば
　　    「宝を見つけた！」と言う。
　　    宝＝宝＋1
　　    迷路[Y][X]=0 # 通路に戻す
　　ここまで。
　　もし、Mが4ならば
　　    もし、宝＝0ならば
　　        「出口を見つけたが、せっかくなら宝を持って帰りたい」と言う。
　　  　違えば
　　  　    「宝を{宝}個持ってゴール！ゲームクリア」と言う。
　　  　ここまで。
　　ここまで。
　　迷路描画処理。
ここまで。","import csv
import requests
import tkinter as tk
from PIL import Image, ImageDraw, ImageFont

# 初期設定
PX = 1
PY = 1
W = 10
SZ = 55
map_url = ""https://n3s.nadesi.com/image.php?f=20.csv""
treasure = 0
map_data = []

# データを読み込む
response = requests.get(map_url)
reader = csv.reader(response.text.splitlines(), delimiter="","")
for row in reader:
    map_data.append(row)

def draw_map():
    global PX, PY
    canvas.delete(""all"")
    for y in range(SZ):
        for x in range(SZ):
            tile_value = int(map_data[y][x])
            if tile_value == 0:
                color = ""#ffffff""
            elif tile_value == 1:
                color = ""#808080""
            elif tile_value == 2:
                color = ""#ffff00""
            elif tile_value == 3:
                color = ""#ffff00""
            elif tile_value == 4:
                color = ""#ffff00""
            x1, y1, x2, y2 = x * W, y * W, (x + 1) * W, (y + 1) * W
            canvas.create_rectangle(x1, y1, x2, y2, fill=color, outline=""#f0f0f0"", width=1)
    # プレイヤーの描画
    canvas.create_text(PX * W + 5, PY * W + 7, text=""♪"", font=(""Arial"", 10), fill=""#ff0000"")

def tile_draw(x, y):
    tile_value = int(map_data[y][x])
    if tile_value == 0:
        color = ""#ffffff""
    elif tile_value == 1:
        color = ""#808080""
    elif tile_value == 2:
        color = ""#ffff00""
    elif tile_value == 3:
        color = ""#ffff00""
    elif tile_value == 4:
        color = ""#ffff00""
    canvas.create_rectangle(x * W, y * W, (x + 1) * W, (y + 1) * W, fill=color, outline=""#f0f0f0"", width=1)

def key_press(event):
    global PX, PY
    x, y = PX, PY
    if event.keysym == ""Up"":
        y -= 1
    elif event.keysym == ""Down"":
        y += 1
    elif event.keysym == ""Left"":
        x -= 1
    elif event.keysym == ""Right"":
        x += 1
    if (x != PX) or (y != PY):
        canvas.delete(""all"")
        draw_map()
    else:
        tile_value = int(map_data[y][x])
        if tile_value < 0:
            return
        if tile_value == 1:
            return
        elif tile_value == 2:
            treasure += 1
            map_data[y][x] = 0
        elif tile_value == 3:
            print(""罠に捕まった！スタートに戻ってしまった"")
            PX, PY = 1, 1
            map_data[y][x] = 0
        elif tile_value == 4:
            if treasure == 0:
                print(f""出口を見つけたが、せっかくなら宝を持って帰りたい"")
            else:
                print(f""宝を{treasure}個持ってゴール！ゲームクリア"")
            root.destroy()
    PX, PY = x, y

root = tk.Tk()
canvas = tk.Canvas(root, width=SZ * W, height=SZ * W)
canvas.pack()

draw_map()

root.bind(""<Key>"", key_press)

root.mainloop()"
mojiretu_kaigyouiri.nako3,"問題文：
ある文字列を格言として、変数に代入するプログラムを書いてください。格言は、改行を含む文字列です。変数に代入した格言を、出力してください。","# 改行を含む文字列を変数に代入
格言は「鉄の道具の切れ味が悪くなっているのに
その刃を研がないなら余分な力を費やすことになる。
一方、知恵がある人は成功できる。
知恵は武器よりも価値がある。」

# 変数の内容を表示
格言を表示。","格言 = ""鉄の道具の切れ味が悪くなっているのに\nその刃を研がないなら余分な力を費やすことになる。\n一方、知恵がある人は成功できる。\n知恵は武器よりも価値がある。""
print(格言)"
mojiretu_tigai.nako3,"問題文:
このプログラムは、値段を表示するプログラムです。値段は300円とし、値段は{値段}円と表示してください。","値段は300
「値段は{値段}円」と表示。
『値段は{値段}円』と表示。","値段 = 300
print(""値段は{}円"".format(値段))
print('値段は{}円'.format(値段))"
mouse.nako3,"問題文：
指定された色で四角形を描画してください。四角形のサイズは幅300、奥行き300です。描画中、キャンバスをマウスでクリックした際には、色を白に変更し、線の色を黒に変更してください。クリックした位置に、半径20の円を描画してください。","赤色に塗色設定。
[0, 0, 300, 300]に四角描画。

描画中キャンバスをマウス押した時には
　　白色に塗色設定。黒色に線色設定。
　　[マウスX, マウスY]へ20の円描画。
ここまで。","import pygame
import sys

# Pygame初期化
pygame.init()

# ウィンドウサイズ
WIDTH = 300
HEIGHT = 300

# 背景色
WHITE = (255, 255, 255)
BLACK = (0, 0, 0)

# 赤色
RED = (255, 0, 0)

# 四角形の座標
RECTANGLE_COORDS = [0, 0, WIDTH, HEIGHT]

# 円の半径
CIRCLE_RADIUS = 20

# キャンバス作成
screen = pygame.display.set_mode((WIDTH, HEIGHT))

# 四角形描画
pygame.draw.rect(screen, RED, (0, 0, WIDTH, HEIGHT))

# イベントループ
while True:
    for event in pygame.event.get():
        if event.type == pygame.QUIT:
            pygame.quit()
            sys.exit()
        elif event.type == pygame.MOUSEBUTTONDOWN:
            # マウスクリック時、色を変更し円描画
            screen.fill(WHITE)
            pygame.draw.rect(screen, BLACK, (0, 0, WIDTH, HEIGHT))
            pygame.draw.circle(screen, BLACK, event.pos, CIRCLE_RADIUS)

    # 描画更新
    pygame.display.update()"
msg.nako3,"問題文：
このプログラムは、指定された金額の3割引を計算し、メッセージを出力するプログラムを書いてください。指定された金額を入力し、3割引の金額を計算し、「メッセージは「3割引です！」」と出力するプログラムを完成させてください。","メッセージは「3割引です！」
メッセージを表示。","print(""メッセージは「3割引です！」"")
print(""メッセージを表示。"")"
msg2.nako3,"問題文：
作成してください。支払金額を計算し、メッセージを表示するプログラム。支払金額は7000円です。","支払金額＝7000
メッセージは「支払金額は{支払金額}円です。」
メッセージを表示。","print(""支払金額は7000円です。"")"
msg3.nako3,"問題文：
ある店で商品を購入し、支払う金額を計算するプログラムを作成してください。支払金額は3000円です。表示メッセージは「💰」から始まり、支払金額、そして「円です」で終わる形で出力してください。","支払金額＝3000
Sは「💰支払金額は」＆支払金額＆「円です」
Sを表示。","print(""💰"" + str(3000) + ""円です"")"
mugen_kazuate.nako3,"問題文：
プログラムを書いて、数当てゲームを実装してください。ゲームの流れは以下の通りです。まず、答えを0か1の乱数で決定し、プレイヤーに「0か1を入力して」と尋ねます。プレイヤーが入力した値と答えが一致すれば点数を加算し「当たり⭐」を表示し、不一致なら「はずれ😭」を表示します。プレイヤーが「続けますか？」と尋ねられ、キャンセルを選択した場合はゲームを終了し、点数を表示します。

（中級）","点数＝0
# ゲームを無限ループでずっと繰り返す --- (*1)
永遠の間繰り返す
　　答え＝2の乱数
　　「数当てゲーム。0か1を入力して」と尋ねて推測値に代入。
　　もし答えが推測値ならば
　　　　点数＝点数＋1
　　　　結果＝「当たり⭐」
　　違えば
　　　　結果＝「はずれ😭」
　　ここまで。
　　# 結果表示と継続するか二択で質問 --- (*2)
　　「{結果}。点数は{点数}点。続けますか？」と二択。
　　もし、それがキャンセルならば、抜ける。# --- (*3)
ここまで。
「{点数}点で終わりました。」と言う。","import random

def game():
    score = 0
    while True:
        answer = random.randint(0, 1)
        guess = int(input(""数当てゲーム。0か1を入力して: ""))
        if guess == answer:
            score += 1
            result = ""⭐""
        else:
            result = ""😭""
        print(f""{result}. 点数は{score}点。続けますか?"")
        choice = input().lower()
        if choice == ""キャンセル"":
            break
    print(f""{score}点で終わりました。"")

game()"
muryo_hantei.nako3,"問題文：
ある人物の年齢を入力してください。年齢が6未満または65以上の場合、表示する文章は「無料」です。年齢が6以上65未満の場合、表示する文章は「有料」です。","年齢＝4
もし、（年齢が6未満）または（年齢が65以上）ならば
　　「無料」と表示。
違えば
　　「有料」と表示。
ここまで。","年齢 = int(input())

if 年齢 < 6 or 年齢 > 65:
    print(""無料"")
else:
    print(""有料"")"
neko_hiyou.nako3,"問題文：
ネコの飼い主は、年間の費用を計算する必要があります。エサ代は月額4100円で、1年分は12か月分を計算する必要があります。トイレ砂は月額6000円で、2回分を計算する必要があります。保険は月額2500円で、1年分は12か月分を計算する必要があります。健康診断は1回12,000円かかります。全ての費用を合計し、年間でいくら必要かを計算してください。計算結果を表示する文章は「毎年{費用合計}円必要です。」で、費用合計を表示してください。","# ネコの年間費用を指定 --- (*1)
エサ代＝4100×12
トイレ砂＝6000×2
保険＝2500×12
健康診断＝12000×1

# 費用を合計 --- (*2)
費用合計＝エサ代＋トイレ砂＋保険＋健康診断

# 結果を表示 --- (*3)
「毎年{費用合計}円必要です。」を表示。","# ネコの年間費用を指定
食料費 = 4100 * 12
トイレ砂 = 6000 * 2
保険 = 2500 * 12
健康診断 = 12000 * 1

# 費用を合計
費用合計 = 食料費 + トイレ砂 + 保険 + 健康診断

# 結果を表示
print(f""毎年{費用合計}円必要です。"")"
nenrei.nako3,"問題文：
現在の年を尋ねて生年を代入し、年齢は今年から生年を引く。今年で満年齢才です。","「生まれた年は？」と尋ねて生年に代入。
年齢は今年−生年。
「今年で満{年齢}才です」と表示。","current_year = int(input(""現在の年を入力してください: ""))
birth_year = int(input(""生まれた年を入力してください: ""))

age = current_year - birth_year
print(f""今年で満{age}才です"")"
nissu.nako3,"問題文：
今年の3月11日から今年の7月1日までの日数差を計算し、出力してください。",「{今年}/03/11」から「{今年}/07/01」までの日数差を表示。,"import datetime

def calculate_days_diff(year):
    start_date = datetime.date(year, 3, 11)
    end_date = datetime.date(year, 7, 1)
    days_diff = (end_date - start_date).days
    return days_diff

year = int(input(""年を入力してください: ""))
print(calculate_days_diff(year))"
nukeru.nako3,"問題文：
Nを1から10まで繰り返し、各回のNを表示するプログラムを作成してください。ただし、Nが3の場合にはプログラムを抜けるようにしてください。","Nを1から10まで繰り返す
　　「N={N}」を表示。
　　もし、N=3ならば抜ける。
ここまで。","for N in range(1, 11):
    if N == 3:
        break
    print(f""N = {N}"")"
nyuenryo.nako3,"問題文：
年齢を尋ねるプログラムを、指定された条件に応じて異なる金額を表示するように作成してください。年齢が3未満の場合には「0円」、年齢が3以上12未満の場合には「300円」、年齢が12以上60未満の場合には「600円」、それ以外の場合には「500円」と表示するようにしてください。","年齢＝「年齢は？」と尋ねる。

もし、年齢が3未満ならば
　　「0円」と表示。
違えば、もし(年齢が3以上)かつ(年齢が12未満)ならば
　　「300円」と表示。
違えば、もし(年齢が12以上)かつ(年齢が60未満)ならば
　　「600円」と表示。
違えば
　　「500円」と表示。
ここまで。","age = int(input(""年齢は？""))

if age < 3:
    print(""0円"")
elif 3 <= age < 12:
    print(""300円"")
elif 12 <= age < 60:
    print(""600円"")
else:
    print(""500円"")"
oekaki.nako3,"問題文：
描画ツールを作成してください。初期設定では、フラグはオフ、ペンサイズは8、消しゴムサイズは30、円サイズはペンサイズ、黒色に線色と塗色を設定してください。黒ボタン、赤ボタン、消ボタン、保存ボタンを作成し、各ボタンの動作を定義してください。黒ボタンをクリックした時は円サイズをペンサイズにし、黒色に塗色と線色を設定してください。赤ボタンをクリックした時は円サイズをペンサイズにし、赤色に塗色と線色を設定してください。消ボタンをクリックした時は円サイズを消しゴムサイズにし、白色に塗色と線色を設定してください。保存ボタンをクリックした時は描画をダウンロードしてください。マウスイベントの設定では、描画中キャンバスをマウスで押した時はフラグをオン、離した時はフラグをオフ、移動した時はフラグがオフならば元の状態に戻し、フラグがオンならばマウスの位置に円を描画してください。難易度：（中級）","# 初期設定 --- (*1)
フラグはオフ。
ペンサイズ＝8。
消しゴムサイズ＝30。
円サイズ＝ペンサイズ
黒色に線色設定。黒色に塗色設定。

# ボタンなどを作成 --- (*2)
黒ボタン＝「黒ペン」のボタン作成。
赤ボタン＝「赤ペン」のボタン作成。
消ボタン＝「消しゴム」のボタン作成。
保存ボタン＝「保存」のボタン作成。

# ボタンの動作を定義 ---- (*3)
黒ボタンをクリックした時には
　　円サイズはペンサイズ。
　　黒色に塗色設定。黒色に線色設定。
ここまで。
赤ボタンをクリックした時には
　　円サイズはペンサイズ。
　　赤色に塗色設定。赤色に線色設定。
ここまで。
消ボタンをクリックした時には
　　円サイズは消しゴムサイズ。
　　白色に塗色設定。白色に線色設定。
ここまで。
保存ボタンをクリックした時には
　　描画ダウンロード。# --- (*4)
ここまで。

# マウスイベントの設定 --- (*5)
描画中キャンバスをマウス押した時には
　　フラグはオン。
ここまで。
描画中キャンバスをマウス離した時には
　　フラグはオフ。
ここまで。
描画中キャンバスをマウス移動した時には
　　もし、フラグがオフならば、戻る。# --- (*5a)
　　[マウスX,マウスY]に円サイズの円描画。# ---- (*6)
ここまで。","import tkinter as tk
from tkinter import filedialog
import PIL.ImageGrab

class DrawingTool:
    def __init__(self):
        self.flag = False
        self.pen_size = 8
        self.eraser_size = 30
        self.circle_size = self.pen_size
        self.color = 'black'
        self.fill_color = 'black'

        self.root = tk.Tk()
        self.canvas = tk.Canvas(self.root, width=800, height=600)
        self.canvas.pack()

        self.black_button = tk.Button(self.root, text=""黒ペン"", command=self.black_button_click)
        self.black_button.pack(side=tk.LEFT)

        self.red_button = tk.Button(self.root, text=""赤ペン"", command=self.red_button_click)
        self.red_button.pack(side=tk.LEFT)

        self.eraser_button = tk.Button(self.root, text=""消しゴム"", command=self.eraser_button_click)
        self.eraser_button.pack(side=tk.LEFT)

        self.save_button = tk.Button(self.root, text=""保存"", command=self.save_button_click)
        self.save_button.pack(side=tk.LEFT)

        self.canvas.bind('<Button-1>', self.mouse_down)
        self.canvas.bind('<B1-Motion>', self.mouse_move)
        self.canvas.bind('<ButtonRelease-1>', self.mouse_up)

    def black_button_click(self):
        self.circle_size = self.pen_size
        self.color = 'black'
        self.fill_color = 'black'

    def red_button_click(self):
        self.circle_size = self.pen_size
        self.color = 'red'
        self.fill_color = 'red'

    def eraser_button_click(self):
        self.circle_size = self.eraser_size
        self.color = 'white'
        self.fill_color = 'white'

    def save_button_click(self):
        x = self.root.winfo_rootx() + self.canvas.winfo_x()
        y = self.root.winfo_rooty() + self.canvas.winfo_y()
        x1 = x + self.canvas.winfo_width()
        y1 = y + self.canvas.winfo_height()
        PIL.ImageGrab.grab().crop((x, y, x1, y1)).save('drawing.png')

    def mouse_down(self, event):
        self.flag = True

    def mouse_move(self, event):
        if not self.flag:
            return
        self.canvas.create_oval(event.x - self.circle_size, event.y - self.circle_size,
                                event.x + self.circle_size, event.y + self.circle_size,
                                fill=self.fill_color, outline=self.color)

    def mouse_up(self, event):
        self.flag = False

    def run(self):
        self.root.mainloop()

if __name__ == '__main__':
    drawing_tool = DrawingTool()
    drawing_tool.run()"
ofuro.nako3,"問題文：
指定された温度を確認し、40度未満の場合、繰り返し現在の温度を表示し、追い焚き処理を実行した後、温度を再確認し、温度を更新してから、40度以上になるまでこの処理を続けてください。最後にブザーを鳴らしてください。","# 【擬似コード】
温度＝温度確認
温度が40未満の間繰り返す
　　「現在の温度は{温度}度」と表示。
　　追い焚き処理。
　　温度確認して温度に代入。
ここまで
ブザー鳴らす","import time

def check_temperature():
    # 40度未満の場合、繰り返し現在の温度を表示し、追い焚き処理を実行した後、温度を再確認し、温度を更新してから、40度以上になるまでこの処理を続けてください。
    while True:
        print(f""現在の温度は{temperature}度"")
        # 追い焚き処理
        # (ここでは具体的な処理は省略します)
        time.sleep(1)  # 1秒待つ
        temperature = check_temperature()  # 再確認し、温度を更新

def main():
    global temperature
    temperature = float(input(""温度を入力してください: ""))
    
    while temperature < 40:
        check_temperature()
        
    print(""\a"")  # ブザー鳴らす

if __name__ == ""__main__"":
    main()"
paint_kantan.nako3,"問題文：
指定された色にキャンバスを塗りつぶし、四角形を描画してください。キャンバス上でマウスを押した時には、フラグをオンにし、離した時にはオフにします。マウスを移動した時には、フラグがオンの場合、赤色に塗色設定し、黒色に線色設定し、指定された座標に10の円を描画してください。指定された座標は、[マウスX, マウスY]です。初級","「#F0F0F0」に塗色設定。
[0, 0, 300, 300]に四角描画。

フラグ＝オフ。
描画中キャンバスをマウス押した時には # --- (*1)
　　フラグ＝オン。
ここまで。

描画中キャンバスをマウス離した時には # --- (*2)
　　フラグ＝オフ。
ここまで。

描画中キャンバスをマウス移動した時には # --- (*3)
　　もし、フラグがオンならば
　　　　赤色に塗色設定。黒色に線色設定。
　　　　[マウスX, マウスY]へ10の円描画。
　　ここまで。
ここまで。","import pygame
import sys

# Pygame初期化
pygame.init()

# キャンバスのサイズ
WIDTH, HEIGHT = 300, 300

# 背景色
BACKGROUND_COLOR = (240, 240, 240)

# 四角形の座標とサイズ
RECTANGLE_COORDS = [0, 0, WIDTH, HEIGHT]

# フラグ
FLAG = False

# マウス座標
MOUSE_X, MOUSE_Y = 0, 0

# ウィンドウを作成
screen = pygame.display.set_mode((WIDTH, HEIGHT))

# メインループ
while True:
    for event in pygame.event.get():
        if event.type == pygame.QUIT:
            pygame.quit()
            sys.exit()

        # マウスが押されたとき
        elif event.type == pygame.MOUSEBUTTONDOWN:
            FLAG = True

        # マウスが離されたとき
        elif event.type == pygame.MOUSEBUTTONUP:
            FLAG = False

    # フラグがオンの場合、赤色に塗りつぶしと黒色に線を描画する
    if FLAG:
        screen.fill((255, 0, 0))
        for i in range(10):
            pygame.draw.circle(screen, (0, 0, 0), (MOUSE_X + i * 20, MOUSE_Y + i * 20), 5)

    # 四角形を描画
    pygame.draw.rect(screen, BACKGROUND_COLOR, RECTANGLE_COORDS)

    # マウス座標の更新
    MOUSE_X, MOUSE_Y = pygame.mouse.get_pos()

    # 描画
    pygame.display.flip()"
play_music.nako3,"問題文：
与えられた音楽ファイルのURLを指定し、指定された手順で音楽ファイルを再生するプログラムを作成してください。指定された手順は、音楽ファイルのURLをオーディオファイルとして開き、次にその音楽ファイルをオーディオ再生するというものです。","# 音楽ファイルのURL
効果音URL=「https://n3s.nadesi.com/image.php?f=23.mp3」

# 音楽ファイルを再生する手順
効果音=効果音URLをオーディオ開く。# ---(*1)
効果音をオーディオ再生。 # --- (*2)","import requests
from pydub import AudioSegment
from pydub.playback import play

# 音楽ファイルのURL
sound_url = ""https://n3s.nadesi.com/image.php?f=23.mp3""

# 音楽ファイルを再生する手順
response = requests.get(sound_url)
with open(""music.mp3"", ""wb"") as f:
    f.write(response.content)

sound = AudioSegment.from_mp3(""music.mp3"")
play(sound)"
puzzle15.nako3,"問題文：
以下のゲームの初期化処理からクリア確認処理を実現するプログラムを、ゼロから作成してください。

ゲームでは、3x3のブロックを使用し、各ブロックには0から15の番号が割り当てられています。ゲームは、初期化処理、ブロックの移動、番号シャッフル、クリア確認の4つの処理を繰り返し実行します。初期化処理では、ブロックを初期化し、番号をシャッフルします。ブロックの移動では、指定されたブロックを移動し、空きブロックを探して移動先を決定します。番号シャッフルでは、指定された回数分のシャッフルを実行します。クリア確認では、ゲームクリアの条件を確認し、クリアならば「ゲームクリア」と表示します。

作成するプログラムは、指定された回数分の初期化、ブロックの移動、番号シャッフル、クリア確認を繰り返し実行し、ゲームを進行します。

（中級）","データ＝[] # ブロックの値
DW=90 # ブロック幅
シャッフル回数＝0 # シャッフルの時利用する
画像URL=「https://n3s.nadesi.com/image.php?f=16.png」
初期化処理。

# マウスイベントの処理 --- (*1)
描画中キャンバスをマウス押した時には
　　Y=INT(マウスY÷DW)
　　X=INT(マウスX÷DW)
　　[Y,X]のブロック移動。
　　ステージ描画。
　　0.1秒後には
　　　　もし、クリア確認=OKならば、初期化処理。
　　ここまで。
ここまで

●初期化処理とは # --- (*2)
　　ブロック初期化して、番号シャッフル。
ここまで。

●ブロック初期化とは
　　データ＝[]
　　Yを0から3まで繰り返す
　　　　データ[Y] = []
　　　　Xを0から3まで繰り返す
　　　　　　データ[Y][X] = 1 + (Y × 4 + X)
　　　　ここまで。
　　ここまで。
　　データ[3][3] = 0 # 空きブロック
ここまで。

●(YXの)ブロック移動とは # --- (*3)
　　Y=YX[0]。X=YX[1]。
　　RY=-1。RX=-1。
　　上下左右＝[[-1,0],[1,0],[0,-1],[0,1]]
　　＃空白のブロック位置を探す
　　上下左右を反復
　　　　FY=対象[0] + Y。
　　　　FX=対象[1] + X。
　　　　もし((FY<0)または(FY>3))ならば、続ける。
　　　　もし((FX<0)または(FX>3))ならば、続ける。
　　　　V=データ[FY][FX]
　　　　もし、V=0ならば
　　　　　　RY=FY。RX=FX。抜ける。
　　　　ここまで
　　ここまで。
　　もし(RX=-1)ならば、オフで戻る。＃見つからなかった場合
　　# ブロックを入れ替える
　　TMP=データ[Y][X]
　　データ[Y][X]=データ[RY][RX]
　　データ[RY][RX]=TMP
　　それはオン。
ここまで

●番号シャッフルとは # --- (*4)
　　シャッフル回数に0を代入して、番号シャッフル実行。
ここまで。
●番号シャッフル実行とは
　　もし、シャッフル回数＞30ならば、戻る。# --- (*5)
　　オンの間
　　　　Y=4の乱数。X=4の乱数。
　　　　[Y,X]のブロック移動。
　　　　もし、それがオンならば、抜ける。
　　ここまで。
　　ステージ描画。
　　0.1秒後には
　　　　シャッフル回数＝シャッフル回数＋1
　　　　番号シャッフル実行。
　　ここまで。
ここまで

●クリア確認とは # --- (*6)
　　Yを0から3まで繰り返す
　　　　Xを0から3まで繰り返す
　　　　　　V=データ[Y][X]
　　　　　　もし、V=0ならば、続ける。
　　　　　　もし、V≠（Y×4+X+1）ならば、NGで戻る。
　　　　ここまで。
　　ここまで。
　　「ゲームクリア」と言う。
　　それはOK。
ここまで。

●ステージ描画とは
　　Yを0から3まで繰り返す
　　　　Xを0から3まで繰り返す
　　　　　　XとYにタイル描画。
　　　　ここまで。
　　ここまで。
ここまで。

●(XとYに)タイル描画とは
　　V=データ[Y][X] - 1
　　もし(V=-1)ならば、V=15。
　　SX=DW×(V%4)。SY=DW×INT(V÷4)
　　DX=DW×X。DY=DW×Y
　　画像URLの[SX,SY,DW,DW]を[DX,DY,DW,DW]へ画像部分描画。
ここまで。","import random
import tkinter as tk
from PIL import ImageTk, Image

class Game:
    def __init__(self):
        self.data = [[1 + (y * 4 + x) for x in range(4)] for y in range(4)]
        self.data[3][3] = 0
        self.shuffle_count = 0
        self.image_url = ""https://n3s.nadesi.com/image.php?f=16.png""
        self.canvas = tk.Canvas(width=360, height=360)
        self.canvas.pack()
        self.draw_stage()

    def initialize(self):
        self.data = [[1 + (y * 4 + x) for x in range(4)] for y in range(4)]
        self.data[3][3] = 0
        random.shuffle(self.data[0])
        random.shuffle(self.data[1])
        random.shuffle(self.data[2])

    def block_move(self, yx):
        y, x = yx
        ry, rx = -1, -1
        directions = [[-1, 0], [1, 0], [0, -1], [0, 1]]
        for dy, dx in directions:
            fy, fx = y + dy, x + dx
            if (fy < 0 or fy > 3) or (fx < 0 or fx > 3):
                continue
            v = self.data[fy][fx]
            if v == 0:
                ry, rx = fy, fx
                break
        if rx == -1:
            return False
        tmp = self.data[y][x]
        self.data[y][x] = self.data[ry][rx]
        self.data[ry][rx] = tmp
        return True

    def shuffle(self):
        if self.shuffle_count > 30:
            return False
        on = False
        while not on:
            y, x = random.randint(0, 3), random.randint(0, 3)
            on = self.block_move([y, x])
        self.canvas.delete(""all"")
        self.draw_stage()
        self.shuffle_count += 1
        self.canvas.after(100)
        self.shuffle()

    def clear_check(self):
        for y in range(4):
            for x in range(4):
                v = self.data[y][x]
                if v == 0:
                    continue
                if v != (y * 4 + x + 1):
                    return False
        print(""ゲームクリア"")
        return True

    def draw_stage(self):
        self.canvas.delete(""all"")
        for y in range(4):
            for x in range(4):
                v = self.data[y][x] - 1
                if v == -1:
                    v = 15
                sx, sy = DW * (v % 4), DW * (v // 4)
                dx, dy = DW * x, DW * y
                image = ImageTk.getimage(Image.open(self.image_url))
                image = image.crop((sx, sy, sx + DW, sy + DW))
                self.canvas.create_image(dx, dy, image=image)

    def start_game(self):
        self.initialize()
        self.shuffle_count = 0
        self.shuffle()

game = Game()
game.start_game()"
ransu.nako3,"問題文：
サイコロを生成し、出た目（1から6の乱数）に1を加えて表示してください。","サイコロ＝(6の乱数)＋1
サイコロを表示。","import random

サイコロ = (random.randint(1, 6)) + 1
print(サイコロ)"
renketu.nako3,"問題文：
いろはにほへとという文字列を表示するプログラムを作成してください。","S=「いろはに」＆「ほへと」
Sを表示。","print(""いろはにほへと"")"
rgb_ironuri.nako3,"問題文：
以下の条件で図形を描画するプログラムを作成してください。
描画する図形は円で、半径は130、中心座標は[150,150]です。線の太さは10、線の色はRGB(0,0,255)、塗り色はRGB(255,0,0)です。","10に線太さ設定。
RGB(255,0,0)に塗色設定。
RGB(0,0,255)に線色設定。
[150,150]に130の円描画。","import turtle

turtle.width(10)
turtle.pencolor((0, 0, 255))
turtle.fillcolor((255, 0, 0))

turtle.penup()
turtle.goto(150, 150)
turtle.pendown()

turtle.begin_fill()
turtle.circle(130)
turtle.end_fill()"
sen_takusan.nako3,"問題文：
Nを1から30まで繰り返し、座標を計算し、線を描画するプログラムを作成してください。座標の計算では、Xを10で割る必要があります。線の描画では、Xを0から300の範囲で描画する必要があります。","Nを1から30まで繰り返す
　　# 座標を計算 --- (*1)
　　X=10×N
　　# 線を描画 --- (*2)
　　[X, 0]から[X,300]まで線描画。
ここまで。","for N in range(1, 31):
    X = 10 * N
    print(f""({X}, 0) - ({X}, 300)"")"
sinkeisuijaku_graphic.nako3,"問題文：
プログラムを作成してください。画像のURLは「https://n3s.nadesi.com/image.php?f=25.png」で、カードの幅は80です。カードの画像は1から4の番号が振られています。カードの画像を配列に格納し、配列をシャッフルしてから、カードを選択します。選択されたカードを覚えておく変数と、ゲームの進行を管理する変数を用意します。マウスを押したときには、選択されたカードの番号を計算し、ゲームの進行を進めます。ゲームの進行が進むと、表示するメッセージや描画するカードが変化します。ゲームがクリアされたら、カードの配列をシャッフルし直します。","# 初期設定 --- (*1)
画像URL=「https://n3s.nadesi.com/image.php?f=25.png」
W＝80 # カード画像1枚の幅
カード一覧＝[1,1,2,2,3,3,4,4]
カード一覧を配列シャッフル。
選択＝0。A=0。B=0。# 選んだカードを覚えておく変数
進行＝0。# ゲームの進行を管理する変数
ゲーム進行。
# マウスを押した時のイベントを設定 --- (*2)
描画中キャンバスをマウス押した時には
　　選択＝INT(マウスX÷W）＋1
　　ゲーム進行。
ここまで。

●ゲーム進行とは # --- (*3)
　　もし、進行が0ならば # --- (*4)
　　　　「1つ目の箱を選んでください！」と情報表示。
　　　　A=0。B=0。進行＝1。
　　　　0と0のカード描画。
　　違えば、もし、進行が1ならば # --- (*5)
　　　　「2つ目の箱を選んでください！」と情報表示。
　　　　A=選択。進行＝2。
　　　　Aと0のカード描画。
　　違えば、もし、進行が2ならば # --- (*6)
　　　　もし、A=選択ならば、戻る。
　　　　B=選択。
　　　　AとBのカード描画。
　　　　進行＝3
　　　　カード正誤判定。
　　違えば、もし、進行が3ならば # --- (*7)
　　　　進行＝0
　　　　ゲーム進行。
　　ここまで。
ここまで。

●カード正誤判定とは # --- (*8)
　　もし(カード一覧[A-1]=カード一覧[B-1])ならば
　　　　「当たり！（ここをクリック）」と情報表示。
　　　　カード一覧[A-1]=0
　　　　カード一覧[B-1]=0
　　　　もし((カード一覧の配列合計)=0)ならば # --- (*9)
　　　　　　「ゲームクリア」と情報表示。
　　　　　　カード一覧＝[1,1,2,2,3,3,4,4]
　　　　　　カード一覧を配列シャッフル。
　　　　ここまで。
　　違えば
　　　　「ハズレ（ここをクリック）」と情報表示。
　　ここまで。
ここまで。

●(Sと)情報表示とは # --- (*10)
　　[0,80,640,80]の描画クリア。
　　20に描画フォント設定。
　　[10,110]にSを文字描画。
ここまで。

●(AとBの)カード描画とは # --- (*11)
　　Nを0から7まで繰り返す
　　　　C=5 # 箱の絵
　　　　もし(N=(A-1))または(N=(B-1))ならば
　　　　　　C=カード一覧[N] # カードの絵柄
　　　　違えば、もし、カード一覧[N]=0ならば
　　　　　　C=0 # クリア画像
　　　　ここまで。
　　　　# 指定画像の描画
　　　　画像領域＝[C×W,0,W,W]
　　　　描画領域＝[N×W,0,W,W]
　　　　画像URLの画像領域を描画領域へ画像部分描画。
　　ここまで。
ここまで。","import random
import tkinter as tk
from PIL import ImageTk, Image

# 初期設定
image_url = ""https://n3s.nadesi.com/image.php?f=25.png""
W = 80  # カード画像1枚の幅
cards = [1, 1, 2, 2, 3, 3, 4, 4]
random.shuffle(cards)  # カード一覧を配列シャッフル

selected_card = 0
A = 0
B = 0  # 選んだカードを覚えておく変数
progress = 0  # ゲームの進行を管理する変数

# マウスを押した時のイベントを設定
def mouse_click(event):
    global selected_card, progress
    selected_card = (event.x // W) + 1
    game_progress()

# ゲーム進行
def game_progress():
    global progress, A, B
    if progress == 0:
        label.config(text=""1つ目の箱を選んでください!"")
        A = 0
        B = 0
        progress = 1
        draw_card(0, 0)
    elif progress == 1:
        label.config(text=""2つ目の箱を選んでください!"")
        A = selected_card
        progress = 2
        draw_card(A - 1, 0)
    elif progress == 2:
        if A == selected_card:
            return
        B = selected_card
        progress = 3
        draw_card(A - 1, B - 1)
        check_correct()
    else:
        progress = 0
        game_progress()

# カード正誤判定
def check_correct():
    global cards
    if cards[A - 1] == cards[B - 1]:
        label.config(text=""当たり！（ここをクリック）"")
        cards[A - 1] = 0
        cards[B - 1] = 0
        if sum(cards) == 0:
            label.config(text=""ゲームクリア"")
            cards = [1, 1, 2, 2, 3, 3, 4, 4]
            random.shuffle(cards)
    else:
        label.config(text=""ハズレ（ここをクリック）"")

# 情報表示
def display_text(text):
    label.config(text=text)

# カード描画
def draw_card(A, B):
    for i in range(8):
        canvas.create_rectangle(i * W, 0, (i + 1) * W, W)
        if cards[i] == 0:
            image = Image.open(image_url.replace(""f=25.png"", f""f={cards[i]}.png""))
            photo = ImageTk.PhotoImage(image)
            canvas.create_image(i * W + W // 2, W // 2, image=photo)
            canvas.image = photo
        else:
            if i == A - 1 or i == B - 1:
                image = Image.open(image_url.replace(""f=25.png"", f""f={cards[i]}.png""))
                photo = ImageTk.PhotoImage(image)
                canvas.create_image(i * W + W // 2, W // 2, image=photo)
                canvas.image = photo
            else:
                canvas.create_rectangle(i * W, 0, (i + 1) * W, W)

# ウィンドウを作成
root = tk.Tk()
canvas = tk.Canvas(root, width=640, height=480)
canvas.pack()

label = tk.Label(root, text="""", font=(""Arial"", 20))
label.pack()

# マウスを押した時のイベントを設定
canvas.bind(""<Button-1>"", mouse_click)

# ゲーム進行
game_progress()

root.mainloop()"
sinkeisuijaku_tazuneru.nako3,"問題文：
以下のゲームのルールに基づいて、カードをめくる順番を指定してください。初期のカード一覧は1から8の数字が重複して並んでいます。ゲームは、指定された順番でカードをめくり、めくったカードが一致した場合には「正解！」と表示し、めくったカードが一致しない場合には「残念。」と表示します。ゲームは、指定された順番でカードをめくり切ることができた場合には「ゲームクリア！」と表示します。","# カード一覧を初期化 --- (*1)
カード一覧＝[1,1,2,2,3,3,4,4]
カード一覧を配列シャッフル。

# ゲーム開始 --- (*2)
永遠の間繰り返す
　　# 1枚目のカードを選んでもらう --- (*3)
　　「[1枚目]1−8の何番をめくる？{0と0でカード表示}」と尋ねてAに代入。
　　# 2枚目のカードを選んでもらう --- (*4)
　　「[2枚目]1-8の何番をめくる？{Aと0でカード表示}」と尋ねてBに代入。
　　もし、(A=空)かつ(B=空)ならば、抜ける。
　　もし、(A=B)または(A=空)または(B=空)ならば、続ける。# 入力間違い
　　# 正誤判定 --- (*5)
　　もし(カード一覧[A-1]＝カード一覧[B-1])ならば
　　　　「⭐正解！{AとBでカード表示}」と言う。
　　　　カード一覧[A-1]＝0
　　　　カード一覧[B-1]＝0
　　　　もし、（カード一覧の配列合計）＝0ならば # --- (*6)
　　　　　　「ゲームクリア！」と言う。抜ける。
　　　　ここまで。
　　違えば
　　　　「😭残念。{AとBでカード表示}」と言う。
　　ここまで。
ここまで。

●（AとBで）カード表示とは # --- (*7)
　　机=[]
　　Nを0から7まで繰り返す
　　　　C=「■」
　　　　もし((N=(A-1))または(N=(B-1)))ならば # 指定場所
　　　　　　C=「[{カード一覧[N]}]」
　　　　違えば、もし(カード一覧[N]=0)ならば # 既に当てた場所
　　　　　　C=「👌」
　　　　ここまで。
　　　　机にCを配列追加。
　　ここまで。
　　それは、改行&(机を「-」で配列結合)。
ここまで。","import random

# カード一覧を初期化
card_list = [1, 1, 2, 2, 3, 3, 4, 4]
random.shuffle(card_list)

while True:
    # 1枚目のカードを選んでもらう
    print(""1-8の何番をめくる？{0と0でカード表示}"")
    a = int(input()) - 1

    # 2枚目のカードを選んでもらう
    print(f""[2枚目]1-8の何番をめくる？{{{card_list[a]}と0でカード表示}"")
    b = int(input()) - 1

    if a == -1 and b == -1:
        break

    if a == b or a == -1 or b == -1:
        continue

    # 正誤判定
    if card_list[a] == card_list[b]:
        print(f""⭐正解！{{{card_list[a]}}}"")
        card_list[a] = 0
        card_list[b] = 0
        if sum(card_list) == 0:
            print(""ゲームクリア!"")
            break
    else:
        print(f""😭残念。{{{card_list[a]}}}"")

# カード表示
machine = []
for n in range(8):
    c = ""■""
    if n == a or n == b:
        c = f""[{card_list[n]}]""
    elif card_list[n] == 0:
        c = ""👌""
    machine.append(c)
print(""\n"".join(machine))"
sinkeisuijaku_tazuneru_nankaime.nako3,"問題文：
プログラムを作成してください。カードの配列を用意し、永遠に繰り返すゲームを実装してください。ゲームのルールは以下の通りです。初めに、カードの配列をシャッフルします。1枚目のカードを選んでもらうと、0と0で机表示し、1-6の何番をめくるか尋ねてAに代入します。もしAが空ならば抜ける。2枚目のカードを選んでもらうと、Aと0で机表示し、同じカードは1-6の何番目か尋ねてBに代入します。もしBが空ならば抜ける。AとBが同じなら、入力間違いのメッセージを表示し、入力回数をインクリメントして続ける。AとBが異なるなら、正解かどうかを判断し、正解なら、机に正解のカードを表示し、カードの配列を更新し、入力回数が0ならゲームクリアのメッセージを表示し、抜ける。入力回数が0でないなら、残念なメッセージを表示し、入力回数をインクリメントして続ける。机は、0から5までのNを繰り返し、カード一覧[N]が0なら既に当てた場所として「👌」を机に追加、NがA-1やB-1なら指定場所として「[{カード一覧[N]}]」を机に追加、違えば「■」を机に追加します。最後に、入力回数と机を出力してください。

（中級）","# カード一覧を初期化 --- (*1)
カード一覧＝[1,1,2,2,3,3]
カード一覧を配列シャッフル。
入力回数＝1

# ゲーム開始 --- (*2)
永遠の間繰り返す
　　# 1枚目のカードを選んでもらう --- (*3)
　　「{0と0で机表示}1−6の何番をめくる？」と尋ねてAに代入。
　　もし、Aが空ならば抜ける。
　　# 2枚目のカードを選んでもらう --- (*4)
　　「{Aと0で机表示}同じカードは1-6の何番目？」と尋ねてBに代入。
　　もし、Bが空ならば抜ける。
　　もし、A=Bならば # --- 入力間違いのとき
　　　　「同じ位置のカードは引けません。」と言う。
　　　　入力回数＝入力回数＋1。続ける。
　　ここまで。
　　もし(カード一覧[A-1]＝カード一覧[B-1])ならば # --- (*5)
　　　　「{AとBで机表示}⭐正解！」と言う。
　　　　カード一覧[A-1]＝0
　　　　カード一覧[B-1]＝0
　　　　もし、（カード一覧の配列合計）＝0ならば # --- (*6)
　　　　　　「{入力回数}回目でゲームクリア！」と言う。抜ける。
　　　　ここまで。
　　違えば
　　　　「{AとBで机表示}😭残念でした」と言う。
　　ここまで。
　　入力回数＝入力回数＋1
ここまで。

●（AとBで）机表示とは # --- (*7)
　　机=[]
　　Nを0から5まで繰り返す
　　　　もし、カード一覧[N]が0ならば # 既に当てた場所
　　　　　　机に「👌」を配列追加。
　　　　違えば、もし((N=(A-1))または(N=(B-1)))ならば # 指定場所
　　　　　　机に「[{カード一覧[N]}]」を配列追加。
　　　　違えば
　　　　　　机に「■」を配列追加。# 開けてないところ
　　　　ここまで。
　　ここまで。
　　それは「{入力回数}回目:」&改行&(机を「-」で配列結合)&改行。
ここまで。","import random

def shuffle_cards(cards):
    random.shuffle(cards)
    return cards

def display_machine(N, A, B, cards):
    machine = []
    for i in range(6):
        if cards[i] == 0:
            machine.append(""👌"")
        elif (i == A - 1) or (i == B - 1):
            machine.append(f""[{cards[i]}]"")
        else:
            machine.append(""■"")
    return "" "".join(machine)

def game():
    cards = [1, 1, 2, 2, 3, 3]
    cards = shuffle_cards(cards)
    input_count = 0

    while True:
        # 1枚目のカードを選んでもらう
        A = int(input(""0と0で机表示 1-6の何番をめくる? ""))
        if cards[A - 1] == 0:
            print(""同じ位置のカードは引けません。"")
            input_count += 1
            continue

        # 2枚目のカードを選んでもらう
        B = int(input(f""{A}と0で机表示 同じカードは1-6の何番目? ""))
        if cards[B - 1] == 0:
            print(""同じ位置のカードは引けません。"")
            input_count += 1
            continue

        # AとBが同じなら、入力間違いのメッセージを表示し、入力回数をインクリメントして続ける。
        if cards[A - 1] == cards[B - 1]:
            print(f""{A}と{B}で机表示 😭残念でした"")
            input_count += 1
            continue

        # AとBが異なるなら、正解かどうかを判断し、正解なら、機械に正解のカードを表示し、カードの配列を更新し、
        print(f""{A}と{B}で机表示 ⭐正解!"")
        cards[A - 1] = 0
        cards[B - 1] = 0

        # 入力回数が0ならゲームクリアのメッセージを表示し、抜ける。
        if sum(cards) == 0:
            print(f""{input_count}回目でゲームクリア!"")
            break

        # 入力回数が0でないなら、残念なメッセージを表示し、入力回数をインクリメントして続ける。
        else:
            print(f""{A}と{B}で机表示 😭残念でした"")
            input_count += 1

    # 最後に、入力回数と機械を出力する
    machine = display_machine(cards, A, B, cards)
    print(f""最終結果: {input_count}回目:"")
    print(machine)

game()"
star.nako3,"問題文：
カメを作成し、以下の動作を繰り返してください。初期位置は、カメが左回転を向いています。90だけカメを右回転させた後、5回カメを進ませてください。進む距離は100です。次に、カメを左回転させる距離は360を5で割った値です。カメを進ませた後、カメを右回転させる距離は左回転の2倍です。最後に、カメを進ませてください。
（中級）","W=100
N=5
カメ作成。
90だけカメ右回転。
N回
　　Wだけカメ進む
　　(360÷N)だけカメ左回転
　　Wだけカメ進む
　　(360÷N×2)だけカメ右回転
ここまで。","W = 100
N = 5

# カメの初期位置は左回転を向いているので、90度右回転する
for _ in range(N):
    # W距離進む
    print(""カメを{}m進ませます。"".format(W))
    
    # (360/N)距離左回転
    print(""カメを{}度左回転させます。"".format(360//N))
    
    # W距離進む
    print(""カメを{}m進ませます。"".format(W))
    
    # (360/N*2)距離右回転
    print(""カメを{}度右回転させます。"".format((360//N)*2))

# 最後に、カメを進ませる
print(""カメを{}m進ませます。"".format(W))"
story.nako3,"問題文：
ある物語を書くために、主人公の名前を尋ねて、物語に名前を埋め込んで表示してください。物語は、主人公が旅に出てプログラミングを習得し、王女様から求婚されて幸せな生活を送るという内容です。","# 名前を尋ねる --- (*1)
「主人公の名前は？」と尋ねて主人公に代入。
# 物語に名前を埋め込んで表示 --- (*2)
「📌これは平凡な役人だった{主人公}😀の物語。
・ある日、{主人公}😀は旅に出てプログラミングを習得した。
・旅を終えて宮廷に戻ると王女様👸から求婚された。
・{主人公}は幸せな生活を送った。」と表示。","name = input(""主人公の名前は？"")

print(""これは平凡な役人だった{}の物語。"".format(name))
print(""・ある日、{}は旅に出てプログラミングを習得した."".format(name))
print(""・旅を終えて宮廷に戻ると王女様👸から求婚された."")
print(""・{}は幸せな生活を送った."".format(name))"
syouhi_graph.nako3,"問題文：
日本語のプログラミング言語を使用して、指定されたURLからCSVファイルを読み込み、Ajaxで受信したデータを基に線グラフを描画するプログラムを作成してください。指定されたURLは「https://n3s.nadesi.com/image.php?f=21.csv」で、受信したデータはこのURLから取得されたCSVファイルの内容です。描画するグラフは、受信したデータを使用して作成してください。","# 消費支出のCSVファイルのURL --- (*1)
データURL=「https://n3s.nadesi.com/image.php?f=21.csv」

# Ajaxでデータを取得 --- (*2)
データURLからAJAX受信した時には
　　# グラフを描画 --- (*3)
　　対象をCSV取得して線グラフ描画。
ここまで。","import csv
import requests
import matplotlib.pyplot as plt

データURL = ""https://n3s.nadesi.com/image.php?f=21.csv""

response = requests.get(データURL)
csv_data = csv.reader(response.text.splitlines(), delimiter="","")

data = []
for row in csv_data:
    data.append(row)

x = [int(i[0]) for i in data]
y = [int(i[1]) for i in data]

plt.plot(x, y)
plt.xlabel('X')
plt.ylabel('Y')
plt.title('グラフ')
plt.show()"
tasizan.nako3,"問題文：
ある数値を300に加算し、結果を表示してください。",300に120を足して表示,print(300 + 120)
tazuneru.nako3,"問題文：
お名前は？と尋ねて名前に代入し、「こんにちは、{名前}さん！」と言ってください。","「お名前は？」と尋ねて名前に代入。
「こんにちは、{名前}さん！」と言う。","print(""お名前は?"")
name = input()
print(f""こんにちは,{name}さん！"")"
tenki.nako3,"問題文：
天気APIのURLを指定し、AjaxでAPIにアクセスしてJSONデータを受信した後、なでしこのデータに変換し、都市別天気辞書に代入する。次に、辞書型変数からキー「東京」の値を取得し、予報一覧を反復して、日付と予報を取り出して表示してください。","# 天気APIのURLを指定 --- (*1)
APIは「https://api.aoikujira.com/tenki/week.php?fmt=json」

# AjaxでAPIにアクセス --- (*2)
APIからAJAX受信した時には
　　# JSONデータをなでしこのデータに変換 --- (*3)
　　対象をJSONデコードして都市別天気辞書に代入。
　　# 辞書型変数からキー「東京」の値を取得 --- (*4)
　　予報一覧＝都市別天気辞書＠「東京」
　　# 配列の値を一つずつ取り出す --- (*5)
　　予報一覧を反復
　　　　# データに含まれる日付と予報を取り出す --- (*6)
　　　　日付＝対象@「date」
　　　　予報＝対象＠「forecast」
　　　　「{日付} - {予報}」を表示。
　　ここまで。
ここまで。","import requests
import json

# 天気APIのURLを指定
url = ""https://api.aoikujira.com/tenki/week.php?fmt=json""

# AjaxでAPIにアクセス
response = requests.get(url)

# JSONデータをなでしこのデータに変換
data = response.json()

# 辞書型変数からキー「東京」の値を取得
tokyo_weather = data[""Tokyo""]

# 配列の値を一つずつ取り出す
for weather in tokyo_weather:
    # データに含まれる日付と予報を取り出す
    date = weather[""date""]
    forecast = weather[""forecast""]
    
    # ""{日付} - {予報}"" を表示。
    print(f""{date} - {forecast}"")"
timer.nako3,"問題文：
現在時刻を1秒おきに表示してください。","# 1秒毎に関数を実行するように指定
「時計表示処理」を1秒毎。

●時計表示処理とは
　　今を表示。
ここまで。","import time

def 時計表示処理():
    print(time.strftime(""%H:%M:%S""))

while True:
    時計表示処理()
    time.sleep(1)"
todo.nako3,"問題文：
以下のプログラムを実行するには、指定されたTODOを入力してください。キャンセルで終了するまで繰り返し、入力されたTODOを保存し、保存されたTODOを表示します。

入力されたTODOを保存するためのキーを設定し、以前に保存されたデータがあれば読み込む。入力されたTODOを改行で区切って配列に格納し、タイトルとTODOを表示し、入力されたTODOが空の場合には抜ける。","# 変数の初期化 --- (*1)
TODOは[]
保存キーは「最小TODO」
タイトルは「
─────────────────────────────
📝 最小TODO
─────────────────────────────
すべきことを入力してください（キャンセルで終了）
--- 以下TODO一覧 ---
」

# 以前保存したデータがあれば読み込む --- (*2)
もし、保存キーが存在するならば
　　保存キーを読んで、TODOに代入。
ここまで。

# キャンセルが押されるまで永遠に繰り返す --- (*3)
永遠の間繰り返す
　　TODOを改行で配列結合してSに代入。# --- (*4)
　　「{タイトル}{S}」と尋ねる。
　　もし、それが「」ならば、抜ける。
　　TODOにそれを配列追加。# --- (*5)
　　TODOを保存キーに保存。# --- (*6)
ここまで。","import os

# 変数の初期化
TODO = []
SAVE_KEY = ""最小TODO""
TITLE = """"""
─────────────────────────────
📝 最小TODO
─────────────────────────────
すべきことを入力してください（キャンセルで終了）
--- 以下TODO一覧 ---
""""""

# 以前保存したデータがあれば読み込む
if os.path.exists(SAVE_KEY):
    with open(SAVE_KEY, 'r') as f:
        TODO = [line.strip() for line in f.readlines()]

# キャンセルが押されるまで永遠に繰り返す
while True:
    S = '\n'.join(TODO) + '\n'
    input_str = input(f""{TITLE}{S}"")
    if input_str == """":
        break
    TODO.append(input_str)

# TODOを保存
with open(SAVE_KEY, 'w') as f:
    for todo in TODO:
        f.write(todo + '\n')"
todo_v2.nako3,"問題文：
問題文：
TODOを管理するプログラムを作成してください。変数の初期化を行い、保存キーが存在する場合は保存されたTODOを読み込みます。次に、キャンセルが押されるまで、TODOの表示、追加、削除の繰り返し処理を行います。TODOの表示では、TODO一覧にTODO項目を列挙し、タイトルとともに表示します。追加の場合、TODOに新しい項目を加え、削除の場合、TODOから指定された数の項目を削除します。最後に、TODOを保存キーに保存します。","# 変数の初期化 --- (*1)
TODOは[]
保存キーは「最小TODO」
タイトルは「
─────────────────────────────
📝 最小TODO v2
─────────────────────────────
すべきことを入力してください（キャンセルで終了）
数字を入力するとTODOを削除します。
--- 以下TODO一覧 ---
」

# 以前保存したデータがあれば読み込む --- (*2)
もし、保存キーが存在するならば
　　保存キーを読んで、TODOに代入。
ここまで。

# キャンセルが押されるまで永遠に繰り返す
永遠の間繰り返す
　　# 表示内容を作成する --- (*3)
　　TODO項目列挙してTODO一覧に代入。
　　「{タイトル}{TODO一覧}」を尋ねてVに代入。
　　もし、Vが空ならば、抜ける。
　　# 追加か削除か判定(数列なら削除) --- (*4)
　　もし((Vを数列判定)＝はい)ならば
　　　　TODOのVを配列削除。
　　違えば
　　　　TODOにVを配列追加。
　　ここまで。
　　TODOを保存キーに保存。# --- (*5)
ここまで。

●TODO項目列挙とは # --- (*6)
　　S=「」
　　TODOを反復
　　　　S=S&「📌 {対象キー}: {対象}{改行}」
　　ここまで。
　　それはS
ここまで。","import os

# 変数の初期化
TODO = []
保存キー = ""最小TODO""
タイトル = """"""
─────────────────────────────
📝 最小TODO v2
─────────────────────────────
すべきことを入力してください（キャンセルで終了）
数字を入力するとTODOを削除します。
--- 以下TODO一覧 ---
""""""

# 以前保存したデータがあれば読み込む
if os.path.exists(保存キー):
    with open(保存キー, 'r') as f:
        TODO = [line.strip() for line in f.readlines()]

# キャンセルが押されるまで永遠に繰り返す
while True:
    # 表示内容を作成する
    TODO項目列挙 = ""\n"".join([f""📌 {i}: {item}"" for i, item in enumerate(TODO)])
    表示内容 = f""{タイトル}\n--- 以下TODO一覧 ---\n{TODO項目列挙}""

    # 追加か削除か判定(数列なら削除)
    V = input(表示内容 + ""\n"")
    if V.isdigit():
        TODO.pop(int(V))
    else:
        TODO.append(V)

    # TODOを保存キーに保存
    with open(保存キー, 'w') as f:
        f.write(""\n"".join(TODO) + ""\n"")

    # キャンセルが押されたかどうか確認
    if V == """":
        break"
tokei_anarogu.nako3,"問題文：
時計を描画するプログラムを作成してください。時計の描画サイズは150x150の正方形で、中心点は(150,150)です。左上マージンは5ピクセルです。時計盤を描画し、現在時刻を表示する針を描画してください。針の長さは50、60、70の順で変化します。時刻は0から23時までの12時間制を使用します。","# 時計の描画サイズなどを指定
CX=150 # 中心点のX座標
CY=150 # 中心点のY座標
余白=5 # 左上マージン
「時計描画」を1秒毎。# --- (*1)

●時計描画とは
　　時計盤描画。
　　# 現在時刻を得る --- (*2)
　　変数[時,分,秒]＝（今を「:」で区切る）
　　# 角度計算 --- (*3)
　　時角度＝(時%12)÷12×360＋(分÷60)×30
　　分角度＝分÷60×360
　　秒角度＝秒÷60×360
　　# 針を描画 --- (*4)
　　黒色の15を(CX×0.5)と時角度で針描画。
　　青色の10を(CX×0.8)と分角度で針描画。
　　赤色の4を(CX×0.9)と秒角度で針描画。
ここまで。

●(色のサイズを長さと角度で)針描画とは # --- (*5)
　　RA=(角度-90)をラジアン変換
　　XX=CX+COS(RA)×長さ
　　YY=CY+SIN(RA)×長さ
　　色に線色設定。
　　サイズに線太さ設定。
　　始点＝[余白+CX, 余白+CY]
　　終点＝[余白+XX, 余白+YY]
　　始点から終点へ線描画。
 ここまで。

●時計盤描画とは
　　全描画クリア。
　　# 文字盤の背景を描画
　　2に線太設定。
　　黒色に線色設定。
　　白色に塗色設定。
　　[余白+CX,余白+CY]へCXの円描画。# 外側の円を描画
　　# 時間のメモリ描画 --- (*6)
　　時を0から11まで繰り返す
　　　　黒色の1をCXと(時÷12×360)で針描画。# 1時間ごとのメモリを描画亜
　　ここまで
　　[余白+CX,余白+CY]へ(CX×0.8)の円描画。# 内側の小さな円を描画
ここまで。","import math
import time
import turtle

# 時計の描画サイズなどを指定
CX = 150  # 中心点のX座標
CY = 150  # 中心点のY座標
余白 = 5  # 左上マージン

# 現在時刻を得る
now = time.localtime()
時 = now.tm_hour % 12
分 = now.tm_min
秒 = now.tm_sec

# 角度計算
時角度 = (時 % 12) / 12 * 360 + (分 / 60) * 30
分角度 = 分 / 60 * 360
秒角度 = 秒 / 60 * 360

# 針を描画
def 角度計算(長さ, 角度):
    RA = math.radians(角度 - 90)
    XX = CX + math.cos(RA) * 長さ
    YY = CY + math.sin(RA) * 長さ
    return XX, YY

# 時計盤描画
def 時計盤描画():
    turtle.clear()
    # 文字盤の背景を描画
    turtle.pensize(2)
    turtle.penup()
    turtle.goto(-CX - 余白, -CY - 余白)
    turtle.pendown()
    turtle.fillcolor(""white"")
    turtle.begin_fill()
    turtle.circle(CX)
    turtle.end_fill()

    # 時間のメモリ描画
    for 時 in range(12):
        XX, YY = 角度計算(CX, 時 * 30)
        turtle.penup()
        turtle.goto(-CX - 余白 + XX, -CY - 余白 + YY)
        turtle.pendown()
        turtle.color(""black"")
        turtle.width(1)
        turtle.forward(CX)

    # 内側の小さな円を描画
    turtle.penup()
    turtle.goto(-CX - 余白, -CY - 余白)
    turtle.pendown()
    turtle.fillcolor(""white"")
    turtle.begin_fill()
    turtle.circle(CX * 0.8)
    turtle.end_fill()

    # 針を描画
    turtle.penup()
    turtle.goto(0, 0)
    turtle.setheading(時角度)
    turtle.pendown()
    turtle.color(""black"")
    turtle.width(15)
    turtle.forward(CX * 0.5)

    turtle.penup()
    turtle.goto(0, 0)
    turtle.setheading(分角度)
    turtle.pendown()
    turtle.color(""blue"")
    turtle.width(10)
    turtle.forward(CX * 0.8)

    turtle.penup()
    turtle.goto(0, 0)
    turtle.setheading(秒角度)
    turtle.pendown()
    turtle.color(""red"")
    turtle.width(4)
    turtle.forward(CX * 0.9)

# 時計描画
def 時計描画():
    時計盤描画()

# メインループ
while True:
    時計描画()
    time.sleep(1)"
tokei_moji.nako3,"問題文：
指定された秒数ごとに、デジタル時計を描画するプログラムを作成してください。作成するプログラムは、前回の描画内容を消去し、現在時刻を描画する必要があります。現在時刻は、50に設定されたフォントを使用し、[30,100]の位置に描画してください。","# 毎秒画面を描画するよう指定 --- (*1)
「デジタル時計描画」を1秒毎。

●デジタル時計描画
　　# 前回の内容を消す --- (*2)
　　全描画クリア。
　　# 現在時刻を描画 --- (*3)
　　50に描画フォント設定。
　　[30,100]へ今を文字描画。
ここまで。","import pygame
import sys
import time

pygame.init()

screen = pygame.display.set_mode((800, 600))
clock = pygame.time.Clock()

while True:
    for event in pygame.event.get():
        if event.type == pygame.QUIT:
            pygame.quit()
            sys.exit()

    # 前回の内容を消す
    screen.fill((0, 0, 0))

    # 現在時刻を描画
    font = pygame.font.SysFont(""Arial"", 50)
    text = font.render(time.strftime(""%H:%M:%S""), True, (255, 255, 255))
    screen.blit(text, [30, 100])

    pygame.display.update()
    clock.tick(1)"
tokei_test.nako3,"問題文：
時計盤を描画し、指定された角度で針を描画するプログラムを作成してください。中心点は(CX, CY)です。描画の設定では、線の太さを4にし、線の色を黒、塗りつぶし色を白とします。時計盤の描画では、背景の円を描画し、12時から3時までの針を描画してください。","CX=150 # 中心点の座標
CY=150 
# 描画の設定 --- (*1)
4に線太さ設定。
黒色に線色設定。
白色に塗色設定。
時計盤描画。

# 指定角度で針を描画する --- (*2)
●(角度の)針描画とは
　　RA=(角度-90)をラジアン変換
　　XX=CX+COS(RA)×CX
　　YY=CY+SIN(RA)×CX
　　[CX,CY]から[XX, YY]へ線描画。
ここまで。

●時計盤描画とは
　　# 背景の円を描画 --- (*3)
　　[CX,CY]へCXの円描画。
　　(12÷12×360)の針描画。# 12時 --- (*4)
　　(2÷12×360)の針描画。 # 2時
　　(3÷12×360)の針描画。 # 3時
ここまで。","import turtle

CX = 150  # 中心点の座標
CY = 150

# 描画の設定
turtle.width(4)
turtle.pencolor(""black"")
turtle.fillcolor(""white"")

# 背景の円を描画
turtle.penup()
turtle.goto(CX, CY)
turtle.pendown()
turtle.begin_fill()
turtle.circle(CX)
turtle.end_fill()

# 指定角度で針を描画する
def draw_needle(angle):
    RA = (angle - 90) * 3.14 / 180  # ラジアン変換
    XX = CX + RA * CX
    YY = CY + RA * CX
    turtle.penup()
    turtle.goto(CX, CY)
    turtle.pendown()
    turtle.goto(XX, YY)

# 時計盤描画
def draw_clock():
    # 背景の円を描画
    turtle.penup()
    turtle.goto(CX, CY)
    turtle.pendown()
    turtle.begin_fill()
    turtle.circle(CX)
    turtle.end_fill()

    # 12時から3時までの針を描画
    draw_needle(0)  # 12時
    draw_needle(30)  # 2時
    draw_needle(45)  # 3時

# 時計盤描画
draw_clock()

turtle.done()"
tokyo_graph.nako3,"問題文：
東京の人口推移を可視化するため、西暦年ごとの総人口、男性人口、女性人口のデータを用意してください。データはCSV形式で出力し、線グラフを描画してください。","東京推移データ＝「西暦年,総人口,人口(男),人口(女)
1975年,11673554,5913373,5760181
1980年,11618281,5856280,5762001
1985年,11829363,5955029,5874334
1990年,11855563,5969773,5885790
1995年,11773605,5892704,5880901
2000年,12064101,6028562,6035539
2005年,12576601,6264895,6311706
2010年,13159388,6512110,6647278
2015年,13515271,6666690,6848581」

# グラフを描画
東京推移データをCSV取得して、線グラフ描画。","import csv
import matplotlib.pyplot as plt

東京推移データ = """"""西暦年,総人口,人口(男),人口(女)
1975年,11673554,5913373,5760181
1980年,11618281,5856280,5762001
1985年,11829363,5955029,5874334
1990年,11855563,5969773,5885790
1995年,11773605,5892704,5880901
2000年,12064101,6028562,6035539
2005年,12576601,6264895,6311706
2010年,13159388,6512110,6647278
2015年,13515271,6666690,6848581""""""

# CSVデータを読み込む
reader = csv.DictReader(東京推移データ.splitlines())

# データをリストに変換
data = [row for row in reader]

# 年、総人口、男性人口、女性人口のリストを作成
years = [int(row['西暦年'].replace('年', '')) for row in data]
total_population = [int(row['総人口']) for row in data]
male_population = [int(row['人口(男)']) for row in data]
female_population = [int(row['人口(女)']) for row in data]

# 線グラフを描画
plt.plot(years, total_population, label='Total Population')
plt.plot(years, male_population, label='Male Population')
plt.plot(years, female_population, label='Female Population')

# グラフの設定
plt.xlabel('Year')
plt.ylabel('Population')
plt.title('Tokyo Population Trend')
plt.legend()

# グラフを表示
plt.show()"
tudukeru.nako3,"問題文：
Nを1から3まで繰り返す。各回のNの値に対して、「--- {N} ---」を表示する。Nが2の場合、続けて「あ」と「い」を表示する。","Nを1から3まで繰り返す
　　「--- {N} ---」を表示。
　　もしNが2ならば続ける。
　　「あ」を表示。
　　「い」を表示。
ここまで。","for N in range(1, 4):
    print(f""--- {N} ---"")
    if N == 2:
        print(""あ"")
        print(""い"")"
tuki.nako3,"問題文：
ある車が、80kmの時速で走り、384400kmの距離を走ります。車が走る時間を計算し、さらにその時間を24で割って日数を求め、日数を表示してください。","# 距離と時速を指定 --- (*1)
距離＝384400
時速＝80
# 時間を求める --- (*2)
時間＝距離÷時速
# 時間を24で割って日数を計算 --- (*3)
日数＝時間÷24
日数を表示。","距離 = 384400
時速 = 80
時間 = 距離 / 時速
日数 = 時間 / 24
print(「日数：」+ str(int(日数)) + 「日」)"
walking.nako3,"問題文：
体重と運動分を尋ねて、消費カロリーを計算し、結果を表示してください。体重は何kgですか？と尋ねて体重に代入し、次に何分歩きましたか？と尋ねて運動分に代入します。運動時間は運動分を60で割った値を使用します。消費カロリーは3倍の体重と運動時間を掛け合わせた値に1.05を掛けます。消費カロリーは何kcalですか？","「体重は何kgですか？」と尋ねて体重に代入。
「何分歩きましたか？」と尋ねて運動分に代入。
運動時間＝運動分÷60
消費カロリー＝3×体重×運動時間×1.05
「消費カロリーは{消費カロリー}kcalです」と言う。","体重 = int(input(""体重は何kgですか？""))
運動分 = int(input(""何分歩きましたか？""))

運動時間 = 運動分 // 60

消費カロリー = 3 * 体重 * 運動時間 * 1.05

print(f""消費カロリーは{消費カロリー}kcalです"")"
warikan.nako3,"問題文：
ある数値を計算してください。具体的には、950と3を掛けた値に、1200と2を掛けた値を加え、さらに1100と5を掛けた値を加えたものを、10で割ってください。",(950×3＋1200×2＋1100×5)÷10を表示。,print((950*3+1200*2+1100*5)//10)
warizan.nako3,"問題文：
整数変換と小数点以下の表示をしてください。与えられた数を3で割り、結果を小数点以下も含めて表示し、また、同じ数を3で割ったあまりを表示してください。","整数変換(10÷3)を表示。
10％3を表示。","print(int(10/3))
print(10%3)"
yomu.nako3,"問題文：
ある格言を読み込み、データに代入し、出力してください。格言は「曖昧さを避けるには、明確な定義を与えること」とします。データは、格言の内容と作者を示す文字列で、各行が独立したデータとして与えられます。各行は、格言の内容と作者を「: 」で区切って表記します。例えば、「明日は明日の風が吹く : チャーチル」です。データはファイルから読み込み、各行を順に読み、格言の内容と作者を分離し、表示してください。","「格言」を読んでデータに代入。
データを表示。","with open(""格言.txt"", ""r"") as f:
    for line in f:
        content, author = line.strip().split("": "")
        print(f""{content}: {author}"")"
