problem_text,correct_code,generated_code,structured_problem,similarity,shots_count
"問題文：
指定された秒数ごとに、デジタル時計を描画するプログラムを作成してください。作成するプログラムは、前回の描画内容を消去し、現在時刻を描画する必要があります。現在時刻は、50に設定されたフォントを使用し、[30,100]の位置に描画してください。","# 毎秒画面を描画するよう指定 --- (*1)
「デジタル時計描画」を1秒毎。

●デジタル時計描画
　　# 前回の内容を消す --- (*2)
　　全描画クリア。
　　# 現在時刻を描画 --- (*3)
　　50に描画フォント設定。
　　[30,100]へ今を文字描画。
ここまで。","# キャンバスの初期化と背景色の設定（例：白）
[255,255,255]に塗色設定。0にクリア。

# メインループ
1秒待つ。

# 現在時刻を取得
現在時刻を取得。

# 時、分、秒を取得
時 = 現在時刻の「時」
分 = 現在時刻の「分」
秒 = 現在時刻の「秒」

# フォントとサイズの設定（例：50）
50にフォントサイズ設定。

# 時、分、秒を文字列に変換して描画
[30,100]に「{時}時 {分}分 {秒}秒」と表示。","{
  ""目的"": ""指定された秒数ごとにデジタル時計を描画する"",
  ""入力データ"": ""指定された秒数"",
  ""制御構造"": [""無限ループ""],
  ""処理手順"": [
    ""1. 前回の描画内容を消去する"",
    ""2. 現在時刻を取得する"",
    ""3. 50に設定されたフォントを使用して、現在時刻を[30,100]の位置に描画する"",
    ""4. 指定された秒数待つ"",
    ""5. 1に戻る""
  ],
  ""出力データ"": ""デジタル時計の描画"",
  ""制約事項"": ""前回の描画内容を消去する必要がある""",0.19594594594594594,10
"問題文：
サイコロを生成し、出た目（1から6の乱数）に1を加えて表示してください。","サイコロ＝(6の乱数)＋1
サイコロを表示。","サイコロ作成。
出た目＝サイコロの目＋1
出た目を表示。","{
  ""目的"": ""サイコロを生成し、出た目に1を加えて表示する"",
  ""入力データ"": null,
  ""制御構造"": [""無限ループ""],
  ""処理手順"": [
    ""1. 乱数を生成し、サイコロの出目を決定する"",
    ""2. サイコロの出目に1を加える"",
    ""3. 出力する""
  ],
  ""出力データ"": ""サイコロの出目に1を加えた結果"",
  ""制約事項"": null",0.5531914893617021,15
"問題文：
現在時刻を表示するプログラムを作成してください。指定されたAPIのURLを使用して、APIにアクセスし、受信したデータを元に「現在時刻：{対象}」を表示するようにしてください。APIのURLは「https://api.aoikujira.com/time/get.php」で、APIにアクセスする際にはAjaxを使用してください。","# 時間APIのURLを指定 --- (*1)
APIは「https://api.aoikujira.com/time/get.php」

# AjaxでAPIにアクセス --- (*2)
APIからAJAX受信した時には
　　「現在時刻：{対象}」を表示。
ここまで。","# Ajaxを使って現在時刻を取得
AJAX「https://api.aoikujira.com/time/get.php」を受信。

# 受信したデータから時刻を抽出
対象 = 受信テキストの一部「現在時刻：(.*)」を取得。

# 結果を表示
「現在時刻：{対象}」を表示。","{
  ""目的"": ""指定されたAPIのURLを使用して、現在時刻を表示するプログラムを作成する"",
  ""入力データ"": ""APIのURL：https://api.aoikujira.com/time/get.php"",
  ""制御構造"": [""無限ループ"", ""条件分岐（APIのアクセスに成功した場合）""],
  ""処理手順"": [
    ""1. APIのURLを指定してAjaxでアクセスする"",
    ""2. APIから受信したデータを解析する"",
    ""3. 現在時刻を表示する（受信したデータを元に）"",
    ""4. APIのアクセスに失敗した場合、エラー処理を実行する""
  ],
  ""出力データ"": ""現在時刻：{対象}",0.5371900826446281,11
"問題文：
描画ツールを作成してください。初期設定では、フラグはオフ、ペンサイズは8、消しゴムサイズは30、円サイズはペンサイズ、黒色に線色と塗色を設定してください。黒ボタン、赤ボタン、消ボタン、保存ボタンを作成し、各ボタンの動作を定義してください。黒ボタンをクリックした時は円サイズをペンサイズにし、黒色に塗色と線色を設定してください。赤ボタンをクリックした時は円サイズをペンサイズにし、赤色に塗色と線色を設定してください。消ボタンをクリックした時は円サイズを消しゴムサイズにし、白色に塗色と線色を設定してください。保存ボタンをクリックした時は描画をダウンロードしてください。マウスイベントの設定では、描画中キャンバスをマウスで押した時はフラグをオン、離した時はフラグをオフ、移動した時はフラグがオフならば元の状態に戻し、フラグがオンならばマウスの位置に円を描画してください。難易度：（中級）","# 初期設定 --- (*1)
フラグはオフ。
ペンサイズ＝8。
消しゴムサイズ＝30。
円サイズ＝ペンサイズ
黒色に線色設定。黒色に塗色設定。

# ボタンなどを作成 --- (*2)
黒ボタン＝「黒ペン」のボタン作成。
赤ボタン＝「赤ペン」のボタン作成。
消ボタン＝「消しゴム」のボタン作成。
保存ボタン＝「保存」のボタン作成。

# ボタンの動作を定義 ---- (*3)
黒ボタンをクリックした時には
　　円サイズはペンサイズ。
　　黒色に塗色設定。黒色に線色設定。
ここまで。
赤ボタンをクリックした時には
　　円サイズはペンサイズ。
　　赤色に塗色設定。赤色に線色設定。
ここまで。
消ボタンをクリックした時には
　　円サイズは消しゴムサイズ。
　　白色に塗色設定。白色に線色設定。
ここまで。
保存ボタンをクリックした時には
　　描画ダウンロード。# --- (*4)
ここまで。

# マウスイベントの設定 --- (*5)
描画中キャンバスをマウス押した時には
　　フラグはオン。
ここまで。
描画中キャンバスをマウス離した時には
　　フラグはオフ。
ここまで。
描画中キャンバスをマウス移動した時には
　　もし、フラグがオフならば、戻る。# --- (*5a)
　　[マウスX,マウスY]に円サイズの円描画。# ---- (*6)
ここまで。","# 初期設定 --- (*1)
フラグ＝0
ペンサイズ＝8
消しゴムサイズ＝30
円サイズ＝ペンサイズ
黒色に線色設定。
黒色に塗色設定。
# 描画中キャンバスの作成 --- (*2)
[0,0,640,480]の描画クリア。
# ボタンの作成とイベント設定 --- (*3)
黒ボタンを作成。
黒ボタンをクリックした時には
　　円サイズ＝ペンサイズ
　　黒色に線色設定。
　　黒色に塗色設定。
ここまで。
赤ボタンを作成。
赤ボタンをクリックした時には
　　円サイズ＝ペンサイズ
　　赤色に塗色設定。
　　赤色に線色設定。
ここまで。
消ボタンを作成。
消ボタンをクリックした時には
　　円サイズ＝消しゴムサイズ
　　白色に塗色設定。
　　白色に線色設定。
ここまで。
保存ボタンを作成。
保存ボタンをクリックした時には
　　描画をダウンロード。
ここまで。
# マウスイベントの設定 --- (*4)
描画中キャンバスをマウスで押した時には
　　フラグ＝1
ここまで。
描画中キャンバスをマウスで離した時には
　　フラグ＝0
ここまで。
描画中キャンバスをマウスで移動した時には
　　もし(フラグ＝0)ならば
　　　　円サイズ＝ペンサイズ
　　　　黒色に線色設定。
　　　　黒色に塗色設定。
ここまで。
　　違えば
　　　　円を描画。
ここまで。
# 円の描画関数 --- (*5)
円を描画とは
　　もし(フラグ＝1)ならば
　　　　[円サイズ,円サイズ]の円を描画。
ここまで。","{
  ""目的"": ""描画ツールの作成"",
  ""入力データ"": ""初期設定のフラグ、ペンサイズ、消しゴムサイズ、円サイズ、線色、塗色、黒ボタン、赤ボタン、消ボタン、保存ボタン"",
  ""制御構造"": [
    ""フラグがオフの場合、初期設定に戻す"",
    ""マウスが押されたらフラグをオン、離されたらフラグをオフ"",
    ""フラグがオンの場合、描画する"",
    ""フラグがオフの場合、元の状態に戻す""
  ],
  ""処理手順"": [
    ""1. 初期設定を実行する"",
    ""2. フラグがオフの場合、初期設定に戻す"",
    ""3. マウスが押されたらフラグをオン、離されたらフラグをオフ"",
    ""4. フラグがオンの場合、描画する"",
    ""5. フラグがオフの場合、元の状態に戻す"",
    ""6. 黒ボタンがクリックされたら、円サイズをペンサイズにし、黒色に塗色と線色を設定する"",
    ""7. 赤ボタンがクリックされたら、円サイズをペンサイズにし、赤色に塗色と線色を設定する"",
    ""8. 消ボタンがクリックされたら、円サイズを消しゴムサイズにし、白色に塗色と線色を設定する"",
    ""9. 保存ボタンがクリックされたら、描画をダウンロードする""
  ],
  ""出力データ"": ""描画された画像"",
  ""制約事項"": ""特にない""",0.42264914054600605,9
"問題文：
プログラムを作成してください。カードの配列を用意し、永遠に繰り返すゲームを実装してください。ゲームのルールは以下の通りです。初めに、カードの配列をシャッフルします。1枚目のカードを選んでもらうと、0と0で机表示し、1-6の何番をめくるか尋ねてAに代入します。もしAが空ならば抜ける。2枚目のカードを選んでもらうと、Aと0で机表示し、同じカードは1-6の何番目か尋ねてBに代入します。もしBが空ならば抜ける。AとBが同じなら、入力間違いのメッセージを表示し、入力回数をインクリメントして続ける。AとBが異なるなら、正解かどうかを判断し、正解なら、机に正解のカードを表示し、カードの配列を更新し、入力回数が0ならゲームクリアのメッセージを表示し、抜ける。入力回数が0でないなら、残念なメッセージを表示し、入力回数をインクリメントして続ける。机は、0から5までのNを繰り返し、カード一覧[N]が0なら既に当てた場所として「👌」を机に追加、NがA-1やB-1なら指定場所として「[{カード一覧[N]}]」を机に追加、違えば「■」を机に追加します。最後に、入力回数と机を出力してください。

（中級）","# カード一覧を初期化 --- (*1)
カード一覧＝[1,1,2,2,3,3]
カード一覧を配列シャッフル。
入力回数＝1

# ゲーム開始 --- (*2)
永遠の間繰り返す
　　# 1枚目のカードを選んでもらう --- (*3)
　　「{0と0で机表示}1−6の何番をめくる？」と尋ねてAに代入。
　　もし、Aが空ならば抜ける。
　　# 2枚目のカードを選んでもらう --- (*4)
　　「{Aと0で机表示}同じカードは1-6の何番目？」と尋ねてBに代入。
　　もし、Bが空ならば抜ける。
　　もし、A=Bならば # --- 入力間違いのとき
　　　　「同じ位置のカードは引けません。」と言う。
　　　　入力回数＝入力回数＋1。続ける。
　　ここまで。
　　もし(カード一覧[A-1]＝カード一覧[B-1])ならば # --- (*5)
　　　　「{AとBで机表示}⭐正解！」と言う。
　　　　カード一覧[A-1]＝0
　　　　カード一覧[B-1]＝0
　　　　もし、（カード一覧の配列合計）＝0ならば # --- (*6)
　　　　　　「{入力回数}回目でゲームクリア！」と言う。抜ける。
　　　　ここまで。
　　違えば
　　　　「{AとBで机表示}😭残念でした」と言う。
　　ここまで。
　　入力回数＝入力回数＋1
ここまで。

●（AとBで）机表示とは # --- (*7)
　　机=[]
　　Nを0から5まで繰り返す
　　　　もし、カード一覧[N]が0ならば # 既に当てた場所
　　　　　　机に「👌」を配列追加。
　　　　違えば、もし((N=(A-1))または(N=(B-1)))ならば # 指定場所
　　　　　　机に「[{カード一覧[N]}]」を配列追加。
　　　　違えば
　　　　　　机に「■」を配列追加。# 開けてないところ
　　　　ここまで。
　　ここまで。
　　それは「{入力回数}回目:」&改行&(机を「-」で配列結合)&改行。
ここまで。","カード一覧 = [1, 2, 3, 4, 5, 6]
カード一覧を配列シャッフル
入力回数 = 0
永遠に繰り返す
　　Aは空
　　Bは空
　　0から5までのNを繰り返し
　　　もしカード一覧[N] == 0なら
　　　　「👌」と表示。
　　　違えば
　　　　もしN == A-1またはN == B-1なら
　　　　　「[{カード一覧[N]}]」と表示。
　　　　違えば
　　　　　「■」と表示。
　　　ここまで。
　　ここまで。
　　0から5までのNを繰り返し表示。
　　もしA == 空なら抜ける。
　　「1-6の何番目をめくりますか？」と尋ねてAに代入。
　　もしA == 空なら抜ける。
　　「2枚目です。1-6の何番目をめくりますか？」と尋ねてBに代入。
　　もしB == 空なら抜ける。
　　もしA == Bなら
　　　「入力間違いです。もう一度やり直してください。」と表示。
　　　入力回数をインクリメント。
　　違えば
　　　もしA == Bなら
　　　　「正解です！机に{A}が表示されました。」と表示。
　　　　カード一覧[A-1]を0に更新。
　　　　入力回数が0なら
　　　　　「ゲームクリアです！お疲れ様でした。」と表示。
　　　　　抜ける。
　　　違えば
　　　　　「残念ですが、正解ではありません。もう一度挑戦してください。」と表示。
　　　　　入力回数をインクリメント。
　　ここまで。
ここまで。","{
  ""目的"": ""カードの配列を用意し、永遠に繰り返すゲームを実装する"",
  ""入力データ"": [""カードの配列"", ""入力回数""],
  ""制御構造"": [""無限ループ"", ""条件分岐(AとBが一致する場合)"", ""条件分岐(AとBが異なる場合)"", ""条件分岐(入力回数が0の場合)"" ],
  ""処理手順"": [
    ""1. カードの配列をシャッフルする"",
    ""2. 1枚目のカードを選んでもらう"",
    ""3. Aに1-6の何番をめくるか尋ねる"",
    ""4. Aが空ならば抜ける"",
    ""5. 2枚目のカードを選んでもらう"",
    ""6. Bに1-6の何番をめくるか尋ねる"",
    ""7. Bが空ならば抜ける"",
    ""8. AとBが同じなら、入力間違いのメッセージを表示し、入力回数をインクリメントする"",
    ""9. AとBが異なるなら、正解かどうかを判断する"",
    ""10. 正解なら、机に正解のカードを表示し、カードの配列を更新し、入力回数が0ならゲームクリアのメッセージを表示し、抜ける"",
    ""11. 入力回数が0でないなら、残念なメッセージを表示し、入力回数をインクリメントする"",
    ""12. 机を出力する"",
    ""13. 入力回数と机を出力する""
  ],
  ""出力データ"": [""机"", ""入力回数""],
  ""制約事項"": [""入力回数は0から始まる"", ""入力回数はインクリメントされる""]",0.20260223048327136,8
"問題文：
以下の条件で図形を描画するプログラムを作成してください。
描画する図形は円で、半径は130、中心座標は[150,150]です。線の太さは10、線の色はRGB(0,0,255)、塗り色はRGB(255,0,0)です。","10に線太さ設定。
RGB(255,0,0)に塗色設定。
RGB(0,0,255)に線色設定。
[150,150]に130の円描画。","# 円を描画する --- (*1)
半径=130
中心座標=[150,150]
線の太さ=10
線の色=RGB(0,0,255)
塗り色=RGB(255,0,0)

# 円を描画 --- (*2)
中心座標から半径だけ離れた位置に円描画。","{
  ""目的"": ""円を描画するプログラムの作成"",
  ""入力データ"": [],
  ""制御構造"": [],
  ""処理手順"": [
    ""1. 円の半径を130に設定する"",
    ""2. 円の中心座標を[150,150]に設定する"",
    ""3. 線の太さを10に設定する"",
    ""4. 線の色をRGB(0,0,255)に設定する"",
    ""5. 塗り色をRGB(255,0,0)に設定する"",
    ""6. 円を描画する""
  ],
  ""出力データ"": ""描画された円"",
  ""制約事項"": []",0.24691358024691357,12
"問題文：
天気APIのURLを指定し、AjaxでAPIにアクセスしてJSONデータを受信した後、なでしこのデータに変換し、都市別天気辞書に代入する。次に、辞書型変数からキー「東京」の値を取得し、予報一覧を反復して、日付と予報を取り出して表示してください。","# 天気APIのURLを指定 --- (*1)
APIは「https://api.aoikujira.com/tenki/week.php?fmt=json」

# AjaxでAPIにアクセス --- (*2)
APIからAJAX受信した時には
　　# JSONデータをなでしこのデータに変換 --- (*3)
　　対象をJSONデコードして都市別天気辞書に代入。
　　# 辞書型変数からキー「東京」の値を取得 --- (*4)
　　予報一覧＝都市別天気辞書＠「東京」
　　# 配列の値を一つずつ取り出す --- (*5)
　　予報一覧を反復
　　　　# データに含まれる日付と予報を取り出す --- (*6)
　　　　日付＝対象@「date」
　　　　予報＝対象＠「forecast」
　　　　「{日付} - {予報}」を表示。
　　ここまで。
ここまで。","# 天気APIのURLを指定
apiUrl = ""https://weatherapi.example.com/api""

# AjaxでAPIにアクセスし、JSONデータを受信
jsonData = ajax(apiUrl)

# JSONデータをなでしこのデータに変換
dataDict = jsonDataをなでしこのデータに変換

# 都市別天気辞書に代入
weatherDict = dataDictの都市別天気辞書

# 辞書型変数からキー「東京」の値を取得
tokyoWeather = weatherDictの東京

# 予報一覧を反復して、日付と予報を取り出して表示
for each 予報 in tokyoWeatherの予報一覧
    日付 = 予報の日付
    天気予報 = 予報の天気予報
    ""{日付}の天気は{天気予報}""を表示
ここまで。","{
  ""目的"": ""天気APIのURLを指定し、AjaxでAPIにアクセスしてJSONデータを受信し、都市別天気辞書に代入し、キー「東京」の値を取得し、予報一覧を反復して、日付と予報を取り出して表示する"",
  ""入力データ"": ""天気APIのURL、Ajaxのデータ"",
  ""制御構造"": [""無限ループ"", ""条件分岐（APIのデータが受信された場合）"", ""関数定義"" ],
  ""処理手順"": [
    ""1. 天気APIのURLを指定する"",
    ""2. AjaxでAPIにアクセスしてJSONデータを受信する"",
    ""3. 受信したJSONデータをなでしこのデータに変換する"",
    ""4. 都市別天気辞書に代入する"",
    ""5. 辞書型変数からキー「東京」の値を取得する"",
    ""6. 予報一覧を反復する"",
    ""7. 日付と予報を取り出して表示する""
  ],
  ""出力データ"": ""日付と予報の表示"",
  ""制約事項"": ""APIのデータ受信エラー、辞書のキーが存在しない場合のエラー処理""",0.379585326953748,13
"問題文：
ジャンケンゲームをプログラミングしてください。ゲームは「✊✌✋ ジャンケンゲーム ✊✌✋」と表示された後、ジャンケンを繰り返し行い、得点を計算します。ジャンケンは、0から2の乱数で相手の手の番号を決定し、自分は「✊グー、1:✌チョキ、2:✋パー」から選択します。判定は、(自分-相手+3)%3で行い、0ならば「あいこです。」、1ならば「負け😭 -1点」、2ならば「勝ち😀 +3点」と表示します。ゲームを続けるかどうかを尋ね、キャンセルならば終了します。","# 変数の初期化 --- (*1)
得点は0
終了フラグはオフ
手説明は「{改行}0:✊グー, 1:✌チョキ ,2:✋パー{改行}」
タイトルは「
────────────────────────────────
✊✌✋ ジャンケンゲーム ✊✌✋
────────────────────────────────
」

# 繰り返しゲームを遊べるよう繰り返す --- (*2)
（終了フラグ＝オフ）の間繰り返す
　　ジャンケンゲーム実行。
　　終了判定。
ここまで。

# 数当てゲームを実行する関数 --- (*3)
●ジャンケンゲーム実行とは
　　相手=3の乱数
　　「{タイトル}いざ勝負！{手説明}どれを出す？」と尋ねて自分に代入。
　　状況＝「{タイトル}自分は{自分の手取得}、相手は{相手の手取得}{改行}」
　　判定＝(自分-相手+3)%3 # --- (*4)
　　もし、判定が0ならば
　　　　「{状況}あいこです。」と言う。
　　違えば、もし、判定が1ならば
　　　　得点＝得点 - 1
　　　　もし、得点が0以下ならば、得点は0
　　　　「{状況}負け😭 -1点」と言う。
　　違えば、もし、判定が2ならば
　　　　得点＝得点+3。
　　　　「{状況}勝ち😀 +3点」と言う
　　ここまで。
ここまで。

# 終了するか尋ねる関数 --- (*5)
●終了判定とは
　　「{タイトル}現在{得点}点。ゲームを続けますか？」と二択。
　　もし、それがキャンセルならば、終了フラグ＝オン。
ここまで。

# ジャンケンの手を返す --- (*6)
●(番号の)手取得とは
　　もし、番号が0ならば、それは「✊グー」
　　もし、番号が1ならば、それは「✌チョキ」
　　もし、番号が2ならば、それは「✋パー」
ここまで。","# ジャンケンゲームの関数定義
●ジャンケンとは
　　「✊✌✋ ジャンケンゲーム ✊✌✋」を表示。
　　自分の手を尋ね、自分の手＝0ならば「✊グー」、1ならば「✌チョキ」、2ならば「✋パー」と表示。
　　相手の手を乱数で決定（0から2）。
　　相手の手＝0ならば「✊グー」、1ならば「✌チョキ」、2ならば「✋パー」と表示。
　　(自分の手-相手の手+3)%3を計算し、結果＝0ならば「あいこです。」、1ならば「負け😭 -1点」、2ならば「勝ち😀 +3点」と表示。
　　得点を表示。
ここまで。

# ゲームのメインループ
得点＝0
繰り返す
　　ジャンケンとする。
　　「もう一度遊びますか？」を尋ね、結果が「はい」ならば続行、「いいえ」ならば中断。
ここまで。","{
  ""目的"": ""ジャンケンゲームをプログラミングし、得点を計算する"",
  ""入力データ"": ""乱数、自分が選ぶ手の番号"",
  ""制御構造"": [""無限ループ"", ""条件分岐（自分と相手の手が一致する場合）""],
  ""処理手順"": [
    ""1. 乱数で相手の手の番号を決定する"",
    ""2. 自分が選ぶ手の番号を入力する"",
    ""3. 判定を行う"",
    ""4. 判定結果に応じて得点を更新する"",
    ""5. ゲームを続けるかどうかを尋ねる"",
    ""6. キャンセルならば終了、続けるならば1に戻る""
  ],
  ""出力データ"": ""ゲームの結果、得点"",
  ""制約事項"": ""エラー処理や制限は特にない""",0.12691466083150985,10
"問題文：
二倍処理を実行するプログラムを作成してください。二倍処理とは、与えられた数値を2で割り算することです。例えば、2を二倍処理すると4になり、3を二倍処理すると6になります。指定された数値を二倍処理し、結果を表示するプログラムを完成してください。","# 関数を定義 --- (*1)
●(Nを)二倍処理とは
　　それはN×2。
ここまで

# 関数を使う --- (*2)
2を二倍処理して表示。
3を二倍処理して表示。
5を二倍処理して表示。","# 変数の定義と初期化
数値 = 2

# 二倍処理を実行
結果 = 数値 * 2

# 結果を表示
結果を表示。","{
  ""目的"": ""指定された数値を二倍処理し、結果を表示する"",
  ""入力データ"": ""指定された数値"",
  ""制御構造"": [""無限ループ"", ""条件分岐""],
  ""処理手順"": [
    ""1. 入力された数値を取得する"",
    ""2. 2で割り算する"",
    ""3. 割り算の結果を表示する"",
    ""4. 2で割り算するかどうかを確認する"",
    ""5. 4でYESの場合、2に戻る"",
    ""6. 4でNOの場合、プログラムを終了する""
  ],
  ""出力データ"": ""割り算の結果"",
  ""制約事項"": ""指定された数値が0の場合、プログラムを終了する""",0.25862068965517243,15
"問題文：
ある物語を書くために、主人公の名前を尋ねて、物語に名前を埋め込んで表示してください。物語は、主人公が旅に出てプログラミングを習得し、王女様から求婚されて幸せな生活を送るという内容です。","# 名前を尋ねる --- (*1)
「主人公の名前は？」と尋ねて主人公に代入。
# 物語に名前を埋め込んで表示 --- (*2)
「📌これは平凡な役人だった{主人公}😀の物語。
・ある日、{主人公}😀は旅に出てプログラミングを習得した。
・旅を終えて宮廷に戻ると王女様👸から求婚された。
・{主人公}は幸せな生活を送った。」と表示。","「主人公の名前は何ですか？」と尋ねて、主人公に名前を設定。
「プログラミングを習得して旅に出る」と表示。
「王女様から求婚されて幸せな生活を送る」と表示。
「{主人公}は、旅に出てプログラミングを習得し、王女様から求婚されて幸せな生活を送りました。」と表示。","{
  ""目的"": ""主人公の名前を尋ねて、物語に名前を埋め込んで表示する"",
  ""入力データ"": ""ユーザー入力（主人公の名前）"",
  ""制御構造"": [""無限ループ"", ""条件分岐（入力が空の場合）""],
  ""処理手順"": [
    ""1. 主人公の名前を尋ねる"",
    ""2. 名前が空の場合、エラーを出力してループに戻る"",
    ""3. 名前が入力されたら、物語を表示する"",
    ""4. 物語に名前を埋め込む"",
    ""5. 物語を表示する"",
    ""6. 主人公が旅に出てプログラミングを習得する"",
    ""7. 王女様から求婚されて幸せな生活を送る"",
    ""8. 物語を表示する""
  ],
  ""出力データ"": ""物語の表示"",
  ""制約事項"": ""入力が空の場合、エラーを出力する""",0.5109489051094891,12
