problem_text,correct_code,generated_code,similarity,shots_count
"問題文：
あるキャラクターのステータスを表す辞書を定義し、初期化してください。辞書には「体力」、「知力」、「素早さ」の3つの要素を含めます。次に、定義した辞書の各要素を全て表示するプログラムを書いてください。各要素は「{対象キー}: {対象}」という形式で出力するようにしてください。","# 変数Dの内容を初期化
D = {""体力"": 30, ""知力"": 20, ""素早さ"": 25}

# 変数Dの各要素を全て表示
Dを反復
　　「{対象キー}: {対象}」を表示。
ここまで。","キャラクターのステータスを表す辞書を定義し、初期化する。
キャラクターのステータスは「体力」、「知力」、「素早さ」からなる。
キャラクターのステータスを表示。
　　「体力: 100」。
　　「知力: 50」。
　　「素早さ: 80」。
ここまで。",0.24731182795698925,10
"問題文：
以下の要件を満たすプログラムを書いてください。具体的には、4つの要素をもつリストを定義し、各要素の値を表示するプログラムを書いてください。リストの要素の初期化は、数字を指定してください。","# 変数Aの内容を初期化
A = [30, 50, 20, 80]

# Aの各要素を全て表示
Aを反復
　　対象を表示。
ここまで。","A = [1, 2, 3, 4]
Aを反復
　　Aの各要素を表示。
ここまで。",0.5185185185185185,10
"問題文：
ある物語を書くために、主人公の名前を尋ねて、物語に名前を埋め込んで表示してください。物語は、主人公が旅に出てプログラミングを習得し、王女様から求婚されて幸せな生活を送るという内容です。","# 名前を尋ねる --- (*1)
「主人公の名前は？」と尋ねて主人公に代入。
# 物語に名前を埋め込んで表示 --- (*2)
「📌これは平凡な役人だった{主人公}😀の物語。
・ある日、{主人公}😀は旅に出てプログラミングを習得した。
・旅を終えて宮廷に戻ると王女様👸から求婚された。
・{主人公}は幸せな生活を送った。」と表示。","名前を尋ねて、名前を主人公に代入。
「{名前}が旅に出て、プログラミングを習得し、王女様から求婚されて幸せな生活を送る」と表示。",0.5023696682464455,9
"問題文：
あるプログラムを作成してください。入力された回数分、メッセージを出力し、指定回数分繰り返し実行するプログラムです。メッセージは「義なる者はたとえ七度倒れても必ず立ち上がる」で、回数は入力することができます。",「義なる者はたとえ七度倒れても必ず立ち上がる」と表示,"回数を入力。
回数の間繰り返す。
　　「義なる者はたとえ七度倒れても必ず立ち上がる」と表示。
繰り返す。",0.7123287671232876,7
"問題文：
ネコの飼い主は、年間の費用を計算する必要があります。エサ代は月額4100円で、1年分は12か月分を計算する必要があります。トイレ砂は月額6000円で、2回分を計算する必要があります。保険は月額2500円で、1年分は12か月分を計算する必要があります。健康診断は1回12,000円かかります。全ての費用を合計し、年間でいくら必要かを計算してください。計算結果を表示する文章は「毎年{費用合計}円必要です。」で、費用合計を表示してください。","# ネコの年間費用を指定 --- (*1)
エサ代＝4100×12
トイレ砂＝6000×2
保険＝2500×12
健康診断＝12000×1

# 費用を合計 --- (*2)
費用合計＝エサ代＋トイレ砂＋保険＋健康診断

# 結果を表示 --- (*3)
「毎年{費用合計}円必要です。」を表示。","エサ代は4100円
トイレ砂は6000円
保険は2500円
健康診断は12000円
年間のエサ代＝エサ代×12
年間のトイレ砂＝トイレ砂×2
年間の保険＝保険×12
年間の健康診断＝健康診断
年間の費用合計＝年間のエサ代＋年間のトイレ砂＋年間の保険＋年間の健康診断
年間の費用合計を表示。
「毎年{年間の費用合計}円必要です。」",0.48905109489051096,8
"問題文：
カメを動かして、指定された速度で進ませてください。速度は1回の動作で36回分の動きを指定します。六角形を描くために、6回の繰り返し動作をします。各回の動作では、カメを100だけ進ませてから、360度を6で割った分だけ右回転させてください。","カメ作成。
1にカメ速度設定。
36回
　　六角形描画
　　10だけカメ右回転。
ここまで。

●六角形描画とは
　　6回繰り返す
　　　　100だけカメ進む
　　　　(360÷6)だけカメ右回転。
　　ここまで。
ここまで。","カメ作成。
速度を36回分の動きに設定。
6回繰り返す。
　　100だけカメ進む。
　　360÷6だけカメ右回転。
　　100だけカメ進む。
　　360÷6だけカメ右回転。
　　100だけカメ進む。
　　360÷6だけカメ右回転。
　　100だけカメ進む。
　　360÷6だけカメ右回転。
　　100だけカメ進む。
　　360÷6だけカメ右回転。
　　100だけカメ進む。
　　360÷6だけカメ右回転。
　　100だけカメ進む。
　　360÷6だけカメ右回転。
　　100だけカメ進む。
　　360÷6だけカメ右回転。
　　100だけカメ進む。
　　360÷6だけカメ右回転。
　　100だけカメ進む。
　　360÷6だけカメ右回転。
　　100だけカメ進む。
　　360÷6だけカメ右回転。
　　100だけカメ進む。
　　360÷6だけカメ右回転。
　　100だけカメ進む。
　　360÷6だけカメ右回転。
　　100だけカメ進む。
　　360÷6だけカメ右回転。
　　100だけカメ進む。
　　360÷6だけカメ右回転。
　　100だけカメ進む。
　　360÷6だけカメ右回転。
　　100だけカメ進む。
　　360÷6だけカメ右回転。
　　100だけカメ進む。
　　360÷6だけカメ右回転。
　　100だけカメ進む。
　　360÷6だけカメ右回転。
　　100だけカメ進む。
　　360÷6だけカメ右回転。
　　100だけカメ進む。
　　360÷6だけカメ右回転。
　　100だけカメ進む。
　　360÷6だけカメ右回転。
　　100だけカメ進む。
　　360÷6だけカメ右回転。",0.05,9
"問題文：
ジャンケンゲームをプログラミングしてください。ゲームは「✊✌✋ ジャンケンゲーム ✊✌✋」と表示された後、ジャンケンを繰り返し行い、得点を計算します。ジャンケンは、0から2の乱数で相手の手の番号を決定し、自分は「✊グー、1:✌チョキ、2:✋パー」から選択します。判定は、(自分-相手+3)%3で行い、0ならば「あいこです。」、1ならば「負け😭 -1点」、2ならば「勝ち😀 +3点」と表示します。ゲームを続けるかどうかを尋ね、キャンセルならば終了します。","# 変数の初期化 --- (*1)
得点は0
終了フラグはオフ
手説明は「{改行}0:✊グー, 1:✌チョキ ,2:✋パー{改行}」
タイトルは「
────────────────────────────────
✊✌✋ ジャンケンゲーム ✊✌✋
────────────────────────────────
」

# 繰り返しゲームを遊べるよう繰り返す --- (*2)
（終了フラグ＝オフ）の間繰り返す
　　ジャンケンゲーム実行。
　　終了判定。
ここまで。

# 数当てゲームを実行する関数 --- (*3)
●ジャンケンゲーム実行とは
　　相手=3の乱数
　　「{タイトル}いざ勝負！{手説明}どれを出す？」と尋ねて自分に代入。
　　状況＝「{タイトル}自分は{自分の手取得}、相手は{相手の手取得}{改行}」
　　判定＝(自分-相手+3)%3 # --- (*4)
　　もし、判定が0ならば
　　　　「{状況}あいこです。」と言う。
　　違えば、もし、判定が1ならば
　　　　得点＝得点 - 1
　　　　もし、得点が0以下ならば、得点は0
　　　　「{状況}負け😭 -1点」と言う。
　　違えば、もし、判定が2ならば
　　　　得点＝得点+3。
　　　　「{状況}勝ち😀 +3点」と言う
　　ここまで。
ここまで。

# 終了するか尋ねる関数 --- (*5)
●終了判定とは
　　「{タイトル}現在{得点}点。ゲームを続けますか？」と二択。
　　もし、それがキャンセルならば、終了フラグ＝オン。
ここまで。

# ジャンケンの手を返す --- (*6)
●(番号の)手取得とは
　　もし、番号が0ならば、それは「✊グー」
　　もし、番号が1ならば、それは「✌チョキ」
　　もし、番号が2ならば、それは「✋パー」
ここまで。","「✊✌✋ ジャンケンゲーム ✊✌✋」

＃ 自分の手の選択 --- (*1)
　　手＝「✊グー、1:✌チョキ、2:✋パー」から選択。
　　相手の手の番号＝INT(0の乱数)。

＃ ジャンケン --- (*2)
　　判定=(自分-相手+3)%3。
　　もし、判定=0ならば、「あいこです。」。
　　もし、判定=1ならば、「負け😭 -1点」。
　　もし、判定=2ならば、「勝ち😀 +3点」。

＃ ゲームの繰り返し --- (*3)
　　「ゲームを続けますか？」と尋ねて、キャンセルならば終了。
　　もし、キャンセルならば、点数を表示して終了。
　　「✊✌✋」と表示して、繰り返す。
ここまで。",0.21627906976744185,4
"問題文：
指定された色で四角形を描画してください。四角形のサイズは幅300、奥行き300です。描画中、キャンバスをマウスでクリックした際には、色を白に変更し、線の色を黒に変更してください。クリックした位置に、半径20の円を描画してください。","赤色に塗色設定。
[0, 0, 300, 300]に四角描画。

描画中キャンバスをマウス押した時には
　　白色に塗色設定。黒色に線色設定。
　　[マウスX, マウスY]へ20の円描画。
ここまで。","# 描画の設定 --- (*1)
300に四角形の幅設定。
300に四角形の奥行き設定。

# 描画中のマウスイベント --- (*2)
描画中キャンバスをマウス押した時には
　　色は白に変更。
　　線の色は黒に変更。
　　マウスの位置に半径20の円描画。
ここまで。
描画中キャンバスをマウス離した時には
　　色は元に戻す。
ここまで。
描画中キャンバスをマウス移動した時には
　　もし、色が白ならば、元に戻す。
　　色が黒ならば、元に戻す。
ここまで。",0.358974358974359,6
"問題文：
画像のURLを指定して、画像を読み込むとともに、読み込んだ画像をそのまま描画し、指定された部分を切り出して描画するプログラムを作成してください。画像のURLは[0,0]に画像描画し、指定された部分は[80,0,80,80]に画像部分描画してください。","# 画像のURLを指定
画像URL=「https://n3s.nadesi.com/image.php?f=25.png」

# 読み込んだ横長の画像をそのまま描画 --- (*1)
画像URLを[0,0]に画像描画。

# 一部分(ネコの部分)を切り出して描画 --- (*2)
画像URLの[80,0,80,80]を[0,80,80,80]に画像部分描画。","画像URL=「https://n3s.nadesi.com/image.php?f=25.png」
# 描画領域の設定 --- (*1)
描画領域＝[0,0,80,80]
# 画像を読み込む --- (*2)
画像を画像URLから読み込み。
# 読み込んだ画像を描画 --- (*3)
描画領域に画像描画。
# 指定された部分を切り出して描画 --- (*4)
指定された部分を切り出して描画。
ここまで。",0.5393939393939394,6
"### 

問題文
（中級）",今を表示。,"N=0
Nが5以下の間繰り返す
　　「動物の数は{N+1}で5以下です」と表示。
　　N=N+1",0.13043478260869565,7
