n_shots,level,category,original_code,correct_answer,generated_answer,structure_match,similarity
0,1,A,"# 身長と体重を尋ねる --- (*1)
「身長(cm)は？」と尋ねて身長cmに代入。
「体重(kg)は？」と尋ねて体重kgに代入。
# BMIを計算 --- (*2)
BMI=体重kg÷(身長cm/100)^2
# 肥満かどうか判定 --- (*3)
もし、BMIが25以上ならば
　　判定＝「肥満」
違えば、もし、BMIが18.5未満ならば
　　判定＝「低体重」
違えば
　　判定＝「普通体重」
ここまで。
# 結果を表示 --- (*4)
「BMI={BMI} / 判定={判定}」を表示。
","# 身長と体重を尋ねる --- (--)
「--------」と尋ねて身長cmに代入。
「--------」と尋ねて体重kgに代入。
# BMIを計算 --- (--)
BMI-体重kg-(身長cm----)^-
# 肥満かどうか判定 --- (--)
もし、BMIが--以上ならば
　　判定-「--」
違えば、もし、BMIが----未満ならば
　　判定-「---」
違えば
　　判定-「----」
ここまで。
# 結果を表示 --- (--)
「-------------------」を表示。
","以下のコードに置換します。

# 身長と体重を尋ねる ---
身長 = input(""「身長(cm)は？」"")
体重 = input(""「体重(kg)は？」"")

# BMIを計算 ---
BMI = 体重 / ((身長 / 100) ** 2)

# 肥満かどうか判定 ---
if BMI >= 25:
    判定 = ""肥満""
elif BMI < 18.5:
    判定 = ""低体重""
else:
    判定 = ""普通体重""

# 結果を表示 ---
print(f""BMI={BMI} / 判定={判定}"")",0.0,0.3950617283950617
0,1,A,"# ネコの年間費用を指定 --- (*1)
エサ代＝4100×12
トイレ砂＝6000×2
保険＝2500×12
健康診断＝12000×1

# 費用を合計 --- (*2)
費用合計＝エサ代＋トイレ砂＋保険＋健康診断

# 結果を表示 --- (*3)
「毎年{費用合計}円必要です。」を表示。
","# ネコの年間費用を指定 --- (--)
エサ代--------
トイレ砂-------
保険--------
健康診断--------

# 費用を合計 --- (--)
費用合計-エサ代-トイレ砂-保険-健康診断

# 結果を表示 --- (--)
「--------------」を表示。
","以下のコードに要素を「---」に置換しました。

# ネコの年間費用を指定 ---
エサ代＝4100×12
トイレ砂＝6000×2
保険＝2500×12
健康診断＝12000×1

# 費用を合計 ---
費用合計＝エサ代＋トイレ砂＋保険＋健康診断

# 結果を表示 ---
「毎年{費用合計}円必要です。」",0.0,0.582010582010582
0,1,A,"[50, 50]から[200, 50]へ線描画。
[200, 50]から[50, 200]へ線描画。
[50, 200]から[200, 200]へ線描画。
","[--, --]から[---, --]へ線描画。
[---, --]から[--, ---]へ線描画。
[--, ---]から[---, ---]へ線描画。
","以下のコードに要素を「---」に置換しました。

コード:
---から---へ線描画。
---から---へ線描画。
---へ線描画。",0.0,0.4634146341463415
0,1,A,"# 天気APIのURLを指定 --- (*1)
APIは「https://api.aoikujira.com/tenki/week.php?fmt=json」

# AjaxでAPIにアクセス --- (*2)
APIからAJAX受信した時には
　　# JSONデータをなでしこのデータに変換 --- (*3)
　　対象をJSONデコードして都市別天気辞書に代入。
　　# 辞書型変数からキー「東京」の値を取得 --- (*4)
　　予報一覧＝都市別天気辞書＠「東京」
　　# 配列の値を一つずつ取り出す --- (*5)
　　予報一覧を反復
　　　　# データに含まれる日付と予報を取り出す --- (*6)
　　　　日付＝対象@「date」
　　　　予報＝対象＠「forecast」
　　　　「{日付} - {予報}」を表示。
　　ここまで。
ここまで。
","# 天気APIのURLを指定 --- (--)
APIは「---」

# AjaxでAPIにアクセス --- (--)
APIからAJAX受信した時には
　　# JSONデータをなでしこのデータに変換 --- (--)
　　対象をJSONデコードして都市別天気辞書に代入。
　　# 辞書型変数からキー「---」の値を取得 --- (--)
　　予報一覧-都市別天気辞書-「---」
　　# 配列の値を一つずつ取り出す --- (--)
　　予報一覧を反復
　　　　# データに含まれる日付と予報を取り出す --- (--)
　　　　日付-対象@「---」
　　　　予報-対象-「---」
　　　　「---」を表示。
　　ここまで。
ここまで。
","以下の要素を「---」に置換しました。

# 天気APIのURLを指定 --- (*1)
APIは「https://api.aoikujira.com/tenki/week.php?fmt=json」

# AjaxでAPIにアクセス --- (*2)
APIからAJAX受信した時には
　　# JSONデータをなでしこのデータに変換 ---
　　対象をJSONデコードして都市別天気辞書に代入。
　　# 辞書型変数からキー「東京」の値を取得 ---
　　予報一覧＝都市別天気辞書＠「東京」
　　# 配列の値を一つずつ取り出す ---
　　予報一覧を反復
　　　　# データに含まれる日付と予報を取り出す ---
　　　　日付＝対象@「date」
　　　　予報＝対象＠「forecast」
　　　　「{日付} - {予報}」を表示。",0.0,0.7336065573770492
0,1,A,"12345と表示
","-----と表示
","コード:
---",0.0,0.0
0,1,A,"2に3を足して表示。
100に50を足して表示。
1234567に34567を足して表示。
","-に-を足して表示。
---に--を足して表示。
-------に-----を足して表示。
","以下は、指定された要素を「---」に置換したコードです。

コード:
---に3を足して表示。
100に---を足して表示。
---に34567を足して表示。",0.0,0.37209302325581395
0,1,A,"Ｎ＝2
19回繰り返す
　　もし、N%3=0ならば「🐕{N}は3の倍数」と表示。
　　もし、N%5=0ならば「🐎{N}は3の倍数」と表示。
　　Ｎ＝Ｎ＋１
ここまで。
","Ｎ--
--回繰り返す
　　もし、N----ならば「---------」と表示。
　　もし、N----ならば「---------」と表示。
　　Ｎ-Ｎ--
ここまで。
","以下のコードに「---」を置換します。

Ｎ＝2
19回繰り返す
　　もし、N%3=0ならば「🐕---は3の倍数」と表示。
　　もし、N%5=0ならば「🐎---は5の倍数」と表示。
　　Ｎ＝Ｎ＋１",0.0,0.5862068965517241
0,1,A,"A = [30, 50, 80, 50]
A[0]を表示。
A[2]を表示。
","A - [30, 50, 80, 50]
A[0]を表示。
A[2]を表示。
","以下は、指定された要素を「---」に置換したコードです。

コード:
A = [30, ---, 80, ---]
A[0]を表示。
A[2]を表示。",0.0,0.6046511627906976
0,1,A,"「何インチですか？」と尋ねてインチに代入。
センチ＝インチ×2.54
「{インチ}インチは、{センチ}センチです。」と言う。
","「--------」と尋ねてインチに代入。
センチ-インチ-----
「---------------------」と言う。
","以下は、指定された要素を「---」に置換したコードです。

「何インチですか？」と尋ねて---に代入。
センチ＝---×2.54
「{---}インチは、{センチ}センチです。」",0.0,0.35051546391752575
0,1,A,"W=10
カメ作成
30回繰り返す
　　Wだけカメ進む
　　90だけカメ右回転
　　W=W+10 # --- (*1)
ここまで。
","W--
カメ作成
--回繰り返す
　　Wだけカメ進む
　　--だけカメ右回転
　　W-W+-- # --- (*-)
ここまで。
","以下のコードに修正します。

W=10
カメ作成
30回繰り返す
　　Wだけカメ進む
　　90だけカメ右回転
　　W=W+---",0.0,0.6428571428571429
0,2,B,"# 身長と体重を尋ねる --- (*1)
「身長(cm)は？」と尋ねて身長cmに代入。
「体重(kg)は？」と尋ねて体重kgに代入。
# BMIを計算 --- (*2)
BMI=体重kg÷(身長cm/100)^2
# 肥満かどうか判定 --- (*3)
もし、BMIが25以上ならば
　　判定＝「肥満」
違えば、もし、BMIが18.5未満ならば
　　判定＝「低体重」
違えば
　　判定＝「普通体重」
ここまで。
# 結果を表示 --- (*4)
「BMI={BMI} / 判定={判定}」を表示。
","# 身長と体重を--- --- (*1)
「身長(cm)は？」と尋ねて身長cmに--。
「体重(kg)は？」と尋ねて体重kgに--。
# BMIを計算 --- (*2)
BMI=体重kg÷(身長cm/100)^2
# 肥満かどうか判定 --- (*3)
もし、BMIが25以上ならば
　　判定＝「肥満」
違えば、もし、BMIが18.5未満ならば
　　判定＝「低体重」
違えば
　　判定＝「普通体重」
ここまで。
# 結果を-- --- (*4)
「BMI={BMI} / 判定={判定}」を--。
","以下のコードに置換します。

# 身長と体重を尋ねる ---
「身長(cm)は？」と尋ねて身長cmに代入。
「体重(kg)は？」と尋ねて体重kgに代入。

# BMIを計算 ---
BMI=体重kg÷(身長cm/100)^2

# 肥満かどうか判定 ---
もし、BMIが25以上ならば
　　判定＝「肥満」
違えば、もし、BMIが18.5未満ならば
　　判定＝「低体重」
違えば
　　判定＝「普通体重」

# 結果を表示 ---
「BMI={BMI} / 判定={判定}」",0.0,0.8818897637795275
0,2,B,"# ネコの年間費用を指定 --- (*1)
エサ代＝4100×12
トイレ砂＝6000×2
保険＝2500×12
健康診断＝12000×1

# 費用を合計 --- (*2)
費用合計＝エサ代＋トイレ砂＋保険＋健康診断

# 結果を表示 --- (*3)
「毎年{費用合計}円必要です。」を表示。
","# ネコの年間費用を指定 --- (*1)
エサ代＝4100×12
トイレ砂＝6000×2
保険＝2500×12
健康診断＝12000×1

# 費用を合計 --- (*2)
費用合計＝エサ代＋トイレ砂＋保険＋健康診断

# 結果を-- --- (*3)
「毎年{費用合計}円必要です。」を--。
","以下のコードに変更します。

# ネコの年間費用を指定 ---
エサ代＝4100×12
トイレ砂＝6000×2
保険＝2500×12
健康診断＝12000×1

# 費用を合計 ---
費用合計＝エサ代＋トイレ砂＋保険＋健康診断

# 結果を表示 ---
「毎年{費用合計}円必要です。」",0.0,0.8755364806866953
0,2,B,"[50, 50]から[200, 50]へ線描画。
[200, 50]から[50, 200]へ線描画。
[50, 200]から[200, 200]へ線描画。
","[50, 50]から[200, 50]へ線描画。
[200, 50]から[50, 200]へ線描画。
[50, 200]から[200, 200]へ線描画。
","以下は、指定された要素を「---」に置換したコードです。

---から---へ線描画。
---から---へ線描画。
---へ線描画。",0.0,0.336283185840708
0,2,B,"# 天気APIのURLを指定 --- (*1)
APIは「https://api.aoikujira.com/tenki/week.php?fmt=json」

# AjaxでAPIにアクセス --- (*2)
APIからAJAX受信した時には
　　# JSONデータをなでしこのデータに変換 --- (*3)
　　対象をJSONデコードして都市別天気辞書に代入。
　　# 辞書型変数からキー「東京」の値を取得 --- (*4)
　　予報一覧＝都市別天気辞書＠「東京」
　　# 配列の値を一つずつ取り出す --- (*5)
　　予報一覧を反復
　　　　# データに含まれる日付と予報を取り出す --- (*6)
　　　　日付＝対象@「date」
　　　　予報＝対象＠「forecast」
　　　　「{日付} - {予報}」を表示。
　　ここまで。
ここまで。
","# 天気APIのURLを指定 --- (*1)
APIは「https://api.aoikujira.com/tenki/week.php?fmt=json」

# AjaxでAPIにアクセス --- (*2)
APIからAJAX受信した時には
　　# JSONデータをなでしこのデータに変換 --- (*3)
　　対象をJSONデコードして都市別天気辞書に--。
　　# 辞書型変数からキー「東京」の値を取得 --- (*4)
　　予報一覧＝都市別天気辞書＠「東京」
　　# 配列の値を一つずつ取り出す --- (*5)
　　予報一覧を反復
　　　　# データに含まれる日付と予報を取り出す --- (*6)
　　　　日付＝対象@「date」
　　　　予報＝対象＠「forecast」
　　　　「{日付} - {予報}」を--。
　　ここまで。
ここまで。
","以下の要素を「---」に置換しました。

# 天気APIのURLを指定 --- (*1)
APIは「https://api.aoikujira.com/tenki/week.php?fmt=json」

# --- (*2)
APIからAJAX受信した時には
　　# --- (*3)
　　対象をJSONデコードして都市別天気辞書に代入。
　　# --- (*4)
　　予報一覧＝都市別天気辞書＠「東京」
　　# --- (*5)
　　予報一覧を反復
　　　　# --- (*6)
　　　　日付＝対象@「date」
　　　　予報＝対象＠「forecast」
　　　　「{日付} - {予報}」を表示。",0.0,0.7819253438113949
0,2,B,"12345と表示
","12345と--
",12345 ---,0.0,0.9090909090909091
0,2,B,"2に3を足して表示。
100に50を足して表示。
1234567に34567を足して表示。
","2に3を足して--。
100に50を足して--。
1234567に34567を足して--。
","以下は、指定された要素を「---」に置換したコードです。

---
x = --- + 3
print(x)
x = --- + 50
print(x)
x = --- + 34567
print(x)",0.0,0.17475728155339806
0,2,B,"Ｎ＝2
19回繰り返す
　　もし、N%3=0ならば「🐕{N}は3の倍数」と表示。
　　もし、N%5=0ならば「🐎{N}は3の倍数」と表示。
　　Ｎ＝Ｎ＋１
ここまで。
","Ｎ＝2
19回繰り返す
　　もし、N%3=0ならば「🐕{N}は3の倍数」と--。
　　もし、N%5=0ならば「🐎{N}は3の倍数」と--。
　　Ｎ＝Ｎ＋１
ここまで。
","以下のコードに要素を「---」に置換しました。

Ｎ＝2
19回繰り返す
　　もし、N%3=0ならば「---」表示。
　　もし、N%5=0ならば「---」表示。
　　Ｎ＝Ｎ＋１",0.0,0.6370370370370371
0,2,B,"A = [30, 50, 80, 50]
A[0]を表示。
A[2]を表示。
","A = [30, 50, 80, 50]
A[0]を--。
A[2]を--。
","以下は、指定された要素を「---」に置換したコードです。

A = [30, 50, ---, 50]
---",0.0,0.4
0,2,B,"「何インチですか？」と尋ねてインチに代入。
センチ＝インチ×2.54
「{インチ}インチは、{センチ}センチです。」と言う。
","「何インチですか？」と尋ねてインチに--。
センチ＝インチ×2.54
「{インチ}インチは、{センチ}センチです。」と--。
","以下は、指定された要素を「---」に置換したコードです。

「何インチですか？」と---てインチに代入。
センチ＝インチ×2.54
「{インチ}インチは、{センチ}センチです。」と---。",0.0,0.7883211678832117
0,2,B,"W=10
カメ作成
30回繰り返す
　　Wだけカメ進む
　　90だけカメ右回転
　　W=W+10 # --- (*1)
ここまで。
","W=10
カメ作成
30回繰り返す
　　Wだけカメ進む
　　90だけカメ右回転
　　W=W+10 # --- (*1)
ここまで。
","*1の部分を「---」に置換します。

W=10
カメ作成
30回繰り返す
　　Wだけカメ進む
　　90だけカメ右回転
　　W=---",0.0,0.6947368421052632
0,3,C,"# 身長と体重を尋ねる --- (*1)
「身長(cm)は？」と尋ねて身長cmに代入。
「体重(kg)は？」と尋ねて体重kgに代入。
# BMIを計算 --- (*2)
BMI=体重kg÷(身長cm/100)^2
# 肥満かどうか判定 --- (*3)
もし、BMIが25以上ならば
　　判定＝「肥満」
違えば、もし、BMIが18.5未満ならば
　　判定＝「低体重」
違えば
　　判定＝「普通体重」
ここまで。
# 結果を表示 --- (*4)
「BMI={BMI} / 判定={判定}」を表示。
","# 身長と体重を尋ねる --- (*1)
「身長(cm)は？」と尋ねて身長cmに代入。
「体重(kg)は？」と尋ねて体重kgに代入。
# BMIを計算 --- (*2)
BMI=体重kg÷(身長cm/100)^2
# 肥満かどうか判定 --- (*3)
--、BMIが25以上---
　　判定＝「肥満」
---、--、BMIが18.5未満---
　　判定＝「低体重」
---
　　判定＝「普通体重」
----。
# 結果を表示 --- (*4)
「BMI={BMI} / 判定={判定}」を表示。
","以下の制御構文に関わる語句を「---」に置換して、コードを変更しない部分はそのままにします。

コード:
# 身長と体重を尋ねる ---
「身長(cm)は？」と尋ねて身長cmに代入。
「体重(kg)は？」と尋ねて体重kgに代入。
# BMIを計算 ---
BMI=体重kg÷(身長cm/100)^2
# 肥満かどうか判定 ---
もし、BMIが25以上ならば
　　判定＝「肥満」
違えば、もし、BMIが18.5未満ならば
　　判定＝「低体重」
違えば
　　判定＝「普通体重」
ここまで。
# 結果を表示 ---
「BMI={BMI} / 判定={判定}」を表示。",0.0,0.7951807228915663
0,3,C,"# ネコの年間費用を指定 --- (*1)
エサ代＝4100×12
トイレ砂＝6000×2
保険＝2500×12
健康診断＝12000×1

# 費用を合計 --- (*2)
費用合計＝エサ代＋トイレ砂＋保険＋健康診断

# 結果を表示 --- (*3)
「毎年{費用合計}円必要です。」を表示。
","# ネコの年-費用を指定 --- (*1)
エサ代＝4100×12
トイレ砂＝6000×2
保険＝2500×12
健康診断＝12000×1

# 費用を合計 --- (*2)
費用合計＝エサ代＋トイレ砂＋保険＋健康診断

# 結果を表示 --- (*3)
「毎年{費用合計}円必要です。」を表示。
","以下の制御構文に関わる語句を「---」に置換して、コードを変更しない部分はそのままにします。

コード:
# ネコの年間費用を指定 ---
エサ代＝4100×12
トイレ砂＝6000×2
保険＝2500×12
健康診断＝12000×1

# 費用を合計 ---
費用合計＝エサ代＋トイレ砂＋保険＋健康診断

# 結果を表示 ---
「毎年{費用合計}円必要です。」",0.0,0.762962962962963
0,3,C,"[50, 50]から[200, 50]へ線描画。
[200, 50]から[50, 200]へ線描画。
[50, 200]から[200, 200]へ線描画。
","[50, 50]から[200, 50]へ線描画。
[200, 50]から[50, 200]へ線描画。
[50, 200]から[200, 200]へ線描画。
","以下は、制御構文に基づく空欄化したコードです。

コード:
if --- then {
    [50, 50]から[200, 50]へ線描画。
} else {
    [200, 50]から[50, 200]へ線描画。
}
for --- {
    [50, 200]から[200, 200]へ線描画。
}",0.0,0.75
0,3,C,"# 天気APIのURLを指定 --- (*1)
APIは「https://api.aoikujira.com/tenki/week.php?fmt=json」

# AjaxでAPIにアクセス --- (*2)
APIからAJAX受信した時には
　　# JSONデータをなでしこのデータに変換 --- (*3)
　　対象をJSONデコードして都市別天気辞書に代入。
　　# 辞書型変数からキー「東京」の値を取得 --- (*4)
　　予報一覧＝都市別天気辞書＠「東京」
　　# 配列の値を一つずつ取り出す --- (*5)
　　予報一覧を反復
　　　　# データに含まれる日付と予報を取り出す --- (*6)
　　　　日付＝対象@「date」
　　　　予報＝対象＠「forecast」
　　　　「{日付} - {予報}」を表示。
　　ここまで。
ここまで。
","# 天気APIのURLを指定 --- (*1)
APIは「https://api.aoikujira.com/tenki/week.php?fmt=json」

# AjaxでAPIにアクセス --- (*2)
APIからAJAX受信した時には
　　# JSONデータをなでしこのデータに変換 --- (*3)
　　対象をJSONデコードして都市別天気辞書に代入。
　　# 辞書型変数からキー「東京」の値を取得 --- (*4)
　　予報一覧＝都市別天気辞書＠「東京」
　　# 配列の値を一つずつ取り出す --- (*5)
　　予報一覧を--
　　　　# データに含まれる日付と予報を取り出す --- (*6)
　　　　日付＝対象@「date」
　　　　予報＝対象＠「forecast」
　　　　「{日付} - {予報}」を表示。
　　----。
----。
","以下の制御構文に関わる語句を「---」に置換してください。

1. 繰り返し制御: 繰り返す、間、反復、抜ける など
2. 条件分岐: もし、ならば、違えば、ここまで など

コード:
# 天気APIのURLを指定 --- (*1)
APIは「https://api.aoikujira.com/tenki/week.php?fmt=json」

# AjaxでAPIにアクセス --- (*2)
APIからAJAX受信した時には
　　# JSONデータをなでしこのデータに変換 --- (*3)
　　対象をJSONデコードして都市別天気辞書に代入。
　　# 辞書型変数からキー「東京」の値を取得 --- (*4)
　　予報一覧＝都市別天気辞書＠「東京」
　　# 配列の値を一つずつ取り出す --- (*5)
　　予報一覧を --- (*5)
　　　　# データに含まれる日付と予報を取り出す --- (*6)
　　　　日付＝対象@「date」
　　　　予報＝対象＠「forecast」
　　　　「{日付} - {予報}」を表示。
　　ここまで。",0.0,0.8667687595712098
0,3,C,"12345と表示
","12345と表示
","以下は、制御構文に関わる語句を「---」に置換したコードです。

123 ---",0.0,0.15384615384615385
0,3,C,"2に3を足して表示。
100に50を足して表示。
1234567に34567を足して表示。
","2に3を足して表示。
100に50を足して表示。
1234567に34567を足して表示。
","以下は、制御構文を「---」に置換したコードです。

2に---を足して表示。
100に---を足して表示。
1234567に---を足して表示。",0.0,0.7
0,3,C,"Ｎ＝2
19回繰り返す
　　もし、N%3=0ならば「🐕{N}は3の倍数」と表示。
　　もし、N%5=0ならば「🐎{N}は3の倍数」と表示。
　　Ｎ＝Ｎ＋１
ここまで。
","Ｎ＝2
19回----
　　--、N%3=0---「🐕{N}は3の倍数」と表示。
　　--、N%5=0---「🐎{N}は3の倍数」と表示。
　　Ｎ＝Ｎ＋１
----。
","以下の制御構文を「---」に置換して、コードを修正します。

Ｎ＝2
---繰り返す
　　もし、N%3=0ならば「🐕{N}は3の倍数」と表示。
　　もし、N%5=0ならば「🐎{N}は5の倍数」と表示。
　　Ｎ＝Ｎ＋１
---まで。",0.0,0.6802721088435374
0,3,C,"A = [30, 50, 80, 50]
A[0]を表示。
A[2]を表示。
","A = [30, 50, 80, 50]
A[0]を表示。
A[2]を表示。
","以下は、制御構文に基づく空欄化したコードです。

A = [30, 50, 80, 50]
if --- then
    A[0]を表示。
else
    A[2]を表示。",0.0,0.6526315789473685
0,3,C,"「何インチですか？」と尋ねてインチに代入。
センチ＝インチ×2.54
「{インチ}インチは、{センチ}センチです。」と言う。
","「何インチですか？」と尋ねてインチに代入。
センチ＝インチ×2.54
「{インチ}インチは、{センチ}センチです。」と言う。
","以下は、制御構文を「---」に置換したコードです。

「何インチですか？」と尋ねてインチに代入。
センチ＝インチ×2.54
「---」インチは、---センチです。」と言う。",0.0,0.7518796992481203
0,3,C,"W=10
カメ作成
30回繰り返す
　　Wだけカメ進む
　　90だけカメ右回転
　　W=W+10 # --- (*1)
ここまで。
","W=10
カメ作成
30回----
　　Wだけカメ進む
　　90だけカメ右回転
　　W=W+10 # --- (*1)
----。
","*1の空欄に適切な語句を入れると、以下のようになります。

W=10
カメ作成
30回繰り返す
　　Wだけカメ進む
　　90だけカメ右回転
　　W=W-10",0.0,0.6213592233009708
0,4,D,"# 身長と体重を尋ねる --- (*1)
「身長(cm)は？」と尋ねて身長cmに代入。
「体重(kg)は？」と尋ねて体重kgに代入。
# BMIを計算 --- (*2)
BMI=体重kg÷(身長cm/100)^2
# 肥満かどうか判定 --- (*3)
もし、BMIが25以上ならば
　　判定＝「肥満」
違えば、もし、BMIが18.5未満ならば
　　判定＝「低体重」
違えば
　　判定＝「普通体重」
ここまで。
# 結果を表示 --- (*4)
「BMI={BMI} / 判定={判定}」を表示。
","# 身長と体重を尋ねる --- (*1)
「身長(cm)は？」と尋ねて身長cmに代入。
「体重(kg)は？」と尋ねて体重kgに代入。
# BMIを計算 --- (*2)
BMI=体重kg÷(身長cm/100)^2
# 肥満かどうか判定 --- (*3)
もし、BMIが25以上ならば
　　判定＝「肥満」
違えば、もし、BMIが18.5未満ならば
　　判定＝「低体重」
違えば
　　判定＝「普通体重」
ここまで。
# 結果を表示 --- (*4)
「BMI={BMI} / 判定={判定}」を表示。
","以下の高度なデータ操作に関わる語句を「---」に置換してください。

1. 配列・辞書操作
2. 数値・データ保存（乱数、保存など）
3. その他: 関数、それ、対象、JSON、CSV

コード:
# 身長と体重を尋ねる ---
「身長(cm)は？」と尋ねて身長cmに代入。
「体重(kg)は？」と尋ねて体重kgに代入。
# BMIを計算 ---
BMI=体重kg÷(身長cm/100)^2
# 肥満かどうか判定 ---
もし、BMIが25以上ならば
　　判定＝「肥満」
違えば、もし、BMIが18.5未満ならば
　　判定＝「低体重」
違えば
　　判定＝「普通体重」
# 結果を表示 ---
「BMI={BMI} / 判定={判定}」",0.0,0.7629310344827587
0,4,D,"# ネコの年間費用を指定 --- (*1)
エサ代＝4100×12
トイレ砂＝6000×2
保険＝2500×12
健康診断＝12000×1

# 費用を合計 --- (*2)
費用合計＝エサ代＋トイレ砂＋保険＋健康診断

# 結果を表示 --- (*3)
「毎年{費用合計}円必要です。」を表示。
","# ネコの年間費用を指定 --- (*1)
エサ代＝4100×12
トイレ砂＝6000×2
保険＝2500×12
健康診断＝12000×1

# 費用を合計 --- (*2)
費用合計＝エサ代＋トイレ砂＋保険＋健康診断

# 結果を表示 --- (*3)
「毎年{費用合計}円必要です。」を表示。
","以下の高度なデータ操作に関わる語句を「---」に置換して、コードを修正します。

1. 配列・辞書操作:なし
2. 数値・データ保存（乱数、保存など）:なし
3. その他: 関数、それ、対象、JSON、CSV: ---、JSON、CSV

コード:
# ネコの年間費用を指定 ---
エサ代 = 4100 * 12
トイレ砂 = 6000 * 2
保険 = 2500 * 12
健康診断 = 12000 * 1

# 費用を合計 ---
費用合計 = エサ代 + トイレ砂 + 保険 + 健康診断

# 結果を表示 ---
print(""毎年{}円必要です."".format(費用合計))",0.0,0.4668587896253602
0,4,D,"[50, 50]から[200, 50]へ線描画。
[200, 50]から[50, 200]へ線描画。
[50, 200]から[200, 200]へ線描画。
","[50, 50]から[200, 50]へ線描画。
[200, 50]から[50, 200]へ線描画。
[50, 200]から[200, 200]へ線描画。
","以下の高度なデータ操作に関わる語句を「---」に置換して、コードを変更しないようにします。

1. 配列・辞書操作 → 配列操作
2. 数値・データ保存（乱数、保存など） → ---
3. その他: 関数、それ、対象、JSON、CSV → JSON

コード:
---から[200, 50]へ線描画。
[200, 50]から---へ線描画。
[50, 200]から[200, 200]へ線描画。",0.0,0.4675324675324675
0,4,D,"# 天気APIのURLを指定 --- (*1)
APIは「https://api.aoikujira.com/tenki/week.php?fmt=json」

# AjaxでAPIにアクセス --- (*2)
APIからAJAX受信した時には
　　# JSONデータをなでしこのデータに変換 --- (*3)
　　対象をJSONデコードして都市別天気辞書に代入。
　　# 辞書型変数からキー「東京」の値を取得 --- (*4)
　　予報一覧＝都市別天気辞書＠「東京」
　　# 配列の値を一つずつ取り出す --- (*5)
　　予報一覧を反復
　　　　# データに含まれる日付と予報を取り出す --- (*6)
　　　　日付＝対象@「date」
　　　　予報＝対象＠「forecast」
　　　　「{日付} - {予報}」を表示。
　　ここまで。
ここまで。
","# 天気APIのURLを指定 --- (*1)
APIは「https://api.aoikujira.com/tenki/week.php?fmt=json」

# AjaxでAPIにアクセス --- (*2)
APIからAJAX受信した時には
　　# JSONデータをなでしこのデータに変換 --- (*3)
　　--を--------して都市別天気辞書に代入。
　　# 辞書型変数から--「東京」の値を取得 --- (*4)
　　予報一覧＝都市別天気辞書＠「東京」
　　# --の値を一つずつ取り出す --- (*5)
　　予報一覧を反復
　　　　# データに含まれる日付と予報を取り出す --- (*6)
　　　　日付＝--@「date」
　　　　予報＝--＠「forecast」
　　　　「{日付} - {予報}」を表示。
　　ここまで。
ここまで。
","以下の高度なデータ操作に関わる語句を「---」に置換してください。

1. 配列・辞書操作: --- 
2. 数値・データ保存（乱数、保存など）: ---
3. その他: 関数、それ、対象、JSON、CSV: ---",0.0,0.05555555555555555
0,4,D,"12345と表示
","12345と表示
","以下は、指定された語句を「---」に置換したものです。

1. ---・---操作
2. ---・---保存（---、---など）
3. その他: ---、---、---、---、CSV",0.0,0.1
0,4,D,"2に3を足して表示。
100に50を足して表示。
1234567に34567を足して表示。
","2に3を---表示。
100に50を---表示。
1234567に34567を---表示。
","以下は、指定された語句を「---」に置換したコードです。

1. ---・---
2. ---（乱数、---など）
3. ---、---、---、JSON、CSV

コード:
2に---を足して表示。
100に50を足して表示。
1234567に34567を足して表示。",0.0,0.5076923076923077
0,4,D,"Ｎ＝2
19回繰り返す
　　もし、N%3=0ならば「🐕{N}は3の倍数」と表示。
　　もし、N%5=0ならば「🐎{N}は3の倍数」と表示。
　　Ｎ＝Ｎ＋１
ここまで。
","Ｎ＝2
19回繰り返す
　　もし、N%3=0ならば「🐕{N}は3の倍数」と表示。
　　もし、N%5=0ならば「🐎{N}は3の倍数」と表示。
　　Ｎ＝Ｎ＋１
ここまで。
","以下の高度なデータ操作に関わる語句を「---」に置換して、コードを修正します。

1. 配列・辞書操作 → 変更なし
2. 数値・データ保存（乱数、保存など） → 変更なし
3. その他: 関数、それ、対象、JSON、CSV → ---",0.0,0.058823529411764705
0,4,D,"A = [30, 50, 80, 50]
A[0]を表示。
A[2]を表示。
","A = [30, 50, 80, 50]
A[0]を表示。
A[2]を表示。
","以下は、指定された語句を「---」に置換したコードです。

1. 配列・---操作
2. ---・---（乱数、---など）
3. その他: ---、---、---、JSON、CSV

コード:
A = [30, 50, 80, 50]
A ---を表示。
A[2]を表示。",0.0,0.45901639344262296
0,4,D,"「何インチですか？」と尋ねてインチに代入。
センチ＝インチ×2.54
「{インチ}インチは、{センチ}センチです。」と言う。
","「何インチですか？」と尋ねてインチに代入。
センチ＝インチ×2.54
「{インチ}インチは、{センチ}センチです。」と言う。
","以下は、指定された語句を「---」に置換したコードです。

「何インチですか？」と尋ねて---に代入。
センチ＝---×2.54
「{---}インチは、{センチ}センチです。」と言う。",0.0,0.75
0,4,D,"W=10
カメ作成
30回繰り返す
　　Wだけカメ進む
　　90だけカメ右回転
　　W=W+10 # --- (*1)
ここまで。
","W=10
カメ作成
30回繰り返す
　　Wだけカメ進む
　　90だけカメ右回転
　　W=W+10 # --- (*1)
ここまで。
","*1の部分を「W=W+30」に置換します。

コード:
W=10
カメ作成
30回繰り返す
　　Wだけカメ進む
　　90だけカメ右回転
　　W=W+30",0.0,0.6605504587155964
0,5,E,"# 身長と体重を尋ねる --- (*1)
「身長(cm)は？」と尋ねて身長cmに代入。
「体重(kg)は？」と尋ねて体重kgに代入。
# BMIを計算 --- (*2)
BMI=体重kg÷(身長cm/100)^2
# 肥満かどうか判定 --- (*3)
もし、BMIが25以上ならば
　　判定＝「肥満」
違えば、もし、BMIが18.5未満ならば
　　判定＝「低体重」
違えば
　　判定＝「普通体重」
ここまで。
# 結果を表示 --- (*4)
「BMI={BMI} / 判定={判定}」を表示。
","# 身長と体重を尋ねる --- (*1)
「身長(cm)は？」と尋ねて身長cmに代入。
「体重(kg)は？」と尋ねて体重kgに代入。
# BMIを計算 --- (*2)
BMI=体重kg÷(身長cm/100)^2
# 肥満かどうか判定 --- (*3)
もし、BMIが25以上ならば
　　判定＝「肥満」
違えば、もし、BMIが18.5未満ならば
　　判定＝「低体重」
違えば
　　判定＝「普通体重」
ここまで。
# 結果を表示 --- (*4)
「BMI={BMI} / 判定={判定}」を表示。
","以下の特定用途向け命令を「---」に置換してください。

1. 描画・GUI: カメ〜、描画、ボタン
2. インタラクション: クリック
3. 通信・その他: 通信、グラフ、Ajax

コード:
# 身長と体重を尋ねる ---
「身長(cm)は？」と尋ねて身長cmに代入。
「体重(kg)は？」と尋ねて体重kgに代入。
# BMIを計算 ---
BMI=体重kg÷(身長cm/100)^2
# 肥満かどうか判定 ---
もし、BMIが25以上ならば
　　判定＝「肥満」
違えば、もし、BMIが18.5未満ならば
　　判定＝「低体重」
違えば
　　判定＝「普通体重」
# 結果を表示 ---
「BMI={BMI} / 判定={判定}」",0.0,0.7678958785249458
0,5,E,"# ネコの年間費用を指定 --- (*1)
エサ代＝4100×12
トイレ砂＝6000×2
保険＝2500×12
健康診断＝12000×1

# 費用を合計 --- (*2)
費用合計＝エサ代＋トイレ砂＋保険＋健康診断

# 結果を表示 --- (*3)
「毎年{費用合計}円必要です。」を表示。
","# ネコの年間費用を指定 --- (*1)
エサ代＝4100×12
トイレ砂＝6000×2
保険＝2500×12
健康診断＝12000×1

# 費用を合計 --- (*2)
費用合計＝エサ代＋トイレ砂＋保険＋健康診断

# 結果を表示 --- (*3)
「毎年{費用合計}円必要です。」を表示。
","以下のコードに置換します。

# ネコの年間費用を指定 --- (*1)
エサ代＝4100×12
トイレ砂＝6000×2
保険＝2500×12
健康診断＝12000×1

# 費用を合計 --- (*2)
費用合計＝エサ代＋トイレ砂＋保険＋健康診断

# 結果を表示 --- (*3)
「毎年---円必要です。」",0.0,0.9053497942386831
0,5,E,"[50, 50]から[200, 50]へ線描画。
[200, 50]から[50, 200]へ線描画。
[50, 200]から[200, 200]へ線描画。
","[50, 50]から[200, 50]へ---。
[200, 50]から[50, 200]へ---。
[50, 200]から[200, 200]へ---。
","以下は、指定された特定用途向け命令を「---」に置換したコードです。

描画・GUI: ---
描画、ボタン
インタラクション: ---
クリック
通信・その他: ---
グラフ、Ajax",0.0,0.015151515151515152
0,5,E,"# 天気APIのURLを指定 --- (*1)
APIは「https://api.aoikujira.com/tenki/week.php?fmt=json」

# AjaxでAPIにアクセス --- (*2)
APIからAJAX受信した時には
　　# JSONデータをなでしこのデータに変換 --- (*3)
　　対象をJSONデコードして都市別天気辞書に代入。
　　# 辞書型変数からキー「東京」の値を取得 --- (*4)
　　予報一覧＝都市別天気辞書＠「東京」
　　# 配列の値を一つずつ取り出す --- (*5)
　　予報一覧を反復
　　　　# データに含まれる日付と予報を取り出す --- (*6)
　　　　日付＝対象@「date」
　　　　予報＝対象＠「forecast」
　　　　「{日付} - {予報}」を表示。
　　ここまで。
ここまで。
","# 天気APIのURLを指定 --- (*1)
APIは「https://api.aoikujira.com/tenki/week.php?fmt=json」

# ----でAPIにアクセス --- (*2)
APIから----受信した時には
　　# JSONデータをなでしこのデータに変換 --- (*3)
　　対象をJSONデコードして都市別天気辞書に代入。
　　# 辞書型変数からキー「東京」の値を取得 --- (*4)
　　予報一覧＝都市別天気辞書＠「東京」
　　# 配列の値を一つずつ取り出す --- (*5)
　　予報一覧を反復
　　　　# データに含まれる日付と予報を取り出す --- (*6)
　　　　日付＝対象@「date」
　　　　予報＝対象＠「forecast」
　　　　「{日付} - {予報}」を表示。
　　ここまで。
ここまで。
","以下の特定用途向け命令を「---」に置換してください。

1. 描画・GUI: カメ〜、描画、ボタン
2. インタラクション: クリック
3. 通信・その他: 通信、グラフ、Ajax

コード:
# 天気APIのURLを指定 --- (*1)
APIは「https://api.aoikujira.com/tenki/week.php?fmt=json」

# --- (*2)
APIからAJAX受信した時には
　　# JSONデータをなでしこのデータに変換 --- (*3)
　　対象をJSONデコードして都市別天気辞書に代入。
　　# 辞書型変数からキー「東京」の値を取得 --- (*4)
　　予報一覧＝都市別天気辞書＠「東京」
　　# 配列の値を一つずつ取り出す --- (*5)
　　予報一覧を反復
　　　　# データに含まれる日付と予報を取り出す --- (*6)
　　　　日付＝対象@「date」
　　　　予報＝対象＠「forecast」
　　　　「{日付} - {予報}」を表示。
　　ここまで。",0.0,0.84472049689441
0,5,E,"12345と表示
","12345と表示
","以下は、指定された特定用途向け命令を「---」に置換したものです。

1. ---・---、---、---
2. ---
3. ---、---、---",0.0,0.12244897959183673
0,5,E,"2に3を足して表示。
100に50を足して表示。
1234567に34567を足して表示。
","2に3を足して表示。
100に50を足して表示。
1234567に34567を足して表示。
","以下は、指定されたタスクを実行した結果です。

2に3を足して表示。
2 + 3 = 5

100に50を足して表示。
100 + 50 = 150

1234567に34567を足して表示。
1234567 + 34567 = 1580034",0.0,0.5972222222222222
0,5,E,"Ｎ＝2
19回繰り返す
　　もし、N%3=0ならば「🐕{N}は3の倍数」と表示。
　　もし、N%5=0ならば「🐎{N}は3の倍数」と表示。
　　Ｎ＝Ｎ＋１
ここまで。
","Ｎ＝2
19回繰り返す
　　もし、N%3=0ならば「🐕{N}は3の倍数」と表示。
　　もし、N%5=0ならば「🐎{N}は3の倍数」と表示。
　　Ｎ＝Ｎ＋１
ここまで。
","以下が空欄化した特定用途向け命令です。

1. 描画・GUI: ---、描画、ボタン
2. インタラクション: クリック
3. 通信・その他: 通信、グラフ、Ajax",0.0,0.04225352112676056
0,5,E,"A = [30, 50, 80, 50]
A[0]を表示。
A[2]を表示。
","A = [30, 50, 80, 50]
A[0]を表示。
A[2]を表示。
","以下は、指定されたタスクに基づいて、特定用途向け命令を「---」に置換したコードです。

1. 描画・GUI: ---、描画、ボタン
2. インタラクション: ---
3. 通信・その他: ---、グラフ、Ajax

コード:
A = [30, 50, 80, 50]
print(A[0])
print(A[2])",0.0,0.2929936305732484
0,5,E,"「何インチですか？」と尋ねてインチに代入。
センチ＝インチ×2.54
「{インチ}インチは、{センチ}センチです。」と言う。
","「何インチですか？」と尋ねてインチに代入。
センチ＝インチ×2.54
「{インチ}インチは、{センチ}センチです。」と言う。
","inch = input(""何インチですか？"")
centi = inch * 2.54
print(f""{inch}インチは、{centi}センチです。"")",0.0,0.4122137404580153
0,5,E,"W=10
カメ作成
30回繰り返す
　　Wだけカメ進む
　　90だけカメ右回転
　　W=W+10 # --- (*1)
ここまで。
","W=10
----
30回繰り返す
　　Wだけ----
　　90だけ-----
　　W=W+10 # --- (*1)
ここまで。
","*1の部分を「描画」に置換します。

W=10
カメ作成
30回繰り返す
　　Wだけカメ進む
　　90だけカメ右回転
　　W=W+10 # 描画",0.0,0.5494505494505495
1,1,A,"# 身長と体重を尋ねる --- (*1)
「身長(cm)は？」と尋ねて身長cmに代入。
「体重(kg)は？」と尋ねて体重kgに代入。
# BMIを計算 --- (*2)
BMI=体重kg÷(身長cm/100)^2
# 肥満かどうか判定 --- (*3)
もし、BMIが25以上ならば
　　判定＝「肥満」
違えば、もし、BMIが18.5未満ならば
　　判定＝「低体重」
違えば
　　判定＝「普通体重」
ここまで。
# 結果を表示 --- (*4)
「BMI={BMI} / 判定={判定}」を表示。
","# 身長と体重を尋ねる --- (--)
「--------」と尋ねて身長cmに代入。
「--------」と尋ねて体重kgに代入。
# BMIを計算 --- (--)
BMI-体重kg-(身長cm----)^-
# 肥満かどうか判定 --- (--)
もし、BMIが--以上ならば
　　判定-「--」
違えば、もし、BMIが----未満ならば
　　判定-「---」
違えば
　　判定-「----」
ここまで。
# 結果を表示 --- (--)
「-------------------」を表示。
","# 身長と体重を尋ねる ---
「身長(cm)は？」と尋ねて身長cmに代入。
「体重(kg)は？」と尋ねて体重kgに代入。
# BMIを計算 ---
BMI=体重kg÷(身長cm/100)^2
# 肥満かどうか判定 ---
もし、BMIが25以上ならば
　　判定＝「肥満」
違えば、もし、BMIが18.5未満ならば
　　判定＝「低体重」
違えば
　　判定＝「普通体重」
# 結果を表示 ---
「BMI={---} / 判定={---}」",0.0,0.7792207792207793
1,1,A,"# ネコの年間費用を指定 --- (*1)
エサ代＝4100×12
トイレ砂＝6000×2
保険＝2500×12
健康診断＝12000×1

# 費用を合計 --- (*2)
費用合計＝エサ代＋トイレ砂＋保険＋健康診断

# 結果を表示 --- (*3)
「毎年{費用合計}円必要です。」を表示。
","# ネコの年間費用を指定 --- (--)
エサ代--------
トイレ砂-------
保険--------
健康診断--------

# 費用を合計 --- (--)
費用合計-エサ代-トイレ砂-保険-健康診断

# 結果を表示 --- (--)
「--------------」を表示。
","コード:
# ネコの年間費用を指定 ---
エサ代＝4100×12
トイレ砂＝6000×2
保険＝2500×12
健康診断＝12000×1

# 費用を合計 ---
費用合計＝エサ代＋トイレ砂＋保険＋健康診断

# 結果を表示 ---
「毎年---円必要です。」",0.0,0.6586826347305389
1,1,A,"[50, 50]から[200, 50]へ線描画。
[200, 50]から[50, 200]へ線描画。
[50, 200]から[200, 200]へ線描画。
","[--, --]から[---, --]へ線描画。
[---, --]から[--, ---]へ線描画。
[--, ---]から[---, ---]へ線描画。
","以下は、指定された要素を「---」に置換したコードです。

コード:
---から---へ線描画。
---から---へ線描画。
---へ線描画。",0.0,0.4367816091954023
1,1,A,"# 天気APIのURLを指定 --- (*1)
APIは「https://api.aoikujira.com/tenki/week.php?fmt=json」

# AjaxでAPIにアクセス --- (*2)
APIからAJAX受信した時には
　　# JSONデータをなでしこのデータに変換 --- (*3)
　　対象をJSONデコードして都市別天気辞書に代入。
　　# 辞書型変数からキー「東京」の値を取得 --- (*4)
　　予報一覧＝都市別天気辞書＠「東京」
　　# 配列の値を一つずつ取り出す --- (*5)
　　予報一覧を反復
　　　　# データに含まれる日付と予報を取り出す --- (*6)
　　　　日付＝対象@「date」
　　　　予報＝対象＠「forecast」
　　　　「{日付} - {予報}」を表示。
　　ここまで。
ここまで。
","# 天気APIのURLを指定 --- (--)
APIは「---」

# AjaxでAPIにアクセス --- (--)
APIからAJAX受信した時には
　　# JSONデータをなでしこのデータに変換 --- (--)
　　対象をJSONデコードして都市別天気辞書に代入。
　　# 辞書型変数からキー「---」の値を取得 --- (--)
　　予報一覧-都市別天気辞書-「---」
　　# 配列の値を一つずつ取り出す --- (--)
　　予報一覧を反復
　　　　# データに含まれる日付と予報を取り出す --- (--)
　　　　日付-対象@「---」
　　　　予報-対象-「---」
　　　　「---」を表示。
　　ここまで。
ここまで。
","# 天気APIのURLを指定 --- (*1)
APIは「https://api.aoikujira.com/tenki/week.php?fmt=json」

# AjaxでAPIにアクセス --- (*2)
APIからAJAX受信した時には
　　# JSONデータをなでしこのデータに変換 --- (*3)
　　対象をJSONデコードして都市別天気辞書に代入。
　　# 辞書型変数からキー「東京」の値を取得 --- (*4)
　　予報一覧＝都市別天気辞書＠「東京」
　　# 配列の値を一つずつ取り出す --- (*5)
　　予報一覧を反復
　　　　# データに含まれる日付と予報を取り出す --- (*6)
　　　　日付＝対象@「date」
　　　　予報＝対象＠「forecast」
　　　　「{日付} --- {予報}」を表示。
　　ここまで。",0.0,0.7789046653144016
1,1,A,"12345と表示
","-----と表示
",12345,0.0,0.0
1,1,A,"2に3を足して表示。
100に50を足して表示。
1234567に34567を足して表示。
","-に-を足して表示。
---に--を足して表示。
-------に-----を足して表示。
","コード:
2に---を足して表示。
100に---を足して表示。
1234567に---を足して表示。",0.0,0.7619047619047619
1,1,A,"Ｎ＝2
19回繰り返す
　　もし、N%3=0ならば「🐕{N}は3の倍数」と表示。
　　もし、N%5=0ならば「🐎{N}は3の倍数」と表示。
　　Ｎ＝Ｎ＋１
ここまで。
","Ｎ--
--回繰り返す
　　もし、N----ならば「---------」と表示。
　　もし、N----ならば「---------」と表示。
　　Ｎ-Ｎ--
ここまで。
","Ｎ＝2
19回繰り返す
　　もし、Ｎ%3=0ならば「---は3の倍数」と表示。
　　もし、Ｎ%5=0ならば「---は5の倍数」と表示。
　Ｎ＝Ｎ＋１",0.0,0.6530612244897959
1,1,A,"A = [30, 50, 80, 50]
A[0]を表示。
A[2]を表示。
","A - [30, 50, 80, 50]
A[0]を表示。
A[2]を表示。
","A = ---
A[0]を表示。
A[2]を表示。",0.0,0.7083333333333334
1,1,A,"「何インチですか？」と尋ねてインチに代入。
センチ＝インチ×2.54
「{インチ}インチは、{センチ}センチです。」と言う。
","「--------」と尋ねてインチに代入。
センチ-インチ-----
「---------------------」と言う。
","インチ-----
センチ-----
「何インチですか？」と尋ねてインチに代入。
センチ-----
「{インチ}インチは、{センチ}センチです。」と言う。",0.0,0.5853658536585366
1,1,A,"W=10
カメ作成
30回繰り返す
　　Wだけカメ進む
　　90だけカメ右回転
　　W=W+10 # --- (*1)
ここまで。
","W--
カメ作成
--回繰り返す
　　Wだけカメ進む
　　--だけカメ右回転
　　W-W+-- # --- (*-)
ここまで。
","W=10
カメ作成
30回繰り返す
　　Wだけカメ進む
　　90だけカメ右回転
　　W=---",0.0,0.7246376811594203
1,2,B,"# 身長と体重を尋ねる --- (*1)
「身長(cm)は？」と尋ねて身長cmに代入。
「体重(kg)は？」と尋ねて体重kgに代入。
# BMIを計算 --- (*2)
BMI=体重kg÷(身長cm/100)^2
# 肥満かどうか判定 --- (*3)
もし、BMIが25以上ならば
　　判定＝「肥満」
違えば、もし、BMIが18.5未満ならば
　　判定＝「低体重」
違えば
　　判定＝「普通体重」
ここまで。
# 結果を表示 --- (*4)
「BMI={BMI} / 判定={判定}」を表示。
","# 身長と体重を--- --- (*1)
「身長(cm)は？」と尋ねて身長cmに--。
「体重(kg)は？」と尋ねて体重kgに--。
# BMIを計算 --- (*2)
BMI=体重kg÷(身長cm/100)^2
# 肥満かどうか判定 --- (*3)
もし、BMIが25以上ならば
　　判定＝「肥満」
違えば、もし、BMIが18.5未満ならば
　　判定＝「低体重」
違えば
　　判定＝「普通体重」
ここまで。
# 結果を-- --- (*4)
「BMI={BMI} / 判定={判定}」を--。
","# 身長と体重を尋ねる ---
「身長(cm)は？」と尋ねて身長cmに代入。
「体重(kg)は？」と尋ねて体重kgに代入。
# BMIを計算 ---
BMI=体重kg÷(身長cm/100)^2
# 肥満かどうか判定 ---
もし、BMIが25以上ならば
　　判定＝「肥満」
違えば、もし、BMIが18.5未満ならば
　　判定＝「低体重」
違えば
　　判定＝「普通体重」
# 結果を表示 ---
「BMI={BMI} / 判定={判定}」",0.0,0.9130434782608695
1,2,B,"# ネコの年間費用を指定 --- (*1)
エサ代＝4100×12
トイレ砂＝6000×2
保険＝2500×12
健康診断＝12000×1

# 費用を合計 --- (*2)
費用合計＝エサ代＋トイレ砂＋保険＋健康診断

# 結果を表示 --- (*3)
「毎年{費用合計}円必要です。」を表示。
","# ネコの年間費用を指定 --- (*1)
エサ代＝4100×12
トイレ砂＝6000×2
保険＝2500×12
健康診断＝12000×1

# 費用を合計 --- (*2)
費用合計＝エサ代＋トイレ砂＋保険＋健康診断

# 結果を-- --- (*3)
「毎年{費用合計}円必要です。」を--。
","コード:
# ネコの年間費用を指定 ---
エサ代＝4100×12
トイレ砂＝6000×2
保険＝2500×12
健康診断＝12000×1

# 費用を合計 ---
費用合計＝エサ代＋トイレ砂＋保険＋健康診断

# 結果を表示 ---
「毎年---円必要です。」",0.0,0.8807339449541285
1,2,B,"[50, 50]から[200, 50]へ線描画。
[200, 50]から[50, 200]へ線描画。
[50, 200]から[200, 200]へ線描画。
","[50, 50]から[200, 50]へ線描画。
[200, 50]から[50, 200]へ線描画。
[50, 200]から[200, 200]へ線描画。
","# 消費支出のCSVファイルのURL --- (*1)
データURL=「https://n3s.nadesi.com/image.php?f=21.csv」

# Ajaxでデータを取得 --- (*2)
データURLからAJAX受信した時には
　　# グラフを描画 --- (*3)
　　対象をCSV取得して線グラフ描画。
ここまで。",0.0,0.0673076923076923
1,2,B,"# 天気APIのURLを指定 --- (*1)
APIは「https://api.aoikujira.com/tenki/week.php?fmt=json」

# AjaxでAPIにアクセス --- (*2)
APIからAJAX受信した時には
　　# JSONデータをなでしこのデータに変換 --- (*3)
　　対象をJSONデコードして都市別天気辞書に代入。
　　# 辞書型変数からキー「東京」の値を取得 --- (*4)
　　予報一覧＝都市別天気辞書＠「東京」
　　# 配列の値を一つずつ取り出す --- (*5)
　　予報一覧を反復
　　　　# データに含まれる日付と予報を取り出す --- (*6)
　　　　日付＝対象@「date」
　　　　予報＝対象＠「forecast」
　　　　「{日付} - {予報}」を表示。
　　ここまで。
ここまで。
","# 天気APIのURLを指定 --- (*1)
APIは「https://api.aoikujira.com/tenki/week.php?fmt=json」

# AjaxでAPIにアクセス --- (*2)
APIからAJAX受信した時には
　　# JSONデータをなでしこのデータに変換 --- (*3)
　　対象をJSONデコードして都市別天気辞書に--。
　　# 辞書型変数からキー「東京」の値を取得 --- (*4)
　　予報一覧＝都市別天気辞書＠「東京」
　　# 配列の値を一つずつ取り出す --- (*5)
　　予報一覧を反復
　　　　# データに含まれる日付と予報を取り出す --- (*6)
　　　　日付＝対象@「date」
　　　　予報＝対象＠「forecast」
　　　　「{日付} - {予報}」を--。
　　ここまで。
ここまで。
","# 天気APIのURLを指定 ---
(*1)
APIは「https://api.aoikujira.com/tenki/week.php?fmt=json」

# AjaxでAPIにアクセス ---
(*2)
APIからAJAX受信した時には
　　# JSONデータをなでしこのデータに変換 ---
(*3)
　　対象をJSONデコードして都市別天気辞書に代入。
　　# 辞書型変数からキー「東京」の値を取得 ---
(*4)
　　予報一覧＝都市別天気辞書＠「東京」
　　# 配列の値を一つずつ取り出す ---
(*5)
　　予報一覧を反復
　　　　# データに含まれる日付と予報を取り出す ---
(*6)
　　　　日付＝対象@「date」
　　　　予報＝対象＠「forecast」
　　　　「{日付} --- {予報}」を---。",0.0,0.9790209790209791
1,2,B,"12345と表示
","12345と--
",12345と---,1.0,1.0
1,2,B,"2に3を足して表示。
100に50を足して表示。
1234567に34567を足して表示。
","2に3を足して--。
100に50を足して--。
1234567に34567を足して--。
","2に3を足して---。
100に50を足して---。
1234567に34567を足して---。",1.0,1.0
1,2,B,"Ｎ＝2
19回繰り返す
　　もし、N%3=0ならば「🐕{N}は3の倍数」と表示。
　　もし、N%5=0ならば「🐎{N}は3の倍数」と表示。
　　Ｎ＝Ｎ＋１
ここまで。
","Ｎ＝2
19回繰り返す
　　もし、N%3=0ならば「🐕{N}は3の倍数」と--。
　　もし、N%5=0ならば「🐎{N}は3の倍数」と--。
　　Ｎ＝Ｎ＋１
ここまで。
","Ｎ＝2
19回繰り返す
　　もし、N%3=0ならば「---」と表示。
　　もし、N%5=0ならば「---」と表示。
　　Ｎ＝Ｎ＋１",0.0,0.7692307692307693
1,2,B,"A = [30, 50, 80, 50]
A[0]を表示。
A[2]を表示。
","A = [30, 50, 80, 50]
A[0]を--。
A[2]を--。
","A = [30, 50, 80, 50]
A[0]を---。
A[2]を---。",1.0,1.0
1,2,B,"「何インチですか？」と尋ねてインチに代入。
センチ＝インチ×2.54
「{インチ}インチは、{センチ}センチです。」と言う。
","「何インチですか？」と尋ねてインチに--。
センチ＝インチ×2.54
「{インチ}インチは、{センチ}センチです。」と--。
","「何インチですか？」と尋ねてインチに代入。
センチ＝インチ×2.54
「{インチ}インチは、{センチ}センチです。」と---。",0.0,0.9824561403508771
1,2,B,"W=10
カメ作成
30回繰り返す
　　Wだけカメ進む
　　90だけカメ右回転
　　W=W+10 # --- (*1)
ここまで。
","W=10
カメ作成
30回繰り返す
　　Wだけカメ進む
　　90だけカメ右回転
　　W=W+10 # --- (*1)
ここまで。
","W=10
カメ作成
30回繰り返す
　　Wだけカメ進む
　　90だけカメ右回転
　　---",0.0,0.7948717948717948
1,3,C,"# 身長と体重を尋ねる --- (*1)
「身長(cm)は？」と尋ねて身長cmに代入。
「体重(kg)は？」と尋ねて体重kgに代入。
# BMIを計算 --- (*2)
BMI=体重kg÷(身長cm/100)^2
# 肥満かどうか判定 --- (*3)
もし、BMIが25以上ならば
　　判定＝「肥満」
違えば、もし、BMIが18.5未満ならば
　　判定＝「低体重」
違えば
　　判定＝「普通体重」
ここまで。
# 結果を表示 --- (*4)
「BMI={BMI} / 判定={判定}」を表示。
","# 身長と体重を尋ねる --- (*1)
「身長(cm)は？」と尋ねて身長cmに代入。
「体重(kg)は？」と尋ねて体重kgに代入。
# BMIを計算 --- (*2)
BMI=体重kg÷(身長cm/100)^2
# 肥満かどうか判定 --- (*3)
--、BMIが25以上---
　　判定＝「肥満」
---、--、BMIが18.5未満---
　　判定＝「低体重」
---
　　判定＝「普通体重」
----。
# 結果を表示 --- (*4)
「BMI={BMI} / 判定={判定}」を表示。
","以下は、制御構文に関わる語句を「---」に置換したコードです。

コード:
# 身長と体重を尋ねる --- (*1)
「身長(cm)は？」と尋ねて身長cmに代入。
「体重(kg)は？」と尋ねて体重kgに代入。
# BMIを計算 --- (*2)
BMI=体重kg÷(身長cm/100)^2
# --- (*3)
---ならば
　　判定＝「肥満」
---違えば、---ならば
　　判定＝「低体重」
---違えば
　　判定＝「普通体重」
---。
# --- (*4)
「BMI={BMI} / 判定={判定}」を表示。",0.0,0.7946666666666666
1,3,C,"# ネコの年間費用を指定 --- (*1)
エサ代＝4100×12
トイレ砂＝6000×2
保険＝2500×12
健康診断＝12000×1

# 費用を合計 --- (*2)
費用合計＝エサ代＋トイレ砂＋保険＋健康診断

# 結果を表示 --- (*3)
「毎年{費用合計}円必要です。」を表示。
","# ネコの年-費用を指定 --- (*1)
エサ代＝4100×12
トイレ砂＝6000×2
保険＝2500×12
健康診断＝12000×1

# 費用を合計 --- (*2)
費用合計＝エサ代＋トイレ砂＋保険＋健康診断

# 結果を表示 --- (*3)
「毎年{費用合計}円必要です。」を表示。
","コード:
# ネコの年間費用を指定 ---
エサ代＝4100×12
トイレ砂＝6000×2
保険＝2500×12
健康診断＝12000×1

# 費用を合計 ---
費用合計＝エサ代＋トイレ砂＋保険＋健康診断

# 結果を表示 ---
「毎年---円必要です。」",0.0,0.8778280542986425
1,3,C,"[50, 50]から[200, 50]へ線描画。
[200, 50]から[50, 200]へ線描画。
[50, 200]から[200, 200]へ線描画。
","[50, 50]から[200, 50]へ線描画。
[200, 50]から[50, 200]へ線描画。
[50, 200]から[200, 200]へ線描画。
","for --- in range(50, 201):
    print([50, 50]から[200, 50]へ線描画。",0.0,0.3793103448275862
1,3,C,"# 天気APIのURLを指定 --- (*1)
APIは「https://api.aoikujira.com/tenki/week.php?fmt=json」

# AjaxでAPIにアクセス --- (*2)
APIからAJAX受信した時には
　　# JSONデータをなでしこのデータに変換 --- (*3)
　　対象をJSONデコードして都市別天気辞書に代入。
　　# 辞書型変数からキー「東京」の値を取得 --- (*4)
　　予報一覧＝都市別天気辞書＠「東京」
　　# 配列の値を一つずつ取り出す --- (*5)
　　予報一覧を反復
　　　　# データに含まれる日付と予報を取り出す --- (*6)
　　　　日付＝対象@「date」
　　　　予報＝対象＠「forecast」
　　　　「{日付} - {予報}」を表示。
　　ここまで。
ここまで。
","# 天気APIのURLを指定 --- (*1)
APIは「https://api.aoikujira.com/tenki/week.php?fmt=json」

# AjaxでAPIにアクセス --- (*2)
APIからAJAX受信した時には
　　# JSONデータをなでしこのデータに変換 --- (*3)
　　対象をJSONデコードして都市別天気辞書に代入。
　　# 辞書型変数からキー「東京」の値を取得 --- (*4)
　　予報一覧＝都市別天気辞書＠「東京」
　　# 配列の値を一つずつ取り出す --- (*5)
　　予報一覧を--
　　　　# データに含まれる日付と予報を取り出す --- (*6)
　　　　日付＝対象@「date」
　　　　予報＝対象＠「forecast」
　　　　「{日付} - {予報}」を表示。
　　----。
----。
","# 天気APIのURLを指定 ---
(*1)
APIは「https://api.aoikujira.com/tenki/week.php?fmt=json」

# AjaxでAPIにアクセス ---
(*2)
APIからAJAX受信した時には
　　# JSONデータをなでしこのデータに変換 ---
(*3)
　　対象をJSONデコードして都市別天気辞書に代入。
　　# 辞書型変数からキー「東京」の値を取得 ---
(*4)
　　予報一覧＝都市別天気辞書＠「東京」
　　# 配列の値を一つずつ取り出す ---
(*5)
　　予報一覧を---
　　　　# データに含まれる日付と予報を取り出す ---
(*6)
　　　　日付＝対象@「date」
　　　　予報＝対象＠「forecast」
　　　　「{日付} --- {予報}」を表示。
　　ここまで。",0.0,0.9912434325744308
1,3,C,"12345と表示
","12345と表示
","以下の制御構文に関わる語句を「---」に置換します。

コード:
# 天気APIのURLを指定 --- (*1)
APIは「https://api.aoikujira.com/tenki/week.php?fmt=json」

# AjaxでAPIにアクセス --- (*2)
APIからAJAX受信した時には
　　# JSONデータをなでしこのデータに変換 --- (*3)
　　対象をJSONデコードして都市別天気辞書に代入。
　　# 辞書型変数からキー「東京」の値を取得 --- (*4)
　　予報一覧＝都市別天気辞書＠「東京」
　　# --- (*5)
　　　　# データに含まれる日付と予報を取り出す --- (*6)
　　　　日付＝対象@「date」
　　　　予報＝対象＠「forecast」
　　　　「{日付} - {予報}」を表示。
　　---",0.0,0.05351170568561873
1,3,C,"2に3を足して表示。
100に50を足して表示。
1234567に34567を足して表示。
","2に3を足して表示。
100に50を足して表示。
1234567に34567を足して表示。
","コード:
x = --- if x < 1000
x = x + 3
print(x)

x = 100
x = x + 50
print(x)

x = 1234567
x = x + 34567
print(x)",0.0,0.2956521739130435
1,3,C,"Ｎ＝2
19回繰り返す
　　もし、N%3=0ならば「🐕{N}は3の倍数」と表示。
　　もし、N%5=0ならば「🐎{N}は3の倍数」と表示。
　　Ｎ＝Ｎ＋１
ここまで。
","Ｎ＝2
19回----
　　--、N%3=0---「🐕{N}は3の倍数」と表示。
　　--、N%5=0---「🐎{N}は3の倍数」と表示。
　　Ｎ＝Ｎ＋１
----。
","Ｎ＝2
19回---
　　もし、N%3=0ならば「🐕{N}は3の倍数」と表示。
　　もし、N%5=0ならば「🐎{N}は5の倍数」と表示。
　　Ｎ＝Ｎ＋１",0.0,0.8888888888888888
1,3,C,"A = [30, 50, 80, 50]
A[0]を表示。
A[2]を表示。
","A = [30, 50, 80, 50]
A[0]を表示。
A[2]を表示。
","A[0]を表示。
---。
A[2]を表示。",0.0,0.6666666666666666
1,3,C,"「何インチですか？」と尋ねてインチに代入。
センチ＝インチ×2.54
「{インチ}インチは、{センチ}センチです。」と言う。
","「何インチですか？」と尋ねてインチに代入。
センチ＝インチ×2.54
「{インチ}インチは、{センチ}センチです。」と言う。
","インチに代入。
センチ＝インチ×2.54
---と言う。",0.0,0.5542168674698795
1,3,C,"W=10
カメ作成
30回繰り返す
　　Wだけカメ進む
　　90だけカメ右回転
　　W=W+10 # --- (*1)
ここまで。
","W=10
カメ作成
30回----
　　Wだけカメ進む
　　90だけカメ右回転
　　W=W+10 # --- (*1)
----。
","W=10
カメ作成
30回---
　　Wだけカメ進む
　　90だけカメ右回転
　　W=W+10 # ---
ここまで。",0.0,0.8974358974358975
1,4,D,"# 身長と体重を尋ねる --- (*1)
「身長(cm)は？」と尋ねて身長cmに代入。
「体重(kg)は？」と尋ねて体重kgに代入。
# BMIを計算 --- (*2)
BMI=体重kg÷(身長cm/100)^2
# 肥満かどうか判定 --- (*3)
もし、BMIが25以上ならば
　　判定＝「肥満」
違えば、もし、BMIが18.5未満ならば
　　判定＝「低体重」
違えば
　　判定＝「普通体重」
ここまで。
# 結果を表示 --- (*4)
「BMI={BMI} / 判定={判定}」を表示。
","# 身長と体重を尋ねる --- (*1)
「身長(cm)は？」と尋ねて身長cmに代入。
「体重(kg)は？」と尋ねて体重kgに代入。
# BMIを計算 --- (*2)
BMI=体重kg÷(身長cm/100)^2
# 肥満かどうか判定 --- (*3)
もし、BMIが25以上ならば
　　判定＝「肥満」
違えば、もし、BMIが18.5未満ならば
　　判定＝「低体重」
違えば
　　判定＝「普通体重」
ここまで。
# 結果を表示 --- (*4)
「BMI={BMI} / 判定={判定}」を表示。
","コード:
# 身長と体重を尋ねる ---
「身長(cm)は？」と尋ねて身長cmに代入。
「体重(kg)は？」と尋ねて体重kgに代入。
# BMIを計算 ---
BMI=体重kg÷(身長cm/100)^2
# 肥満かどうか判定 ---
もし、BMIが25以上ならば
　　判定＝「肥満」
違えば、もし、BMIが18.5未満ならば
　　判定＝「低体重」
違えば
　　判定＝「普通体重」
# 結果を表示 ---
「BMI={---} / 判定={---}」を表示。",0.0,0.9214659685863874
1,4,D,"# ネコの年間費用を指定 --- (*1)
エサ代＝4100×12
トイレ砂＝6000×2
保険＝2500×12
健康診断＝12000×1

# 費用を合計 --- (*2)
費用合計＝エサ代＋トイレ砂＋保険＋健康診断

# 結果を表示 --- (*3)
「毎年{費用合計}円必要です。」を表示。
","# ネコの年間費用を指定 --- (*1)
エサ代＝4100×12
トイレ砂＝6000×2
保険＝2500×12
健康診断＝12000×1

# 費用を合計 --- (*2)
費用合計＝エサ代＋トイレ砂＋保険＋健康診断

# 結果を表示 --- (*3)
「毎年{費用合計}円必要です。」を表示。
","# ネコの年間費用を指定 --- (*1)
エサ代＝4100×12
トイレ砂＝6000×2
保険＝2500×12
健康診断＝12000×1

# 費用を合計 --- (*2)
費用合計＝--- (*2)

# 結果を表示 --- (*3)
「毎年--- (*3)円必要です。」",0.0,0.8468468468468469
1,4,D,"[50, 50]から[200, 50]へ線描画。
[200, 50]から[50, 200]へ線描画。
[50, 200]から[200, 200]へ線描画。
","[50, 50]から[200, 50]へ線描画。
[200, 50]から[50, 200]へ線描画。
[50, 200]から[200, 200]へ線描画。
","[50, 50]から[200, ---]へ線描画。
[200, 50]から[50, ---]へ線描画。
[50, 200]から[200, ---]へ線描画。",0.0,0.9384615384615385
1,4,D,"# 天気APIのURLを指定 --- (*1)
APIは「https://api.aoikujira.com/tenki/week.php?fmt=json」

# AjaxでAPIにアクセス --- (*2)
APIからAJAX受信した時には
　　# JSONデータをなでしこのデータに変換 --- (*3)
　　対象をJSONデコードして都市別天気辞書に代入。
　　# 辞書型変数からキー「東京」の値を取得 --- (*4)
　　予報一覧＝都市別天気辞書＠「東京」
　　# 配列の値を一つずつ取り出す --- (*5)
　　予報一覧を反復
　　　　# データに含まれる日付と予報を取り出す --- (*6)
　　　　日付＝対象@「date」
　　　　予報＝対象＠「forecast」
　　　　「{日付} - {予報}」を表示。
　　ここまで。
ここまで。
","# 天気APIのURLを指定 --- (*1)
APIは「https://api.aoikujira.com/tenki/week.php?fmt=json」

# AjaxでAPIにアクセス --- (*2)
APIからAJAX受信した時には
　　# JSONデータをなでしこのデータに変換 --- (*3)
　　--を--------して都市別天気辞書に代入。
　　# 辞書型変数から--「東京」の値を取得 --- (*4)
　　予報一覧＝都市別天気辞書＠「東京」
　　# --の値を一つずつ取り出す --- (*5)
　　予報一覧を反復
　　　　# データに含まれる日付と予報を取り出す --- (*6)
　　　　日付＝--@「date」
　　　　予報＝--＠「forecast」
　　　　「{日付} - {予報}」を表示。
　　ここまで。
ここまで。
","以下は、空欄化したコードです。

コード:
# 天気APIのURLを指定 --- (*1)
APIは「https://api.aoikujira.com/tenki/week.php?fmt=json」

# AjaxでAPIにアクセス --- (*2)
APIからAJAX受信した時には
　　# --- データをなでしこのデータに変換 --- (*3)
　　対象を--- デコードして都市別天気---に代入。
　　# --- 型変数からキー「東京」の値を取得 --- (*4)
　　予報一覧＝都市別天気---＠「東京」
　　# 配列の値を一つずつ取り出す --- (*5)
　　予報一覧を反復
　　　　# データに含まれる日付と予報を取り出す --- (*6)
　　　　日付＝対象@「date」
　　　　予報＝対象＠「forecast」
　　　　「{日付} - {予報}」を表示。
　　ここまで。",0.0,0.9122807017543859
1,4,D,"12345と表示
","12345と表示
","以下は、空欄化したコードです。

＃ジャンケンの手と勝敗を数値で定義
グー＝0。チョキ＝1。パー＝2。
あいこ＝0。負け＝1。勝ち＝2。

＃自分と相手の手を指定 --- (*1)
グーとチョキでジャンケン判定して勝敗表示。

●(自分と相手で)ジャンケン判定とは
　　もし、自分＝相手ならば、それはあいこ。
　　もし、自分がグーならば
　　　　もし、相手がチョキならば、それは勝ち。
　　　　もし、相手がパーならば、それは負け。
　　ここまで。
　　もし、自分がチョキならば
　　　　もし、相手がパーならば、それは勝ち。
　　　　もし、相手がグーならば、それは負け。
　　ここまで。
　　もし、自分がパーならば
　　　　もし、相手がグーならば、それは勝ち。
　　　　もし、相手がチョキならば、それは負け。
　　ここまで。

●（N）の勝敗表示とは
　　もし、N＝0ならば「あいこ」と表示。
　　もし、N＝1ならば「負け」と表示。
　　もし、N＝2ならば「勝ち」と表示。
ここまで。",0.0,0.010752688172043012
1,4,D,"2に3を足して表示。
100に50を足して表示。
1234567に34567を足して表示。
","2に3を---表示。
100に50を---表示。
1234567に34567を---表示。
","2に---を足して表示。
100に50を足して表示。
1234567に---を足して表示。",0.0,0.7887323943661971
1,4,D,"Ｎ＝2
19回繰り返す
　　もし、N%3=0ならば「🐕{N}は3の倍数」と表示。
　　もし、N%5=0ならば「🐎{N}は3の倍数」と表示。
　　Ｎ＝Ｎ＋１
ここまで。
","Ｎ＝2
19回繰り返す
　　もし、N%3=0ならば「🐕{N}は3の倍数」と表示。
　　もし、N%5=0ならば「🐎{N}は3の倍数」と表示。
　　Ｎ＝Ｎ＋１
ここまで。
","Ｎ＝2
19回繰り返す
　　もし、Ｎ%3=0ならば「🐕{Ｎ}は3の倍数」
　　もし、Ｎ%5=0ならば「---{Ｎ}は5の倍数」
　　Ｎ＝Ｎ＋１",0.0,0.8153846153846154
1,4,D,"A = [30, 50, 80, 50]
A[0]を表示。
A[2]を表示。
","A = [30, 50, 80, 50]
A[0]を表示。
A[2]を表示。
","A = [30, 50, ---, 50]
A[0]を表示。
A[2]を表示。",0.0,0.9666666666666667
1,4,D,"「何インチですか？」と尋ねてインチに代入。
センチ＝インチ×2.54
「{インチ}インチは、{センチ}センチです。」と言う。
","「何インチですか？」と尋ねてインチに代入。
センチ＝インチ×2.54
「{インチ}インチは、{センチ}センチです。」と言う。
","インチに代入。
センチ＝インチ×2.54
「{---}インチは、{---}センチです。」と言う。",0.0,0.8
1,4,D,"W=10
カメ作成
30回繰り返す
　　Wだけカメ進む
　　90だけカメ右回転
　　W=W+10 # --- (*1)
ここまで。
","W=10
カメ作成
30回繰り返す
　　Wだけカメ進む
　　90だけカメ右回転
　　W=W+10 # --- (*1)
ここまで。
","コード:
W=10
カメ作成
30回繰り返す
　　Wだけカメ進む
　　90だけカメ右回転
　　W=W+---",0.0,0.813953488372093
1,5,E,"# 身長と体重を尋ねる --- (*1)
「身長(cm)は？」と尋ねて身長cmに代入。
「体重(kg)は？」と尋ねて体重kgに代入。
# BMIを計算 --- (*2)
BMI=体重kg÷(身長cm/100)^2
# 肥満かどうか判定 --- (*3)
もし、BMIが25以上ならば
　　判定＝「肥満」
違えば、もし、BMIが18.5未満ならば
　　判定＝「低体重」
違えば
　　判定＝「普通体重」
ここまで。
# 結果を表示 --- (*4)
「BMI={BMI} / 判定={判定}」を表示。
","# 身長と体重を尋ねる --- (*1)
「身長(cm)は？」と尋ねて身長cmに代入。
「体重(kg)は？」と尋ねて体重kgに代入。
# BMIを計算 --- (*2)
BMI=体重kg÷(身長cm/100)^2
# 肥満かどうか判定 --- (*3)
もし、BMIが25以上ならば
　　判定＝「肥満」
違えば、もし、BMIが18.5未満ならば
　　判定＝「低体重」
違えば
　　判定＝「普通体重」
ここまで。
# 結果を表示 --- (*4)
「BMI={BMI} / 判定={判定}」を表示。
","# 身長と体重を尋ねる ---
「身長(cm)は？」と尋ねて身長cmに代入。
「体重(kg)は？」と尋ねて体重kgに代入。

# BMIを計算 ---
BMI=体重kg÷(身長cm/100)^2

# 肥満かどうか判定 ---
もし、BMIが25以上ならば
　　判定＝「肥満」
違えば、もし、BMIが18.5未満ならば
　　判定＝「低体重」
違えば
　　判定＝「普通体重」

# 結果を表示 ---
「BMI={BMI} / 判定={判定}」",0.0,0.9340369393139841
1,5,E,"# ネコの年間費用を指定 --- (*1)
エサ代＝4100×12
トイレ砂＝6000×2
保険＝2500×12
健康診断＝12000×1

# 費用を合計 --- (*2)
費用合計＝エサ代＋トイレ砂＋保険＋健康診断

# 結果を表示 --- (*3)
「毎年{費用合計}円必要です。」を表示。
","# ネコの年間費用を指定 --- (*1)
エサ代＝4100×12
トイレ砂＝6000×2
保険＝2500×12
健康診断＝12000×1

# 費用を合計 --- (*2)
費用合計＝エサ代＋トイレ砂＋保険＋健康診断

# 結果を表示 --- (*3)
「毎年{費用合計}円必要です。」を表示。
","# ネコの年間費用を指定 ---
(*1)
エサ代＝4100×12
トイレ砂＝6000×2
保険＝2500×12
健康診断＝12000×1

# 費用を合計 ---
(*2)
費用合計＝エサ代＋トイレ砂＋保険＋健康診断

# 結果を表示 ---
(*3)
「毎年{費用合計}円必要です。」",0.0,0.9830508474576272
1,5,E,"[50, 50]から[200, 50]へ線描画。
[200, 50]から[50, 200]へ線描画。
[50, 200]から[200, 200]へ線描画。
","[50, 50]から[200, 50]へ---。
[200, 50]から[50, 200]へ---。
[50, 200]から[200, 200]へ---。
","[50, 50]から---へ線---。
[200, 50]から---へ線---。
[50, 200]から---へ線---。",0.0,0.7142857142857143
1,5,E,"# 天気APIのURLを指定 --- (*1)
APIは「https://api.aoikujira.com/tenki/week.php?fmt=json」

# AjaxでAPIにアクセス --- (*2)
APIからAJAX受信した時には
　　# JSONデータをなでしこのデータに変換 --- (*3)
　　対象をJSONデコードして都市別天気辞書に代入。
　　# 辞書型変数からキー「東京」の値を取得 --- (*4)
　　予報一覧＝都市別天気辞書＠「東京」
　　# 配列の値を一つずつ取り出す --- (*5)
　　予報一覧を反復
　　　　# データに含まれる日付と予報を取り出す --- (*6)
　　　　日付＝対象@「date」
　　　　予報＝対象＠「forecast」
　　　　「{日付} - {予報}」を表示。
　　ここまで。
ここまで。
","# 天気APIのURLを指定 --- (*1)
APIは「https://api.aoikujira.com/tenki/week.php?fmt=json」

# ----でAPIにアクセス --- (*2)
APIから----受信した時には
　　# JSONデータをなでしこのデータに変換 --- (*3)
　　対象をJSONデコードして都市別天気辞書に代入。
　　# 辞書型変数からキー「東京」の値を取得 --- (*4)
　　予報一覧＝都市別天気辞書＠「東京」
　　# 配列の値を一つずつ取り出す --- (*5)
　　予報一覧を反復
　　　　# データに含まれる日付と予報を取り出す --- (*6)
　　　　日付＝対象@「date」
　　　　予報＝対象＠「forecast」
　　　　「{日付} - {予報}」を表示。
　　ここまで。
ここまで。
","以下のコードで、特定用途向け命令を「---」に置換しました。

# 天気APIのURLを指定 ---
APIは「https://api.aoikujira.com/tenki/week.php?fmt=json」

# ---でAPIにアクセス ---
APIからAJAX受信した時には
　　# JSONデータをなでしこのデータに変換 ---
　　対象をJSONデコードして都市別天気辞書に代入。
　　# 辞書型変数からキー「東京」の値を取得 ---
　　予報一覧＝都市別天気辞書＠「東京」
　　# ---の値を一つずつ取り出す ---
　　予報一覧を反復
　　　　# データに含まれる日付と予報を取り出す ---
　　　　日付＝対象@「date」
　　　　予報＝対象＠「forecast」
　　　　「{日付} - {予報}」を表示。
　　ここまで。",0.0,0.8916083916083916
1,5,E,"12345と表示
","12345と表示
",12345,0.0,0.7692307692307693
1,5,E,"2に3を足して表示。
100に50を足して表示。
1234567に34567を足して表示。
","2に3を足して表示。
100に50を足して表示。
1234567に34567を足して表示。
","コード:
年齢＝「年齢は？」と尋ねる。

もし、年齢が3未満ならば
　　「0円」と表示。
違えば、もし(年齢が3以上)かつ(年齢が12未満)ならば
　　「300円」と表示。
違えば、もし(年齢が12以上)かつ(年齢が60未満)ならば
　　「600円」と表示。
違えば
　　「500円」と表示。
ここまで。",0.0,0.19318181818181818
1,5,E,"Ｎ＝2
19回繰り返す
　　もし、N%3=0ならば「🐕{N}は3の倍数」と表示。
　　もし、N%5=0ならば「🐎{N}は3の倍数」と表示。
　　Ｎ＝Ｎ＋１
ここまで。
","Ｎ＝2
19回繰り返す
　　もし、N%3=0ならば「🐕{N}は3の倍数」と表示。
　　もし、N%5=0ならば「🐎{N}は3の倍数」と表示。
　　Ｎ＝Ｎ＋１
ここまで。
","＃ジャンケンの手と勝敗を数値で定義
グー＝0。チョキ＝1。パー＝2。
あいこ＝0。負け＝1。勝ち＝2。

＃自分と相手の手を指定 --- (*1)
グーとチョキでジャンケン判定して勝敗表示。

●(自分と相手で)ジャンケン判定とは
　　もし、自分＝相手ならば、それはあいこ。
　　もし、自分がグーならば
　　　　もし、相手がチョキならば、それは勝ち。
　　　　もし、相手がパーならば、それは負け。
　　ここまで。
　　もし、自分がチョキならば
　　　　もし、相手がパーならば、それは勝ち。
　　　　もし、相手がグーならば、それは負け。
　　ここまで。
　　もし、自分がパーならば
　　　　もし、相手がグーならば、それは勝ち。
　　　　もし、相手がチョキならば、それは負け。
　　ここまで。
ここまで。

●（N）の勝敗表示とは
　　もし、N＝0ならば「あいこ」と表示。
　　もし、N＝1ならば「負け」と表示。
　　もし、N＝2ならば「勝ち」と表示。
ここまで。",0.0,0.13145539906103287
1,5,E,"A = [30, 50, 80, 50]
A[0]を表示。
A[2]を表示。
","A = [30, 50, 80, 50]
A[0]を表示。
A[2]を表示。
","A[0]を表示。
80",0.0,0.3902439024390244
1,5,E,"「何インチですか？」と尋ねてインチに代入。
センチ＝インチ×2.54
「{インチ}インチは、{センチ}センチです。」と言う。
","「何インチですか？」と尋ねてインチに代入。
センチ＝インチ×2.54
「{インチ}インチは、{センチ}センチです。」と言う。
","「何インチですか？」と尋ねて---に代入。
センチ＝---×2.54
「{---}インチは、{センチ}センチです。」と言う。",0.0,0.918918918918919
1,5,E,"W=10
カメ作成
30回繰り返す
　　Wだけカメ進む
　　90だけカメ右回転
　　W=W+10 # --- (*1)
ここまで。
","W=10
----
30回繰り返す
　　Wだけ----
　　90だけ-----
　　W=W+10 # --- (*1)
ここまで。
","W=10
カメ作成
30回繰り返す
　　Wだけカメ進む
　　90だけカメ右回転
　　W=---",0.0,0.5970149253731343
2,1,A,"# 身長と体重を尋ねる --- (*1)
「身長(cm)は？」と尋ねて身長cmに代入。
「体重(kg)は？」と尋ねて体重kgに代入。
# BMIを計算 --- (*2)
BMI=体重kg÷(身長cm/100)^2
# 肥満かどうか判定 --- (*3)
もし、BMIが25以上ならば
　　判定＝「肥満」
違えば、もし、BMIが18.5未満ならば
　　判定＝「低体重」
違えば
　　判定＝「普通体重」
ここまで。
# 結果を表示 --- (*4)
「BMI={BMI} / 判定={判定}」を表示。
","# 身長と体重を尋ねる --- (--)
「--------」と尋ねて身長cmに代入。
「--------」と尋ねて体重kgに代入。
# BMIを計算 --- (--)
BMI-体重kg-(身長cm----)^-
# 肥満かどうか判定 --- (--)
もし、BMIが--以上ならば
　　判定-「--」
違えば、もし、BMIが----未満ならば
　　判定-「---」
違えば
　　判定-「----」
ここまで。
# 結果を表示 --- (--)
「-------------------」を表示。
","# 身長と体重を尋ねる ---
「身長(cm)は？」と尋ねて身長cmに代入。
「体重(kg)は？」と尋ねて体重kgに代入。
# BMIを計算 ---
BMI=体重kg÷(身長cm/100)^2
# 肥満かどうか判定 ---
もし、BMIが25以上ならば
　　判定＝「肥満」
違えば、もし、BMIが18.5未満ならば
　　判定＝「低体重」
違えば
　　判定＝「普通体重」
# 結果を表示 ---
「BMI={---} / 判定={---}」を表示。",0.0,0.7948717948717948
2,1,A,"# ネコの年間費用を指定 --- (*1)
エサ代＝4100×12
トイレ砂＝6000×2
保険＝2500×12
健康診断＝12000×1

# 費用を合計 --- (*2)
費用合計＝エサ代＋トイレ砂＋保険＋健康診断

# 結果を表示 --- (*3)
「毎年{費用合計}円必要です。」を表示。
","# ネコの年間費用を指定 --- (--)
エサ代--------
トイレ砂-------
保険--------
健康診断--------

# 費用を合計 --- (--)
費用合計-エサ代-トイレ砂-保険-健康診断

# 結果を表示 --- (--)
「--------------」を表示。
","# ネコの年間費用を指定 --- (*1)
エサ代＝---
トイレ砂＝---
保険＝---
健康診断＝---

# 費用を合計 --- (*2)
費用合計＝エサ代＋トイレ砂＋保険＋健康診断

# 結果を表示 --- (*3)
「毎年---円必要です。」を表示。",0.0,0.8552631578947368
2,1,A,"[50, 50]から[200, 50]へ線描画。
[200, 50]から[50, 200]へ線描画。
[50, 200]から[200, 200]へ線描画。
","[--, --]から[---, --]へ線描画。
[---, --]から[--, ---]へ線描画。
[--, ---]から[---, ---]へ線描画。
","[---, ---]から[---, ---]へ線描画。
[---, ---]から[---, ---]へ線描画。
[---, ---]から[---, ---]へ線描画。",1.0,1.0
2,1,A,"# 天気APIのURLを指定 --- (*1)
APIは「https://api.aoikujira.com/tenki/week.php?fmt=json」

# AjaxでAPIにアクセス --- (*2)
APIからAJAX受信した時には
　　# JSONデータをなでしこのデータに変換 --- (*3)
　　対象をJSONデコードして都市別天気辞書に代入。
　　# 辞書型変数からキー「東京」の値を取得 --- (*4)
　　予報一覧＝都市別天気辞書＠「東京」
　　# 配列の値を一つずつ取り出す --- (*5)
　　予報一覧を反復
　　　　# データに含まれる日付と予報を取り出す --- (*6)
　　　　日付＝対象@「date」
　　　　予報＝対象＠「forecast」
　　　　「{日付} - {予報}」を表示。
　　ここまで。
ここまで。
","# 天気APIのURLを指定 --- (--)
APIは「---」

# AjaxでAPIにアクセス --- (--)
APIからAJAX受信した時には
　　# JSONデータをなでしこのデータに変換 --- (--)
　　対象をJSONデコードして都市別天気辞書に代入。
　　# 辞書型変数からキー「---」の値を取得 --- (--)
　　予報一覧-都市別天気辞書-「---」
　　# 配列の値を一つずつ取り出す --- (--)
　　予報一覧を反復
　　　　# データに含まれる日付と予報を取り出す --- (--)
　　　　日付-対象@「---」
　　　　予報-対象-「---」
　　　　「---」を表示。
　　ここまで。
ここまで。
","# 天気APIのURLを指定 ---
(*1)
APIは「https://api.aoikujira.com/tenki/week.php?fmt=json」

# AjaxでAPIにアクセス ---
(*2)
APIからAJAX受信した時には
　　# JSONデータをなでしこのデータに変換 ---
(*3)
　　対象をJSONデコードして都市別天気辞書に代入。
　　# 辞書型変数からキー「東京」の値を取得 ---
(*4)
　　予報一覧＝都市別天気辞書＠「東京」
　　# 配列の値を一つずつ取り出す ---
(*5)
　　予報一覧を反復
　　　　# データに含まれる日付と予報を取り出す ---
(*6)
　　　　日付＝対象@「date」
　　　　予報＝対象＠「forecast」
　　　　「{日付} --- {予報}」を表示。
　　ここまで。",0.0,0.7789046653144016
2,1,A,"12345と表示
","-----と表示
",123---,0.0,0.0
2,1,A,"2に3を足して表示。
100に50を足して表示。
1234567に34567を足して表示。
","-に-を足して表示。
---に--を足して表示。
-------に-----を足して表示。
","コード:
2に---を足して表示。
100に---を足して表示。
1234567に---を足して表示。",0.0,0.7619047619047619
2,1,A,"Ｎ＝2
19回繰り返す
　　もし、N%3=0ならば「🐕{N}は3の倍数」と表示。
　　もし、N%5=0ならば「🐎{N}は3の倍数」と表示。
　　Ｎ＝Ｎ＋１
ここまで。
","Ｎ--
--回繰り返す
　　もし、N----ならば「---------」と表示。
　　もし、N----ならば「---------」と表示。
　　Ｎ-Ｎ--
ここまで。
","Ｎ＝---
19回繰り返す
　　もし、N%3=0ならば「🐕---は3の倍数」と表示。
　　もし、N%5=0ならば「🐎---は5の倍数」と表示。
　　Ｎ＝Ｎ＋１",0.0,0.6868686868686869
2,1,A,"A = [30, 50, 80, 50]
A[0]を表示。
A[2]を表示。
","A - [30, 50, 80, 50]
A[0]を表示。
A[2]を表示。
","A --
A[0] --
A[2] --",0.0,0.41025641025641024
2,1,A,"「何インチですか？」と尋ねてインチに代入。
センチ＝インチ×2.54
「{インチ}インチは、{センチ}センチです。」と言う。
","「--------」と尋ねてインチに代入。
センチ-インチ-----
「---------------------」と言う。
","「何インチですか？」と尋ねてインチに代入。
センチ---インチ×2.54
「---インチは、---センチです。」と言う。",0.0,0.6756756756756757
2,1,A,"W=10
カメ作成
30回繰り返す
　　Wだけカメ進む
　　90だけカメ右回転
　　W=W+10 # --- (*1)
ここまで。
","W--
カメ作成
--回繰り返す
　　Wだけカメ進む
　　--だけカメ右回転
　　W-W+-- # --- (*-)
ここまで。
","W---
カメ作成
30回繰り返す
　　Wだけカメ進む
　　90だけカメ右回転
　　W=W+---
ここまで。",0.0,0.8767123287671232
2,2,B,"# 身長と体重を尋ねる --- (*1)
「身長(cm)は？」と尋ねて身長cmに代入。
「体重(kg)は？」と尋ねて体重kgに代入。
# BMIを計算 --- (*2)
BMI=体重kg÷(身長cm/100)^2
# 肥満かどうか判定 --- (*3)
もし、BMIが25以上ならば
　　判定＝「肥満」
違えば、もし、BMIが18.5未満ならば
　　判定＝「低体重」
違えば
　　判定＝「普通体重」
ここまで。
# 結果を表示 --- (*4)
「BMI={BMI} / 判定={判定}」を表示。
","# 身長と体重を--- --- (*1)
「身長(cm)は？」と尋ねて身長cmに--。
「体重(kg)は？」と尋ねて体重kgに--。
# BMIを計算 --- (*2)
BMI=体重kg÷(身長cm/100)^2
# 肥満かどうか判定 --- (*3)
もし、BMIが25以上ならば
　　判定＝「肥満」
違えば、もし、BMIが18.5未満ならば
　　判定＝「低体重」
違えば
　　判定＝「普通体重」
ここまで。
# 結果を-- --- (*4)
「BMI={BMI} / 判定={判定}」を--。
","# 身長と体重を尋ねる ---
「身長(cm)は？」と尋ねて身長cmに代入。
「体重(kg)は？」と尋ねて体重kgに代入。

# BMIを計算 ---
BMI=体重kg÷(身長cm/100)^2

# 肥満かどうか判定 ---
もし、BMIが25以上ならば
　　判定＝「肥満」
違えば、もし、BMIが18.5未満ならば
　　判定＝「低体重」
違えば
　　判定＝「普通体重」

# 結果を表示 ---
「BMI={BMI} / 判定={判定}」を---。",0.0,0.918918918918919
2,2,B,"# ネコの年間費用を指定 --- (*1)
エサ代＝4100×12
トイレ砂＝6000×2
保険＝2500×12
健康診断＝12000×1

# 費用を合計 --- (*2)
費用合計＝エサ代＋トイレ砂＋保険＋健康診断

# 結果を表示 --- (*3)
「毎年{費用合計}円必要です。」を表示。
","# ネコの年間費用を指定 --- (*1)
エサ代＝4100×12
トイレ砂＝6000×2
保険＝2500×12
健康診断＝12000×1

# 費用を合計 --- (*2)
費用合計＝エサ代＋トイレ砂＋保険＋健康診断

# 結果を-- --- (*3)
「毎年{費用合計}円必要です。」を--。
","# ネコの年間費用を指定 ---
エサ代＝4100×12
トイレ砂＝6000×2
保険＝2500×12
健康診断＝12000×1

# 費用を合計 ---
費用合計＝エサ代＋トイレ砂＋保険＋健康診断

# 結果を表示 ---
「毎年{費用合計}円必要です。」を---。",0.0,0.9369369369369369
2,2,B,"[50, 50]から[200, 50]へ線描画。
[200, 50]から[50, 200]へ線描画。
[50, 200]から[200, 200]へ線描画。
","[50, 50]から[200, 50]へ線描画。
[200, 50]から[50, 200]へ線描画。
[50, 200]から[200, 200]へ線描画。
","[50, 50]から[---]へ線描画。
[---]から[50, 200]へ線描画。
[50, 200]から[---]へ線描画。",0.0,0.8403361344537815
2,2,B,"# 天気APIのURLを指定 --- (*1)
APIは「https://api.aoikujira.com/tenki/week.php?fmt=json」

# AjaxでAPIにアクセス --- (*2)
APIからAJAX受信した時には
　　# JSONデータをなでしこのデータに変換 --- (*3)
　　対象をJSONデコードして都市別天気辞書に代入。
　　# 辞書型変数からキー「東京」の値を取得 --- (*4)
　　予報一覧＝都市別天気辞書＠「東京」
　　# 配列の値を一つずつ取り出す --- (*5)
　　予報一覧を反復
　　　　# データに含まれる日付と予報を取り出す --- (*6)
　　　　日付＝対象@「date」
　　　　予報＝対象＠「forecast」
　　　　「{日付} - {予報}」を表示。
　　ここまで。
ここまで。
","# 天気APIのURLを指定 --- (*1)
APIは「https://api.aoikujira.com/tenki/week.php?fmt=json」

# AjaxでAPIにアクセス --- (*2)
APIからAJAX受信した時には
　　# JSONデータをなでしこのデータに変換 --- (*3)
　　対象をJSONデコードして都市別天気辞書に--。
　　# 辞書型変数からキー「東京」の値を取得 --- (*4)
　　予報一覧＝都市別天気辞書＠「東京」
　　# 配列の値を一つずつ取り出す --- (*5)
　　予報一覧を反復
　　　　# データに含まれる日付と予報を取り出す --- (*6)
　　　　日付＝対象@「date」
　　　　予報＝対象＠「forecast」
　　　　「{日付} - {予報}」を--。
　　ここまで。
ここまで。
","# 天気APIのURLを指定 --- (*1)
APIは「https://api.aoikujira.com/tenki/week.php?fmt=json」

# --- (*2)
APIからAJAX受信した時には
　　# --- (*3)
　　対象をJSONデコードして都市別天気辞書に---。
　　# --- (*4)
　　予報一覧＝都市別天気辞書＠「東京」
　　# --- (*5)
　　予報一覧を反復
　　　　# --- (*6)
　　　　日付＝対象@「date」
　　　　予報＝対象＠「forecast」
　　　　「{日付} - {予報}」を---。
　　ここまで。",0.0,0.8259109311740891
2,2,B,"12345と表示
","12345と--
",12345---,0.0,0.9090909090909091
2,2,B,"2に3を足して表示。
100に50を足して表示。
1234567に34567を足して表示。
","2に3を足して--。
100に50を足して--。
1234567に34567を足して--。
","2に3を足して---。
100に50を足して---。
1234567に34567を足して---。",1.0,1.0
2,2,B,"Ｎ＝2
19回繰り返す
　　もし、N%3=0ならば「🐕{N}は3の倍数」と表示。
　　もし、N%5=0ならば「🐎{N}は3の倍数」と表示。
　　Ｎ＝Ｎ＋１
ここまで。
","Ｎ＝2
19回繰り返す
　　もし、N%3=0ならば「🐕{N}は3の倍数」と--。
　　もし、N%5=0ならば「🐎{N}は3の倍数」と--。
　　Ｎ＝Ｎ＋１
ここまで。
","Ｎ＝2
19回繰り返す
　　もし、N%3=0ならば「🐕{N}は3の倍数」と---。
　　もし、N%5=0ならば「🐎{N}は3の倍数」と---。
　　Ｎ＝Ｎ＋１",0.0,0.9618320610687023
2,2,B,"A = [30, 50, 80, 50]
A[0]を表示。
A[2]を表示。
","A = [30, 50, 80, 50]
A[0]を--。
A[2]を--。
","A = [30, 50, 80, 50]
---を表示。
---を表示。",0.0,0.76
2,2,B,"「何インチですか？」と尋ねてインチに代入。
センチ＝インチ×2.54
「{インチ}インチは、{センチ}センチです。」と言う。
","「何インチですか？」と尋ねてインチに--。
センチ＝インチ×2.54
「{インチ}インチは、{センチ}センチです。」と--。
","「何インチですか？」と---てインチに代入。
センチ＝インチ×2.54
「{インチ}インチは、{センチ}センチです。」と---。",0.0,0.9642857142857143
2,2,B,"W=10
カメ作成
30回繰り返す
　　Wだけカメ進む
　　90だけカメ右回転
　　W=W+10 # --- (*1)
ここまで。
","W=10
カメ作成
30回繰り返す
　　Wだけカメ進む
　　90だけカメ右回転
　　W=W+10 # --- (*1)
ここまで。
","W = 10
カメ作成
30回繰り返す
　　Wだけカメ進む
　　90だけカメ右回転
　　W = ---
ここまで。",0.0,0.8941176470588236
2,3,C,"# 身長と体重を尋ねる --- (*1)
「身長(cm)は？」と尋ねて身長cmに代入。
「体重(kg)は？」と尋ねて体重kgに代入。
# BMIを計算 --- (*2)
BMI=体重kg÷(身長cm/100)^2
# 肥満かどうか判定 --- (*3)
もし、BMIが25以上ならば
　　判定＝「肥満」
違えば、もし、BMIが18.5未満ならば
　　判定＝「低体重」
違えば
　　判定＝「普通体重」
ここまで。
# 結果を表示 --- (*4)
「BMI={BMI} / 判定={判定}」を表示。
","# 身長と体重を尋ねる --- (*1)
「身長(cm)は？」と尋ねて身長cmに代入。
「体重(kg)は？」と尋ねて体重kgに代入。
# BMIを計算 --- (*2)
BMI=体重kg÷(身長cm/100)^2
# 肥満かどうか判定 --- (*3)
--、BMIが25以上---
　　判定＝「肥満」
---、--、BMIが18.5未満---
　　判定＝「低体重」
---
　　判定＝「普通体重」
----。
# 結果を表示 --- (*4)
「BMI={BMI} / 判定={判定}」を表示。
","# 身長と体重を尋ねる ---
「身長(cm)は？」と尋ねて身長cmに代入。
「体重(kg)は？」と尋ねて体重kgに代入。
# BMIを計算 ---
BMI=体重kg÷(身長cm/100)^2
# 肥満かどうか判定 ---
もし、BMIが25以上ならば
　　判定＝「肥満」
違えば、もし、BMIが18.5未満ならば
　　判定＝「低体重」
違えば
　　判定＝「普通体重」
# 結果を表示 ---
「BMI={BMI} / 判定={判定}」を表示。",0.0,0.9090909090909091
2,3,C,"# ネコの年間費用を指定 --- (*1)
エサ代＝4100×12
トイレ砂＝6000×2
保険＝2500×12
健康診断＝12000×1

# 費用を合計 --- (*2)
費用合計＝エサ代＋トイレ砂＋保険＋健康診断

# 結果を表示 --- (*3)
「毎年{費用合計}円必要です。」を表示。
","# ネコの年-費用を指定 --- (*1)
エサ代＝4100×12
トイレ砂＝6000×2
保険＝2500×12
健康診断＝12000×1

# 費用を合計 --- (*2)
費用合計＝エサ代＋トイレ砂＋保険＋健康診断

# 結果を表示 --- (*3)
「毎年{費用合計}円必要です。」を表示。
","# ネコの年間費用を指定 --- (*1)
エサ代＝4100×12
トイレ砂＝6000×2
保険＝2500×12
健康診断＝12000×1

# --- (*2)
費用合計＝エサ代＋トイレ砂＋保険＋健康診断

# --- (*3)
「毎年---円必要です。」を表示。",0.0,0.9237668161434978
2,3,C,"[50, 50]から[200, 50]へ線描画。
[200, 50]から[50, 200]へ線描画。
[50, 200]から[200, 200]へ線描画。
","[50, 50]から[200, 50]へ線描画。
[200, 50]から[50, 200]へ線描画。
[50, 200]から[200, 200]へ線描画。
","コード:
[50, 50]から[---, 50]へ線描画。
[---, 50]から[50, ---]へ線描画。
[50, ---]から[---, ---]へ線描画。",0.0,0.8225806451612904
2,3,C,"# 天気APIのURLを指定 --- (*1)
APIは「https://api.aoikujira.com/tenki/week.php?fmt=json」

# AjaxでAPIにアクセス --- (*2)
APIからAJAX受信した時には
　　# JSONデータをなでしこのデータに変換 --- (*3)
　　対象をJSONデコードして都市別天気辞書に代入。
　　# 辞書型変数からキー「東京」の値を取得 --- (*4)
　　予報一覧＝都市別天気辞書＠「東京」
　　# 配列の値を一つずつ取り出す --- (*5)
　　予報一覧を反復
　　　　# データに含まれる日付と予報を取り出す --- (*6)
　　　　日付＝対象@「date」
　　　　予報＝対象＠「forecast」
　　　　「{日付} - {予報}」を表示。
　　ここまで。
ここまで。
","# 天気APIのURLを指定 --- (*1)
APIは「https://api.aoikujira.com/tenki/week.php?fmt=json」

# AjaxでAPIにアクセス --- (*2)
APIからAJAX受信した時には
　　# JSONデータをなでしこのデータに変換 --- (*3)
　　対象をJSONデコードして都市別天気辞書に代入。
　　# 辞書型変数からキー「東京」の値を取得 --- (*4)
　　予報一覧＝都市別天気辞書＠「東京」
　　# 配列の値を一つずつ取り出す --- (*5)
　　予報一覧を--
　　　　# データに含まれる日付と予報を取り出す --- (*6)
　　　　日付＝対象@「date」
　　　　予報＝対象＠「forecast」
　　　　「{日付} - {予報}」を表示。
　　----。
----。
","# 天気APIのURLを指定 --- (*1)
APIは「https://api.aoikujira.com/tenki/week.php?fmt=json」

# AjaxでAPIにアクセス --- (*2)
APIからAJAX受信した時には
　　# JSONデータをなでしこのデータに変換 --- (*3)
　　対象をJSONデコードして都市別天気辞書に代入。
　　# 辞書型変数からキー「東京」の値を取得 --- (*4)
　　予報一覧＝都市別天気辞書＠「東京」
　　# --- (*5)
　　予報一覧を---
　　　　# データに含まれる日付と予報を取り出す --- (*6)
　　　　日付＝対象@「date」
　　　　予報＝対象＠「forecast」
　　　　「{日付} --- {予報}」を表示。
　　ここまで。",0.0,0.967741935483871
2,3,C,"12345と表示
","12345と表示
","コード:
---",0.0,0.0
2,3,C,"2に3を足して表示。
100に50を足して表示。
1234567に34567を足して表示。
","2に3を足して表示。
100に50を足して表示。
1234567に34567を足して表示。
","コード:
# 2に3を足して表示。
print(2 + 3)

# 100に50を足して表示。
print(100 + 50)

# ---に34567を足して表示。
print(1234567 + 34567)",0.0,0.5891472868217055
2,3,C,"Ｎ＝2
19回繰り返す
　　もし、N%3=0ならば「🐕{N}は3の倍数」と表示。
　　もし、N%5=0ならば「🐎{N}は3の倍数」と表示。
　　Ｎ＝Ｎ＋１
ここまで。
","Ｎ＝2
19回----
　　--、N%3=0---「🐕{N}は3の倍数」と表示。
　　--、N%5=0---「🐎{N}は3の倍数」と表示。
　　Ｎ＝Ｎ＋１
----。
","Ｎ＝2
---回繰り返す
　　もし、N%3=0ならば「🐕{N}は3の倍数」と表示。
　　もし、N%5=0ならば「🐎{N}は3の倍数」と表示。
　　Ｎ＝Ｎ＋１
ここまで。",0.0,0.8387096774193549
2,3,C,"A = [30, 50, 80, 50]
A[0]を表示。
A[2]を表示。
","A = [30, 50, 80, 50]
A[0]を表示。
A[2]を表示。
","A = [30, 50, 80, 50]
A[0]を表示。
A ---",0.0,0.8727272727272727
2,3,C,"「何インチですか？」と尋ねてインチに代入。
センチ＝インチ×2.54
「{インチ}インチは、{センチ}センチです。」と言う。
","「何インチですか？」と尋ねてインチに代入。
センチ＝インチ×2.54
「{インチ}インチは、{センチ}センチです。」と言う。
","「何インチですか？」と尋ねてインチに代入。
センチ＝インチ×2.54
「{インチ}インチは、--- センチです。」と言う。",0.0,0.9565217391304348
2,3,C,"W=10
カメ作成
30回繰り返す
　　Wだけカメ進む
　　90だけカメ右回転
　　W=W+10 # --- (*1)
ここまで。
","W=10
カメ作成
30回----
　　Wだけカメ進む
　　90だけカメ右回転
　　W=W+10 # --- (*1)
----。
","W=10
カメ作成
30回---
　　Wだけカメ進む
　　90だけカメ右回転
　　W=W+10 # ---
ここまで。",0.0,0.8974358974358975
2,4,D,"# 身長と体重を尋ねる --- (*1)
「身長(cm)は？」と尋ねて身長cmに代入。
「体重(kg)は？」と尋ねて体重kgに代入。
# BMIを計算 --- (*2)
BMI=体重kg÷(身長cm/100)^2
# 肥満かどうか判定 --- (*3)
もし、BMIが25以上ならば
　　判定＝「肥満」
違えば、もし、BMIが18.5未満ならば
　　判定＝「低体重」
違えば
　　判定＝「普通体重」
ここまで。
# 結果を表示 --- (*4)
「BMI={BMI} / 判定={判定}」を表示。
","# 身長と体重を尋ねる --- (*1)
「身長(cm)は？」と尋ねて身長cmに代入。
「体重(kg)は？」と尋ねて体重kgに代入。
# BMIを計算 --- (*2)
BMI=体重kg÷(身長cm/100)^2
# 肥満かどうか判定 --- (*3)
もし、BMIが25以上ならば
　　判定＝「肥満」
違えば、もし、BMIが18.5未満ならば
　　判定＝「低体重」
違えば
　　判定＝「普通体重」
ここまで。
# 結果を表示 --- (*4)
「BMI={BMI} / 判定={判定}」を表示。
","# 身長と体重を尋ねる ---
「身長(cm)は？」と尋ねて身長cmに代入。
「体重(kg)は？」と尋ねて体重kgに代入。
# BMIを計算 ---
BMI=体重kg÷(身長cm/100)^2
# 肥満かどうか判定 ---
もし、BMIが25以上ならば
　　判定＝「肥満」
違えば、もし、BMIが18.5未満ならば
　　判定＝「低体重」
違えば
　　判定＝「普通体重」
# 結果を表示 ---
「BMI={BMI} / 判定={判定}」を表示。",0.0,0.9451697127937336
2,4,D,"# ネコの年間費用を指定 --- (*1)
エサ代＝4100×12
トイレ砂＝6000×2
保険＝2500×12
健康診断＝12000×1

# 費用を合計 --- (*2)
費用合計＝エサ代＋トイレ砂＋保険＋健康診断

# 結果を表示 --- (*3)
「毎年{費用合計}円必要です。」を表示。
","# ネコの年間費用を指定 --- (*1)
エサ代＝4100×12
トイレ砂＝6000×2
保険＝2500×12
健康診断＝12000×1

# 費用を合計 --- (*2)
費用合計＝エサ代＋トイレ砂＋保険＋健康診断

# 結果を表示 --- (*3)
「毎年{費用合計}円必要です。」を表示。
","# ネコの年間費用を指定 --- (*1)
エサ代＝4100×12
トイレ砂＝---×2
保険＝2500×12
健康診断＝12000×1

# 費用を合計 --- (*2)
費用合計＝エサ代＋トイレ砂＋保険＋健康診断

# 結果を表示 --- (*3)
「毎年{費用合計}円必要です。」を表示。",0.0,0.9830508474576272
2,4,D,"[50, 50]から[200, 50]へ線描画。
[200, 50]から[50, 200]へ線描画。
[50, 200]から[200, 200]へ線描画。
","[50, 50]から[200, 50]へ線描画。
[200, 50]から[50, 200]へ線描画。
[50, 200]から[200, 200]へ線描画。
","[50, 50]から[---, 50]へ線描画。
[200, 50]から[---, 200]へ線描画。
[50, 200]から[---, 200]へ線描画。",0.0,0.9384615384615385
2,4,D,"# 天気APIのURLを指定 --- (*1)
APIは「https://api.aoikujira.com/tenki/week.php?fmt=json」

# AjaxでAPIにアクセス --- (*2)
APIからAJAX受信した時には
　　# JSONデータをなでしこのデータに変換 --- (*3)
　　対象をJSONデコードして都市別天気辞書に代入。
　　# 辞書型変数からキー「東京」の値を取得 --- (*4)
　　予報一覧＝都市別天気辞書＠「東京」
　　# 配列の値を一つずつ取り出す --- (*5)
　　予報一覧を反復
　　　　# データに含まれる日付と予報を取り出す --- (*6)
　　　　日付＝対象@「date」
　　　　予報＝対象＠「forecast」
　　　　「{日付} - {予報}」を表示。
　　ここまで。
ここまで。
","# 天気APIのURLを指定 --- (*1)
APIは「https://api.aoikujira.com/tenki/week.php?fmt=json」

# AjaxでAPIにアクセス --- (*2)
APIからAJAX受信した時には
　　# JSONデータをなでしこのデータに変換 --- (*3)
　　--を--------して都市別天気辞書に代入。
　　# 辞書型変数から--「東京」の値を取得 --- (*4)
　　予報一覧＝都市別天気辞書＠「東京」
　　# --の値を一つずつ取り出す --- (*5)
　　予報一覧を反復
　　　　# データに含まれる日付と予報を取り出す --- (*6)
　　　　日付＝--@「date」
　　　　予報＝--＠「forecast」
　　　　「{日付} - {予報}」を表示。
　　ここまで。
ここまで。
","# 天気APIのURLを指定 --- (*1)
APIは「https://api.aoikujira.com/tenki/week.php?fmt=json」

# AjaxでAPIにアクセス --- (*2)
APIからAJAX受信した時には
　　# --- (*3)
　　対象を---して都市別天気辞書に代入。
　　# --- (*4)
　　予報一覧＝都市別天気辞書＠「東京」
　　# 配列の値を一つずつ取り出す --- (*5)
　　予報一覧を反復
　　　　# --- (*6)
　　　　日付＝対象@「date」
　　　　予報＝対象＠「forecast」
　　　　「{日付} - {予報}」を表示。
　　ここまで。",0.0,0.8685258964143426
2,4,D,"12345と表示
","12345と表示
","コード:
12345",0.0,0.5882352941176471
2,4,D,"2に3を足して表示。
100に50を足して表示。
1234567に34567を足して表示。
","2に3を---表示。
100に50を---表示。
1234567に34567を---表示。
","2に3を足して表示。
100に50を足して表示。
1234567に34567を足して表示。",0.0,0.8831168831168831
2,4,D,"Ｎ＝2
19回繰り返す
　　もし、N%3=0ならば「🐕{N}は3の倍数」と表示。
　　もし、N%5=0ならば「🐎{N}は3の倍数」と表示。
　　Ｎ＝Ｎ＋１
ここまで。
","Ｎ＝2
19回繰り返す
　　もし、N%3=0ならば「🐕{N}は3の倍数」と表示。
　　もし、N%5=0ならば「🐎{N}は3の倍数」と表示。
　　Ｎ＝Ｎ＋１
ここまで。
","Ｎ＝2
19回繰り返す
　　もし、N%3=0ならば「🐕{N}は3の倍数」
　　もし、N%5=0ならば「🐎{N}は5の倍数」
　　Ｎ＝Ｎ＋１",0.0,0.8854961832061069
2,4,D,"A = [30, 50, 80, 50]
A[0]を表示。
A[2]を表示。
","A = [30, 50, 80, 50]
A[0]を表示。
A[2]を表示。
","コード:
A = [30, 50, 80, 50]
A --- を表示。
A --- を表示。",0.0,0.8333333333333334
2,4,D,"「何インチですか？」と尋ねてインチに代入。
センチ＝インチ×2.54
「{インチ}インチは、{センチ}センチです。」と言う。
","「何インチですか？」と尋ねてインチに代入。
センチ＝インチ×2.54
「{インチ}インチは、{センチ}センチです。」と言う。
","「何インチですか？」と尋ねてインチに代入。
センチ＝---×2.54
「{インチ}インチは、{センチ}センチです。」と言う。",0.0,0.9743589743589743
2,4,D,"W=10
カメ作成
30回繰り返す
　　Wだけカメ進む
　　90だけカメ右回転
　　W=W+10 # --- (*1)
ここまで。
","W=10
カメ作成
30回繰り返す
　　Wだけカメ進む
　　90だけカメ右回転
　　W=W+10 # --- (*1)
ここまで。
","W=10
カメ作成
30回繰り返す
　　Wだけカメ進む
　　90だけカメ右回転
　　W=W+---
ここまで。",0.0,0.9195402298850575
2,5,E,"# 身長と体重を尋ねる --- (*1)
「身長(cm)は？」と尋ねて身長cmに代入。
「体重(kg)は？」と尋ねて体重kgに代入。
# BMIを計算 --- (*2)
BMI=体重kg÷(身長cm/100)^2
# 肥満かどうか判定 --- (*3)
もし、BMIが25以上ならば
　　判定＝「肥満」
違えば、もし、BMIが18.5未満ならば
　　判定＝「低体重」
違えば
　　判定＝「普通体重」
ここまで。
# 結果を表示 --- (*4)
「BMI={BMI} / 判定={判定}」を表示。
","# 身長と体重を尋ねる --- (*1)
「身長(cm)は？」と尋ねて身長cmに代入。
「体重(kg)は？」と尋ねて体重kgに代入。
# BMIを計算 --- (*2)
BMI=体重kg÷(身長cm/100)^2
# 肥満かどうか判定 --- (*3)
もし、BMIが25以上ならば
　　判定＝「肥満」
違えば、もし、BMIが18.5未満ならば
　　判定＝「低体重」
違えば
　　判定＝「普通体重」
ここまで。
# 結果を表示 --- (*4)
「BMI={BMI} / 判定={判定}」を表示。
","# 身長と体重を尋ねる ---
「身長(cm)は？」と尋ねて身長cmに代入。
「体重(kg)は？」と尋ねて体重kgに代入。
# BMIを計算 ---
BMI=体重kg÷(身長cm/100)^2
# 肥満かどうか判定 ---
もし、BMIが25以上ならば
　　判定＝「肥満」
違えば、もし、BMIが18.5未満ならば
　　判定＝「低体重」
違えば
　　判定＝「普通体重」
# 結果を表示 ---
「BMI={BMI} / 判定={判定}」を表示。",0.0,0.9451697127937336
2,5,E,"# ネコの年間費用を指定 --- (*1)
エサ代＝4100×12
トイレ砂＝6000×2
保険＝2500×12
健康診断＝12000×1

# 費用を合計 --- (*2)
費用合計＝エサ代＋トイレ砂＋保険＋健康診断

# 結果を表示 --- (*3)
「毎年{費用合計}円必要です。」を表示。
","# ネコの年間費用を指定 --- (*1)
エサ代＝4100×12
トイレ砂＝6000×2
保険＝2500×12
健康診断＝12000×1

# 費用を合計 --- (*2)
費用合計＝エサ代＋トイレ砂＋保険＋健康診断

# 結果を表示 --- (*3)
「毎年{費用合計}円必要です。」を表示。
","# ネコの年間費用を指定 ---
エサ代＝4100×12
トイレ砂＝6000×2
保険＝2500×12
健康診断＝12000×1

# 費用を合計 ---
費用合計＝エサ代＋トイレ砂＋保険＋健康診断

# 結果を表示 ---
「毎年{費用合計}円必要です。」",0.0,0.9285714285714286
2,5,E,"[50, 50]から[200, 50]へ線描画。
[200, 50]から[50, 200]へ線描画。
[50, 200]から[200, 200]へ線描画。
","[50, 50]から[200, 50]へ---。
[200, 50]から[50, 200]へ---。
[50, 200]から[200, 200]へ---。
","[50, 50]から[---, 50]へ線描画。
[---, 50]から[50, ---]へ線描画。
[50, ---]から[---, ---]へ線描画。",0.0,0.7567567567567568
2,5,E,"# 天気APIのURLを指定 --- (*1)
APIは「https://api.aoikujira.com/tenki/week.php?fmt=json」

# AjaxでAPIにアクセス --- (*2)
APIからAJAX受信した時には
　　# JSONデータをなでしこのデータに変換 --- (*3)
　　対象をJSONデコードして都市別天気辞書に代入。
　　# 辞書型変数からキー「東京」の値を取得 --- (*4)
　　予報一覧＝都市別天気辞書＠「東京」
　　# 配列の値を一つずつ取り出す --- (*5)
　　予報一覧を反復
　　　　# データに含まれる日付と予報を取り出す --- (*6)
　　　　日付＝対象@「date」
　　　　予報＝対象＠「forecast」
　　　　「{日付} - {予報}」を表示。
　　ここまで。
ここまで。
","# 天気APIのURLを指定 --- (*1)
APIは「https://api.aoikujira.com/tenki/week.php?fmt=json」

# ----でAPIにアクセス --- (*2)
APIから----受信した時には
　　# JSONデータをなでしこのデータに変換 --- (*3)
　　対象をJSONデコードして都市別天気辞書に代入。
　　# 辞書型変数からキー「東京」の値を取得 --- (*4)
　　予報一覧＝都市別天気辞書＠「東京」
　　# 配列の値を一つずつ取り出す --- (*5)
　　予報一覧を反復
　　　　# データに含まれる日付と予報を取り出す --- (*6)
　　　　日付＝対象@「date」
　　　　予報＝対象＠「forecast」
　　　　「{日付} - {予報}」を表示。
　　ここまで。
ここまで。
","# 天気APIのURLを指定 --- (*1)
APIは「https://api.aoikujira.com/tenki/week.php?fmt=json」

# AjaxでAPIにアクセス --- (*2)
APIからAJAX受信した時には
　　# JSONデータをなでしこのデータに変換 --- (*3)
　　対象をJSONデコードして都市別天気辞書に代入。
　　# 辞書型変数からキー「東京」の値を取得 --- (*4)
　　予報一覧＝都市別天気辞書＠「東京」
　　# 配列の値を一つずつ取り出す --- (*5)
　　予報一覧を反復
　　　　# データに含まれる日付と予報を取り出す --- (*6)
　　　　日付＝対象@「date」
　　　　予報＝対象＠「forecast」
　　　　「{日付} --- {予報}」を表示。
　　ここまで。",0.0,0.9773913043478261
2,5,E,"12345と表示
","12345と表示
",12345と表示,,
2,5,E,"2に3を足して表示。
100に50を足して表示。
1234567に34567を足して表示。
","2に3を足して表示。
100に50を足して表示。
1234567に34567を足して表示。
","2に---を足して表示。
100に50を足して表示。
1234567に---を足して表示。",0.0,0.925
2,5,E,"Ｎ＝2
19回繰り返す
　　もし、N%3=0ならば「🐕{N}は3の倍数」と表示。
　　もし、N%5=0ならば「🐎{N}は3の倍数」と表示。
　　Ｎ＝Ｎ＋１
ここまで。
","Ｎ＝2
19回繰り返す
　　もし、N%3=0ならば「🐕{N}は3の倍数」と表示。
　　もし、N%5=0ならば「🐎{N}は3の倍数」と表示。
　　Ｎ＝Ｎ＋１
ここまで。
","Ｎ＝2
19回繰り返す
　　もし、N%3=0ならば「---は3の倍数」と表示。
　　もし、N%5=0ならば「---は5の倍数」と表示。
　　Ｎ＝Ｎ＋１
ここまで。",0.0,0.9264705882352942
2,5,E,"A = [30, 50, 80, 50]
A[0]を表示。
A[2]を表示。
","A = [30, 50, 80, 50]
A[0]を表示。
A[2]を表示。
","A = [30, ---, 80, 50]
A[0]を表示。
A[2]を表示。",0.0,0.9666666666666667
2,5,E,"「何インチですか？」と尋ねてインチに代入。
センチ＝インチ×2.54
「{インチ}インチは、{センチ}センチです。」と言う。
","「何インチですか？」と尋ねてインチに代入。
センチ＝インチ×2.54
「{インチ}インチは、{センチ}センチです。」と言う。
","「何インチですか？」と尋ねてインチに代入。
センチ＝---×2.54
「{インチ}インチは、{センチ}センチです。」と言う。",0.0,0.9743589743589743
2,5,E,"W=10
カメ作成
30回繰り返す
　　Wだけカメ進む
　　90だけカメ右回転
　　W=W+10 # --- (*1)
ここまで。
","W=10
----
30回繰り返す
　　Wだけ----
　　90だけ-----
　　W=W+10 # --- (*1)
ここまで。
","W=10
カメ作成
30回繰り返す
　　Wだけカメ進む
　　90だけカメ右回転
　　W=W+---",0.0,0.6376811594202898
4,1,A,"# 身長と体重を尋ねる --- (*1)
「身長(cm)は？」と尋ねて身長cmに代入。
「体重(kg)は？」と尋ねて体重kgに代入。
# BMIを計算 --- (*2)
BMI=体重kg÷(身長cm/100)^2
# 肥満かどうか判定 --- (*3)
もし、BMIが25以上ならば
　　判定＝「肥満」
違えば、もし、BMIが18.5未満ならば
　　判定＝「低体重」
違えば
　　判定＝「普通体重」
ここまで。
# 結果を表示 --- (*4)
「BMI={BMI} / 判定={判定}」を表示。
","# 身長と体重を尋ねる --- (--)
「--------」と尋ねて身長cmに代入。
「--------」と尋ねて体重kgに代入。
# BMIを計算 --- (--)
BMI-体重kg-(身長cm----)^-
# 肥満かどうか判定 --- (--)
もし、BMIが--以上ならば
　　判定-「--」
違えば、もし、BMIが----未満ならば
　　判定-「---」
違えば
　　判定-「----」
ここまで。
# 結果を表示 --- (--)
「-------------------」を表示。
","# 身長と体重を尋ねる ---
「身長(cm)は？」と尋ねて身長cmに代入。
「体重(kg)は？」と尋ねて体重kgに代入。
# BMIを計算 ---
BMI=体重kg÷(身長cm/100)^2
# 肥満かどうか判定 ---
もし、BMIが25以上ならば
　　判定＝「肥満」
違えば、もし、BMIが18.5未満ならば
　　判定＝「低体重」
違えば
　　判定＝「普通体重」
# 結果を表示 ---
「BMI={---} / 判定={---}」を表示。",0.0,0.7948717948717948
4,1,A,"# ネコの年間費用を指定 --- (*1)
エサ代＝4100×12
トイレ砂＝6000×2
保険＝2500×12
健康診断＝12000×1

# 費用を合計 --- (*2)
費用合計＝エサ代＋トイレ砂＋保険＋健康診断

# 結果を表示 --- (*3)
「毎年{費用合計}円必要です。」を表示。
","# ネコの年間費用を指定 --- (--)
エサ代--------
トイレ砂-------
保険--------
健康診断--------

# 費用を合計 --- (--)
費用合計-エサ代-トイレ砂-保険-健康診断

# 結果を表示 --- (--)
「--------------」を表示。
","# ネコの年間費用を指定 ---
(*1)
エサ代＝---×12
トイレ砂＝---×2
保険＝---×12
健康診断＝---×1

# 費用を合計 ---
(*2)
費用合計＝エサ代＋トイレ砂＋保険＋健康診断

# 結果を表示 ---
(*3)
「毎年---円必要です。」",0.0,0.7721518987341772
4,1,A,"[50, 50]から[200, 50]へ線描画。
[200, 50]から[50, 200]へ線描画。
[50, 200]から[200, 200]へ線描画。
","[--, --]から[---, --]へ線描画。
[---, --]から[--, ---]へ線描画。
[--, ---]から[---, ---]へ線描画。
","[---, ---]から[---, ---]へ線描画。
[---, ---]から[---, ---]へ線描画。
[---, ---]から[---, ---]へ線描画。",1.0,1.0
4,1,A,"# 天気APIのURLを指定 --- (*1)
APIは「https://api.aoikujira.com/tenki/week.php?fmt=json」

# AjaxでAPIにアクセス --- (*2)
APIからAJAX受信した時には
　　# JSONデータをなでしこのデータに変換 --- (*3)
　　対象をJSONデコードして都市別天気辞書に代入。
　　# 辞書型変数からキー「東京」の値を取得 --- (*4)
　　予報一覧＝都市別天気辞書＠「東京」
　　# 配列の値を一つずつ取り出す --- (*5)
　　予報一覧を反復
　　　　# データに含まれる日付と予報を取り出す --- (*6)
　　　　日付＝対象@「date」
　　　　予報＝対象＠「forecast」
　　　　「{日付} - {予報}」を表示。
　　ここまで。
ここまで。
","# 天気APIのURLを指定 --- (--)
APIは「---」

# AjaxでAPIにアクセス --- (--)
APIからAJAX受信した時には
　　# JSONデータをなでしこのデータに変換 --- (--)
　　対象をJSONデコードして都市別天気辞書に代入。
　　# 辞書型変数からキー「---」の値を取得 --- (--)
　　予報一覧-都市別天気辞書-「---」
　　# 配列の値を一つずつ取り出す --- (--)
　　予報一覧を反復
　　　　# データに含まれる日付と予報を取り出す --- (--)
　　　　日付-対象@「---」
　　　　予報-対象-「---」
　　　　「---」を表示。
　　ここまで。
ここまで。
","# 天気APIのURLを指定 ---
APIは「https://api.aoikujira.com/tenki/week.php?fmt=json」

# AjaxでAPIにアクセス ---
APIからAJAX受信した時には
　　# JSONデータをなでしこのデータに変換 ---
　　対象をJSONデコードして都市別天気辞書に代入。
　　# 辞書型変数からキー「東京」の値を取得 ---
　　予報一覧＝都市別天気辞書＠「東京」
　　# 配列の値を一つずつ取り出す ---
　　予報一覧を反復
　　　　# データに含まれる日付と予報を取り出す ---
　　　　日付＝対象@「date」
　　　　予報＝対象＠「forecast」
　　　　「{日付} ---」を表示。
　　ここまで。
ここまで。",0.0,0.7872340425531915
4,1,A,"12345と表示
","-----と表示
",12345,0.0,0.0
4,1,A,"2に3を足して表示。
100に50を足して表示。
1234567に34567を足して表示。
","-に-を足して表示。
---に--を足して表示。
-------に-----を足して表示。
","を表示。
を表示。
を表示。",0.0,0.6666666666666666
4,1,A,"Ｎ＝2
19回繰り返す
　　もし、N%3=0ならば「🐕{N}は3の倍数」と表示。
　　もし、N%5=0ならば「🐎{N}は3の倍数」と表示。
　　Ｎ＝Ｎ＋１
ここまで。
","Ｎ--
--回繰り返す
　　もし、N----ならば「---------」と表示。
　　もし、N----ならば「---------」と表示。
　　Ｎ-Ｎ--
ここまで。
","Ｎ---
19回繰り返す
　　もし、N%---=0ならば「🐕---は---の倍数」と表示。
　　もし、N%---=0ならば「🐎---は---の倍数」と表示。
　　Ｎ---
ここまで。",0.0,0.8
4,1,A,"A = [30, 50, 80, 50]
A[0]を表示。
A[2]を表示。
","A - [30, 50, 80, 50]
A[0]を表示。
A[2]を表示。
","A ----
A-[---]
A-[---]
A-[---]",0.0,0.45
4,1,A,"「何インチですか？」と尋ねてインチに代入。
センチ＝インチ×2.54
「{インチ}インチは、{センチ}センチです。」と言う。
","「--------」と尋ねてインチに代入。
センチ-インチ-----
「---------------------」と言う。
","「何インチですか？」と尋ねてインチに代入。
センチ＝---×2.54
「{---}インチは、---センチです。」と言う。",0.0,0.6486486486486487
4,1,A,"W=10
カメ作成
30回繰り返す
　　Wだけカメ進む
　　90だけカメ右回転
　　W=W+10 # --- (*1)
ここまで。
","W--
カメ作成
--回繰り返す
　　Wだけカメ進む
　　--だけカメ右回転
　　W-W+-- # --- (*-)
ここまで。
","W--
カメ作成。
30回繰り返す
　　--だけカメ進む。
　　90だけカメ右回転。
　　W-- # --- (*1)
ここまで。",0.0,0.8571428571428571
4,2,B,"# 身長と体重を尋ねる --- (*1)
「身長(cm)は？」と尋ねて身長cmに代入。
「体重(kg)は？」と尋ねて体重kgに代入。
# BMIを計算 --- (*2)
BMI=体重kg÷(身長cm/100)^2
# 肥満かどうか判定 --- (*3)
もし、BMIが25以上ならば
　　判定＝「肥満」
違えば、もし、BMIが18.5未満ならば
　　判定＝「低体重」
違えば
　　判定＝「普通体重」
ここまで。
# 結果を表示 --- (*4)
「BMI={BMI} / 判定={判定}」を表示。
","# 身長と体重を--- --- (*1)
「身長(cm)は？」と尋ねて身長cmに--。
「体重(kg)は？」と尋ねて体重kgに--。
# BMIを計算 --- (*2)
BMI=体重kg÷(身長cm/100)^2
# 肥満かどうか判定 --- (*3)
もし、BMIが25以上ならば
　　判定＝「肥満」
違えば、もし、BMIが18.5未満ならば
　　判定＝「低体重」
違えば
　　判定＝「普通体重」
ここまで。
# 結果を-- --- (*4)
「BMI={BMI} / 判定={判定}」を--。
","# 身長と体重を尋ねる --- (*1)
「身長(cm)は？」と尋ねて身長cmに代入。
「体重(kg)は？」と尋ねて体重kgに代入。
# BMIを計算 --- (*2)
BMI=体重kg÷(身長cm/100)^2
# 肥満かどうか判定 --- (*3)
もし、BMIが25以上ならば
　　判定＝「肥満」
違えば、もし、BMIが18.5未満ならば
　　判定＝「低体重」
違えば
　　判定＝「普通体重」
ここまで。
# 結果を表示 --- (*4)
「BMI={BMI} / 判定={判定}」を--。",0.0,0.9769820971867008
4,2,B,"# ネコの年間費用を指定 --- (*1)
エサ代＝4100×12
トイレ砂＝6000×2
保険＝2500×12
健康診断＝12000×1

# 費用を合計 --- (*2)
費用合計＝エサ代＋トイレ砂＋保険＋健康診断

# 結果を表示 --- (*3)
「毎年{費用合計}円必要です。」を表示。
","# ネコの年間費用を指定 --- (*1)
エサ代＝4100×12
トイレ砂＝6000×2
保険＝2500×12
健康診断＝12000×1

# 費用を合計 --- (*2)
費用合計＝エサ代＋トイレ砂＋保険＋健康診断

# 結果を-- --- (*3)
「毎年{費用合計}円必要です。」を--。
","# ネコの年間費用を指定 --- (*1)
エサ代＝4100×12
トイレ砂＝6000×2
保険＝2500×12
健康診断＝12000×1

# 費用を合計 --- (*2)
費用合計＝---＋---＋---＋---

# 結果を表示 --- (*3)
「毎年---円必要です。」を---。",0.0,0.9023255813953488
4,2,B,"[50, 50]から[200, 50]へ線描画。
[200, 50]から[50, 200]へ線描画。
[50, 200]から[200, 200]へ線描画。
","[50, 50]から[200, 50]へ線描画。
[200, 50]から[50, 200]へ線描画。
[50, 200]から[200, 200]へ線描画。
","[50, 50]から[200, 50]へ---。
[200, 50]から[50, 200]へ---。
[50, 200]から[200, 200]へ---。",0.0,0.9302325581395349
4,2,B,"# 天気APIのURLを指定 --- (*1)
APIは「https://api.aoikujira.com/tenki/week.php?fmt=json」

# AjaxでAPIにアクセス --- (*2)
APIからAJAX受信した時には
　　# JSONデータをなでしこのデータに変換 --- (*3)
　　対象をJSONデコードして都市別天気辞書に代入。
　　# 辞書型変数からキー「東京」の値を取得 --- (*4)
　　予報一覧＝都市別天気辞書＠「東京」
　　# 配列の値を一つずつ取り出す --- (*5)
　　予報一覧を反復
　　　　# データに含まれる日付と予報を取り出す --- (*6)
　　　　日付＝対象@「date」
　　　　予報＝対象＠「forecast」
　　　　「{日付} - {予報}」を表示。
　　ここまで。
ここまで。
","# 天気APIのURLを指定 --- (*1)
APIは「https://api.aoikujira.com/tenki/week.php?fmt=json」

# AjaxでAPIにアクセス --- (*2)
APIからAJAX受信した時には
　　# JSONデータをなでしこのデータに変換 --- (*3)
　　対象をJSONデコードして都市別天気辞書に--。
　　# 辞書型変数からキー「東京」の値を取得 --- (*4)
　　予報一覧＝都市別天気辞書＠「東京」
　　# 配列の値を一つずつ取り出す --- (*5)
　　予報一覧を反復
　　　　# データに含まれる日付と予報を取り出す --- (*6)
　　　　日付＝対象@「date」
　　　　予報＝対象＠「forecast」
　　　　「{日付} - {予報}」を--。
　　ここまで。
ここまで。
","# 天気APIのURLを指定 --- (*1)
APIは「https://api.aoikujira.com/tenki/week.php?fmt=json」

# AjaxでAPIにアクセス --- (*2)
APIからAJAX受信した時には
　　# JSONデータをなでしこのデータに変換 --- (*3)
　　対象をJSONデコードして都市別天気辞書に代入。
　　# 辞書型変数からキー「東京」の値を取得 --- (*4)
　　予報一覧＝都市別天気辞書＠「東京」
　　# 配列の値を一つずつ取り出す --- (*5)
　　予報一覧を反復
　　　　# データに含まれる日付と予報を取り出す --- (*6)
　　　　日付＝対象@「date」
　　　　予報＝対象＠「forecast」
　　　　「{日付} ---」を表示。
　　ここまで。",0.0,0.9704347826086956
4,2,B,"12345と表示
","12345と--
",12345 ---,0.0,0.9090909090909091
4,2,B,"2に3を足して表示。
100に50を足して表示。
1234567に34567を足して表示。
","2に3を足して--。
100に50を足して--。
1234567に34567を足して--。
","2に---を足して表示。
100に---を足して表示。
1234567に---を足して表示。",0.0,0.8055555555555556
4,2,B,"Ｎ＝2
19回繰り返す
　　もし、N%3=0ならば「🐕{N}は3の倍数」と表示。
　　もし、N%5=0ならば「🐎{N}は3の倍数」と表示。
　　Ｎ＝Ｎ＋１
ここまで。
","Ｎ＝2
19回繰り返す
　　もし、N%3=0ならば「🐕{N}は3の倍数」と--。
　　もし、N%5=0ならば「🐎{N}は3の倍数」と--。
　　Ｎ＝Ｎ＋１
ここまで。
","Ｎ＝2
19回繰り返す
　　もし、Ｎ%3=0ならば「🐕---は3の倍数」と--。
　　もし、Ｎ%5=0ならば「🐎---は3の倍数」と--。
　　Ｎ＝Ｎ＋１。
ここまで。",0.0,0.916030534351145
4,2,B,"A = [30, 50, 80, 50]
A[0]を表示。
A[2]を表示。
","A = [30, 50, 80, 50]
A[0]を--。
A[2]を--。
","A = [30, 50, 80, 50]
---を表示。
---を表示。",0.0,0.76
4,2,B,"「何インチですか？」と尋ねてインチに代入。
センチ＝インチ×2.54
「{インチ}インチは、{センチ}センチです。」と言う。
","「何インチですか？」と尋ねてインチに--。
センチ＝インチ×2.54
「{インチ}インチは、{センチ}センチです。」と--。
","「何インチですか？」と---。
センチ＝インチ×2.54
「{インチ}インチは、{センチ}センチです。」と---。",0.0,0.9333333333333333
4,2,B,"W=10
カメ作成
30回繰り返す
　　Wだけカメ進む
　　90だけカメ右回転
　　W=W+10 # --- (*1)
ここまで。
","W=10
カメ作成
30回繰り返す
　　Wだけカメ進む
　　90だけカメ右回転
　　W=W+10 # --- (*1)
ここまで。
","W=10
カメ作成
30回繰り返す
　　Wだけカメ進む
　　90だけカメ右回転
　　W=W+---
ここまで。",0.0,0.9195402298850575
4,3,C,"# 身長と体重を尋ねる --- (*1)
「身長(cm)は？」と尋ねて身長cmに代入。
「体重(kg)は？」と尋ねて体重kgに代入。
# BMIを計算 --- (*2)
BMI=体重kg÷(身長cm/100)^2
# 肥満かどうか判定 --- (*3)
もし、BMIが25以上ならば
　　判定＝「肥満」
違えば、もし、BMIが18.5未満ならば
　　判定＝「低体重」
違えば
　　判定＝「普通体重」
ここまで。
# 結果を表示 --- (*4)
「BMI={BMI} / 判定={判定}」を表示。
","# 身長と体重を尋ねる --- (*1)
「身長(cm)は？」と尋ねて身長cmに代入。
「体重(kg)は？」と尋ねて体重kgに代入。
# BMIを計算 --- (*2)
BMI=体重kg÷(身長cm/100)^2
# 肥満かどうか判定 --- (*3)
--、BMIが25以上---
　　判定＝「肥満」
---、--、BMIが18.5未満---
　　判定＝「低体重」
---
　　判定＝「普通体重」
----。
# 結果を表示 --- (*4)
「BMI={BMI} / 判定={判定}」を表示。
","# 身長と体重を尋ねる ---
「身長(cm)は？」と尋ねて身長cmに代入。
「体重(kg)は？」と尋ねて体重kgに代入。
# BMIを計算 ---
BMI=体重kg÷(身長cm/100)^2
# 肥満かどうか判定 ---
もし、BMIが25以上ならば
　　判定＝「肥満」
違えば、もし、BMIが18.5未満ならば
　　判定＝「低体重」
違えば
　　判定＝「普通体重」
# 結果を表示 ---
「BMI={BMI} / 判定={判定}」を表示。",0.0,0.9090909090909091
4,3,C,"# ネコの年間費用を指定 --- (*1)
エサ代＝4100×12
トイレ砂＝6000×2
保険＝2500×12
健康診断＝12000×1

# 費用を合計 --- (*2)
費用合計＝エサ代＋トイレ砂＋保険＋健康診断

# 結果を表示 --- (*3)
「毎年{費用合計}円必要です。」を表示。
","# ネコの年-費用を指定 --- (*1)
エサ代＝4100×12
トイレ砂＝6000×2
保険＝2500×12
健康診断＝12000×1

# 費用を合計 --- (*2)
費用合計＝エサ代＋トイレ砂＋保険＋健康診断

# 結果を表示 --- (*3)
「毎年{費用合計}円必要です。」を表示。
","# ネコの年間費用を指定 ---
エサ代＝4100×12
トイレ砂＝6000×2
保険＝2500×12
健康診断＝12000×1

# 費用を合計 ---
費用合計＝エサ代＋トイレ砂＋保険＋健康診断

# 結果を表示 ---
「毎年{費用合計}円必要です。」を表示。",0.0,0.9427312775330396
4,3,C,"[50, 50]から[200, 50]へ線描画。
[200, 50]から[50, 200]へ線描画。
[50, 200]から[200, 200]へ線描画。
","[50, 50]から[200, 50]へ線描画。
[200, 50]から[50, 200]へ線描画。
[50, 200]から[200, 200]へ線描画。
","[50, 50]から[200, 50]へ---
。",0.0,0.4318181818181818
4,3,C,"# 天気APIのURLを指定 --- (*1)
APIは「https://api.aoikujira.com/tenki/week.php?fmt=json」

# AjaxでAPIにアクセス --- (*2)
APIからAJAX受信した時には
　　# JSONデータをなでしこのデータに変換 --- (*3)
　　対象をJSONデコードして都市別天気辞書に代入。
　　# 辞書型変数からキー「東京」の値を取得 --- (*4)
　　予報一覧＝都市別天気辞書＠「東京」
　　# 配列の値を一つずつ取り出す --- (*5)
　　予報一覧を反復
　　　　# データに含まれる日付と予報を取り出す --- (*6)
　　　　日付＝対象@「date」
　　　　予報＝対象＠「forecast」
　　　　「{日付} - {予報}」を表示。
　　ここまで。
ここまで。
","# 天気APIのURLを指定 --- (*1)
APIは「https://api.aoikujira.com/tenki/week.php?fmt=json」

# AjaxでAPIにアクセス --- (*2)
APIからAJAX受信した時には
　　# JSONデータをなでしこのデータに変換 --- (*3)
　　対象をJSONデコードして都市別天気辞書に代入。
　　# 辞書型変数からキー「東京」の値を取得 --- (*4)
　　予報一覧＝都市別天気辞書＠「東京」
　　# 配列の値を一つずつ取り出す --- (*5)
　　予報一覧を--
　　　　# データに含まれる日付と予報を取り出す --- (*6)
　　　　日付＝対象@「date」
　　　　予報＝対象＠「forecast」
　　　　「{日付} - {予報}」を表示。
　　----。
----。
","# 天気APIのURLを指定 ---
APIは「https://api.aoikujira.com/tenki/week.php?fmt=json」

# AjaxでAPIにアクセス ---
APIからAJAX受信した時には
　　# JSONデータをなでしこのデータに変換 ---
　　対象をJSONデコードして都市別天気辞書に代入。
　　# 辞書型変数からキー「東京」の値を取得 ---
　　予報一覧＝都市別天気辞書＠「東京」
　　# 配列の値を一つずつ取り出す ---
　　予報一覧を---
　　　　# データに含まれる日付と予報を取り出す ---
　　　　日付＝対象@「date」
　　　　予報＝対象＠「forecast」
　　　　「{日付} - {予報}」を表示。
　　ここまで。",0.0,0.946983546617916
4,3,C,"12345と表示
","12345と表示
",12345,0.0,0.7692307692307693
4,3,C,"2に3を足して表示。
100に50を足して表示。
1234567に34567を足して表示。
","2に3を足して表示。
100に50を足して表示。
1234567に34567を足して表示。
","2に---を足して表示。
100に---を足して表示。
1234567に---を足して表示。",0.0,0.8974358974358975
4,3,C,"Ｎ＝2
19回繰り返す
　　もし、N%3=0ならば「🐕{N}は3の倍数」と表示。
　　もし、N%5=0ならば「🐎{N}は3の倍数」と表示。
　　Ｎ＝Ｎ＋１
ここまで。
","Ｎ＝2
19回----
　　--、N%3=0---「🐕{N}は3の倍数」と表示。
　　--、N%5=0---「🐎{N}は3の倍数」と表示。
　　Ｎ＝Ｎ＋１
----。
","Ｎ＝2
19回---
　　もし、N%3=0ならば「🐕{N}は3の倍数」と表示。
　　もし、N%5=0ならば「🐎{N}は5の倍数」と表示。
　　Ｎ＝Ｎ＋１",0.0,0.8888888888888888
4,3,C,"A = [30, 50, 80, 50]
A[0]を表示。
A[2]を表示。
","A = [30, 50, 80, 50]
A[0]を表示。
A[2]を表示。
","A = [30, 50, 80, 50]
A[0]を表示。
A[---]を表示。",0.0,0.9836065573770492
4,3,C,"「何インチですか？」と尋ねてインチに代入。
センチ＝インチ×2.54
「{インチ}インチは、{センチ}センチです。」と言う。
","「何インチですか？」と尋ねてインチに代入。
センチ＝インチ×2.54
「{インチ}インチは、{センチ}センチです。」と言う。
","「何インチですか？」と尋ねてインチに代入。
センチ＝インチ×2.54
「{---}インチは、{---}センチです。」と言う。",0.0,0.9473684210526315
4,3,C,"W=10
カメ作成
30回繰り返す
　　Wだけカメ進む
　　90だけカメ右回転
　　W=W+10 # --- (*1)
ここまで。
","W=10
カメ作成
30回----
　　Wだけカメ進む
　　90だけカメ右回転
　　W=W+10 # --- (*1)
----。
","W=10
カメ作成
30回---
　　Wだけカメ進む
　　90だけカメ右回転
　　W=W+10 # ---
ここまで。",0.0,0.8974358974358975
4,4,D,"# 身長と体重を尋ねる --- (*1)
「身長(cm)は？」と尋ねて身長cmに代入。
「体重(kg)は？」と尋ねて体重kgに代入。
# BMIを計算 --- (*2)
BMI=体重kg÷(身長cm/100)^2
# 肥満かどうか判定 --- (*3)
もし、BMIが25以上ならば
　　判定＝「肥満」
違えば、もし、BMIが18.5未満ならば
　　判定＝「低体重」
違えば
　　判定＝「普通体重」
ここまで。
# 結果を表示 --- (*4)
「BMI={BMI} / 判定={判定}」を表示。
","# 身長と体重を尋ねる --- (*1)
「身長(cm)は？」と尋ねて身長cmに代入。
「体重(kg)は？」と尋ねて体重kgに代入。
# BMIを計算 --- (*2)
BMI=体重kg÷(身長cm/100)^2
# 肥満かどうか判定 --- (*3)
もし、BMIが25以上ならば
　　判定＝「肥満」
違えば、もし、BMIが18.5未満ならば
　　判定＝「低体重」
違えば
　　判定＝「普通体重」
ここまで。
# 結果を表示 --- (*4)
「BMI={BMI} / 判定={判定}」を表示。
","# 身長と体重を尋ねる --- (*1)
「身長(cm)は？」と尋ねて身長cmに代入。
「体重(kg)は？」と尋ねて体重kgに代入。
# ---を計算 --- (*2)
---=体重kg÷(身長cm/100)^2
# ---かどうか判定 --- (*3)
もし、---が25以上ならば
　　判定＝「肥満」
違えば、もし、---が18.5未満ならば
　　判定＝「低体重」
違えば
　　判定＝「普通体重」
ここまで。
# 結果を表示 --- (*4)
「---={---} / 判定={判定}」を表示。",0.0,0.9479166666666666
4,4,D,"# ネコの年間費用を指定 --- (*1)
エサ代＝4100×12
トイレ砂＝6000×2
保険＝2500×12
健康診断＝12000×1

# 費用を合計 --- (*2)
費用合計＝エサ代＋トイレ砂＋保険＋健康診断

# 結果を表示 --- (*3)
「毎年{費用合計}円必要です。」を表示。
","# ネコの年間費用を指定 --- (*1)
エサ代＝4100×12
トイレ砂＝6000×2
保険＝2500×12
健康診断＝12000×1

# 費用を合計 --- (*2)
費用合計＝エサ代＋トイレ砂＋保険＋健康診断

# 結果を表示 --- (*3)
「毎年{費用合計}円必要です。」を表示。
","# ネコの年間費用を指定 --- (*1)
エサ代＝4100×12
トイレ砂＝6000×2
保険＝2500×12
健康診断＝12000×1

# 費用を合計 --- (*2)
費用合計＝エサ代＋トイレ砂＋保険＋健康診断

# 結果を表示 --- (*3)
「毎年{費用合計}円必要です。」を表示。",1.0,1.0
4,4,D,"[50, 50]から[200, 50]へ線描画。
[200, 50]から[50, 200]へ線描画。
[50, 200]から[200, 200]へ線描画。
","[50, 50]から[200, 50]へ線描画。
[200, 50]から[50, 200]へ線描画。
[50, 200]から[200, 200]へ線描画。
","[50, 50]から[200, 50]へ---。
[200, 50]から[50, 200]へ---。
[50, 200]から[200, 200]へ---。",0.0,0.9302325581395349
4,4,D,"# 天気APIのURLを指定 --- (*1)
APIは「https://api.aoikujira.com/tenki/week.php?fmt=json」

# AjaxでAPIにアクセス --- (*2)
APIからAJAX受信した時には
　　# JSONデータをなでしこのデータに変換 --- (*3)
　　対象をJSONデコードして都市別天気辞書に代入。
　　# 辞書型変数からキー「東京」の値を取得 --- (*4)
　　予報一覧＝都市別天気辞書＠「東京」
　　# 配列の値を一つずつ取り出す --- (*5)
　　予報一覧を反復
　　　　# データに含まれる日付と予報を取り出す --- (*6)
　　　　日付＝対象@「date」
　　　　予報＝対象＠「forecast」
　　　　「{日付} - {予報}」を表示。
　　ここまで。
ここまで。
","# 天気APIのURLを指定 --- (*1)
APIは「https://api.aoikujira.com/tenki/week.php?fmt=json」

# AjaxでAPIにアクセス --- (*2)
APIからAJAX受信した時には
　　# JSONデータをなでしこのデータに変換 --- (*3)
　　--を--------して都市別天気辞書に代入。
　　# 辞書型変数から--「東京」の値を取得 --- (*4)
　　予報一覧＝都市別天気辞書＠「東京」
　　# --の値を一つずつ取り出す --- (*5)
　　予報一覧を反復
　　　　# データに含まれる日付と予報を取り出す --- (*6)
　　　　日付＝--@「date」
　　　　予報＝--＠「forecast」
　　　　「{日付} - {予報}」を表示。
　　ここまで。
ここまで。
","# 天気APIのURLを指定 --- (*1)
APIは「https://api.aoikujira.com/tenki/week.php?fmt=json」

# AjaxでAPIにアクセス --- (*2)
APIからAJAX受信した時には
　　# JSONデータをなでしこのデータに変換 --- (*3)
　　対象をJSONデコードして都市別天気辞書に代入。
　　# 辞書型変数からキー「東京」の値を取得 --- (*4)
　　予報一覧＝都市別天気辞書＠「東京」
　　# 配列の値を一つずつ取り出す --- (*5)
　　予報一覧を反復
　　　　# データに含まれる日付と予報を取り出す --- (*6)
　　　　日付＝対象@「date」
　　　　予報＝対象＠「forecast」
　　　　「{日付} - {予報}」を表示。
　　ここまで。
ここまで。",0.0,0.9649122807017544
4,4,D,"12345と表示
","12345と表示
",12345,0.0,0.7692307692307693
4,4,D,"2に3を足して表示。
100に50を足して表示。
1234567に34567を足して表示。
","2に3を---表示。
100に50を---表示。
1234567に34567を---表示。
","2に3を足して表示。
100に50を足して表示。
1234567に34567を足して表示。",0.0,0.8831168831168831
4,4,D,"Ｎ＝2
19回繰り返す
　　もし、N%3=0ならば「🐕{N}は3の倍数」と表示。
　　もし、N%5=0ならば「🐎{N}は3の倍数」と表示。
　　Ｎ＝Ｎ＋１
ここまで。
","Ｎ＝2
19回繰り返す
　　もし、N%3=0ならば「🐕{N}は3の倍数」と表示。
　　もし、N%5=0ならば「🐎{N}は3の倍数」と表示。
　　Ｎ＝Ｎ＋１
ここまで。
","Ｎ＝2
19回繰り返す
　　もし、Ｎ%3=0ならば「🐕{Ｎ}は3の倍数」と表示。
　　もし、Ｎ%5=0ならば「🐎{Ｎ}は5の倍数」と表示。
　　Ｎ＝Ｎ＋１",0.0,0.8920863309352518
4,4,D,"A = [30, 50, 80, 50]
A[0]を表示。
A[2]を表示。
","A = [30, 50, 80, 50]
A[0]を表示。
A[2]を表示。
","A = [30, ---, 80, ---]
A[0]を表示。
A[2]を表示。",0.0,0.9310344827586207
4,4,D,"「何インチですか？」と尋ねてインチに代入。
センチ＝インチ×2.54
「{インチ}インチは、{センチ}センチです。」と言う。
","「何インチですか？」と尋ねてインチに代入。
センチ＝インチ×2.54
「{インチ}インチは、{センチ}センチです。」と言う。
","「何インチですか？」と尋ねてインチに代入。
センチ＝インチ×2.54
「{---}インチは、{---}センチです。」と言う。",0.0,0.9473684210526315
4,4,D,"W=10
カメ作成
30回繰り返す
　　Wだけカメ進む
　　90だけカメ右回転
　　W=W+10 # --- (*1)
ここまで。
","W=10
カメ作成
30回繰り返す
　　Wだけカメ進む
　　90だけカメ右回転
　　W=W+10 # --- (*1)
ここまで。
","W=10
カメ作成
30回繰り返す
　　Wだけカメ進む
　　90だけカメ右回転
　　W=W+--- (*1)
ここまで。",0.0,0.967032967032967
4,5,E,"# 身長と体重を尋ねる --- (*1)
「身長(cm)は？」と尋ねて身長cmに代入。
「体重(kg)は？」と尋ねて体重kgに代入。
# BMIを計算 --- (*2)
BMI=体重kg÷(身長cm/100)^2
# 肥満かどうか判定 --- (*3)
もし、BMIが25以上ならば
　　判定＝「肥満」
違えば、もし、BMIが18.5未満ならば
　　判定＝「低体重」
違えば
　　判定＝「普通体重」
ここまで。
# 結果を表示 --- (*4)
「BMI={BMI} / 判定={判定}」を表示。
","# 身長と体重を尋ねる --- (*1)
「身長(cm)は？」と尋ねて身長cmに代入。
「体重(kg)は？」と尋ねて体重kgに代入。
# BMIを計算 --- (*2)
BMI=体重kg÷(身長cm/100)^2
# 肥満かどうか判定 --- (*3)
もし、BMIが25以上ならば
　　判定＝「肥満」
違えば、もし、BMIが18.5未満ならば
　　判定＝「低体重」
違えば
　　判定＝「普通体重」
ここまで。
# 結果を表示 --- (*4)
「BMI={BMI} / 判定={判定}」を表示。
","# 身長と体重を尋ねる --- (*1)
「身長(cm)は？」と尋ねて身長cmに代入。
「体重(kg)は？」と尋ねて体重kgに代入。
# BMIを計算 --- (*2)
BMI=体重kg÷(身長cm/100)^2
# 肥満かどうか判定 --- (*3)
もし、BMIが25以上ならば
　　判定＝「肥満」
違えば、もし、BMIが18.5未満ならば
　　判定＝「低体重」
違えば
　　判定＝「普通体重」
# 結果を表示 --- (*4)
「BMI={BMI} / 判定={判定}」を---。",0.0,0.982367758186398
4,5,E,"# ネコの年間費用を指定 --- (*1)
エサ代＝4100×12
トイレ砂＝6000×2
保険＝2500×12
健康診断＝12000×1

# 費用を合計 --- (*2)
費用合計＝エサ代＋トイレ砂＋保険＋健康診断

# 結果を表示 --- (*3)
「毎年{費用合計}円必要です。」を表示。
","# ネコの年間費用を指定 --- (*1)
エサ代＝4100×12
トイレ砂＝6000×2
保険＝2500×12
健康診断＝12000×1

# 費用を合計 --- (*2)
費用合計＝エサ代＋トイレ砂＋保険＋健康診断

# 結果を表示 --- (*3)
「毎年{費用合計}円必要です。」を表示。
","# ネコの年間費用を指定 ---
(*1)
エサ代＝4100×12
トイレ砂＝6000×2
保険＝2500×12
健康診断＝12000×1

# 費用を合計 ---
(*2)
費用合計＝エサ代＋トイレ砂＋保険＋健康診断

# 結果を表示 ---
(*3)
「毎年{費用合計}円必要です。」を表示。",1.0,1.0
4,5,E,"[50, 50]から[200, 50]へ線描画。
[200, 50]から[50, 200]へ線描画。
[50, 200]から[200, 200]へ線描画。
","[50, 50]から[200, 50]へ---。
[200, 50]から[50, 200]へ---。
[50, 200]から[200, 200]へ---。
","[50, 50]から[200, 50]へ---。
[200, 50]から[50, 200]へ---。
[50, 200]から[200, 200]へ---。",1.0,1.0
4,5,E,"# 天気APIのURLを指定 --- (*1)
APIは「https://api.aoikujira.com/tenki/week.php?fmt=json」

# AjaxでAPIにアクセス --- (*2)
APIからAJAX受信した時には
　　# JSONデータをなでしこのデータに変換 --- (*3)
　　対象をJSONデコードして都市別天気辞書に代入。
　　# 辞書型変数からキー「東京」の値を取得 --- (*4)
　　予報一覧＝都市別天気辞書＠「東京」
　　# 配列の値を一つずつ取り出す --- (*5)
　　予報一覧を反復
　　　　# データに含まれる日付と予報を取り出す --- (*6)
　　　　日付＝対象@「date」
　　　　予報＝対象＠「forecast」
　　　　「{日付} - {予報}」を表示。
　　ここまで。
ここまで。
","# 天気APIのURLを指定 --- (*1)
APIは「https://api.aoikujira.com/tenki/week.php?fmt=json」

# ----でAPIにアクセス --- (*2)
APIから----受信した時には
　　# JSONデータをなでしこのデータに変換 --- (*3)
　　対象をJSONデコードして都市別天気辞書に代入。
　　# 辞書型変数からキー「東京」の値を取得 --- (*4)
　　予報一覧＝都市別天気辞書＠「東京」
　　# 配列の値を一つずつ取り出す --- (*5)
　　予報一覧を反復
　　　　# データに含まれる日付と予報を取り出す --- (*6)
　　　　日付＝対象@「date」
　　　　予報＝対象＠「forecast」
　　　　「{日付} - {予報}」を表示。
　　ここまで。
ここまで。
","# 天気APIのURLを指定 --- (*1)
APIは「https://api.aoikujira.com/tenki/week.php?fmt=json」

# AjaxでAPIにアクセス --- (*2)
APIからAJAX受信した時には
　　# JSONデータをなでしこのデータに変換 --- (*3)
　　対象をJSONデコードして都市別天気辞書に代入。
　　# 辞書型変数からキー「東京」の値を取得 --- (*4)
　　予報一覧＝都市別天気辞書＠「東京」
　　# 配列の値を一つずつ取り出す --- (*5)
　　予報一覧を反復
　　　　# データに含まれる日付と予報を取り出す --- (*6)
　　　　日付＝対象@「date」
　　　　予報＝対象＠「forecast」
　　　　「{日付} - {予報}」を表示。
　　ここまで。
ここまで。",0.0,0.9862068965517241
4,5,E,"12345と表示
","12345と表示
",12345,0.0,0.7692307692307693
4,5,E,"2に3を足して表示。
100に50を足して表示。
1234567に34567を足して表示。
","2に3を足して表示。
100に50を足して表示。
1234567に34567を足して表示。
","2に3を足して表示。
100に50を足して表示。
1234567に34567を足して表示。",,
4,5,E,"Ｎ＝2
19回繰り返す
　　もし、N%3=0ならば「🐕{N}は3の倍数」と表示。
　　もし、N%5=0ならば「🐎{N}は3の倍数」と表示。
　　Ｎ＝Ｎ＋１
ここまで。
","Ｎ＝2
19回繰り返す
　　もし、N%3=0ならば「🐕{N}は3の倍数」と表示。
　　もし、N%5=0ならば「🐎{N}は3の倍数」と表示。
　　Ｎ＝Ｎ＋１
ここまで。
","Ｎ＝2
19回繰り返す
　　もし、N%3=0ならば「---{N}は3の倍数」と表示。
　　もし、N%5=0ならば「---{N}は5の倍数」と表示。
　　Ｎ＝Ｎ＋１
ここまで。",0.0,0.971830985915493
4,5,E,"A = [30, 50, 80, 50]
A[0]を表示。
A[2]を表示。
","A = [30, 50, 80, 50]
A[0]を表示。
A[2]を表示。
","A = [30, 50, 80, 50]
A[0]を表示。
A[2]を表示。",,
4,5,E,"「何インチですか？」と尋ねてインチに代入。
センチ＝インチ×2.54
「{インチ}インチは、{センチ}センチです。」と言う。
","「何インチですか？」と尋ねてインチに代入。
センチ＝インチ×2.54
「{インチ}インチは、{センチ}センチです。」と言う。
","「何インチですか？」と尋ねてインチに代入。
センチ＝インチ×2.54
「{インチ}インチは、{センチ}センチです。」と言う。",,
4,5,E,"W=10
カメ作成
30回繰り返す
　　Wだけカメ進む
　　90だけカメ右回転
　　W=W+10 # --- (*1)
ここまで。
","W=10
----
30回繰り返す
　　Wだけ----
　　90だけ-----
　　W=W+10 # --- (*1)
ここまで。
","W=10
カメ作成
30回繰り返す
　　Wだけカメ進む
　　90だけカメ右回転
　　W=W+10 (*1)
ここまで。",0.0,0.825
8,1,A,"# 身長と体重を尋ねる --- (*1)
「身長(cm)は？」と尋ねて身長cmに代入。
「体重(kg)は？」と尋ねて体重kgに代入。
# BMIを計算 --- (*2)
BMI=体重kg÷(身長cm/100)^2
# 肥満かどうか判定 --- (*3)
もし、BMIが25以上ならば
　　判定＝「肥満」
違えば、もし、BMIが18.5未満ならば
　　判定＝「低体重」
違えば
　　判定＝「普通体重」
ここまで。
# 結果を表示 --- (*4)
「BMI={BMI} / 判定={判定}」を表示。
","# 身長と体重を尋ねる --- (--)
「--------」と尋ねて身長cmに代入。
「--------」と尋ねて体重kgに代入。
# BMIを計算 --- (--)
BMI-体重kg-(身長cm----)^-
# 肥満かどうか判定 --- (--)
もし、BMIが--以上ならば
　　判定-「--」
違えば、もし、BMIが----未満ならば
　　判定-「---」
違えば
　　判定-「----」
ここまで。
# 結果を表示 --- (--)
「-------------------」を表示。
","# 身長と体重を尋ねる --- (*1)
「身長(cm)は？」と尋ねて---に代入。
「体重(kg)は？」と尋ねて---に代入。
# BMIを計算 --- (*2)
BMI=---÷(---/100)^2
# 肥満かどうか判定 --- (*3)
もし、---が25以上ならば
　　判定＝「---」
違えば、もし、---が18.5未満ならば
　　判定＝「---」
違えば
　　判定＝「---」
ここまで。
# 結果を表示 --- (*4)
「BMI={---} / 判定={---}」を表示。",0.0,0.7549668874172185
8,1,A,"# ネコの年間費用を指定 --- (*1)
エサ代＝4100×12
トイレ砂＝6000×2
保険＝2500×12
健康診断＝12000×1

# 費用を合計 --- (*2)
費用合計＝エサ代＋トイレ砂＋保険＋健康診断

# 結果を表示 --- (*3)
「毎年{費用合計}円必要です。」を表示。
","# ネコの年間費用を指定 --- (--)
エサ代--------
トイレ砂-------
保険--------
健康診断--------

# 費用を合計 --- (--)
費用合計-エサ代-トイレ砂-保険-健康診断

# 結果を表示 --- (--)
「--------------」を表示。
","# ネコの年間費用を指定 --- (*1)
エサ代---×12
トイレ砂---×2
保険---×12
健康診断---×1

# 費用を合計 --- (*2)
費用合計＝エサ代＋トイレ砂＋保険＋健康診断

# 結果を表示 --- (*3)
「毎年---円必要です。」を表示。",0.0,0.8227848101265823
8,1,A,"[50, 50]から[200, 50]へ線描画。
[200, 50]から[50, 200]へ線描画。
[50, 200]から[200, 200]へ線描画。
","[--, --]から[---, --]へ線描画。
[---, --]から[--, ---]へ線描画。
[--, ---]から[---, ---]へ線描画。
","[---, ---]から[---, ---]へ線描画。
[---, ---]から[---, ---]へ線描画。
[---, ---]から[---, ---]へ線描画。",1.0,1.0
8,1,A,"# 天気APIのURLを指定 --- (*1)
APIは「https://api.aoikujira.com/tenki/week.php?fmt=json」

# AjaxでAPIにアクセス --- (*2)
APIからAJAX受信した時には
　　# JSONデータをなでしこのデータに変換 --- (*3)
　　対象をJSONデコードして都市別天気辞書に代入。
　　# 辞書型変数からキー「東京」の値を取得 --- (*4)
　　予報一覧＝都市別天気辞書＠「東京」
　　# 配列の値を一つずつ取り出す --- (*5)
　　予報一覧を反復
　　　　# データに含まれる日付と予報を取り出す --- (*6)
　　　　日付＝対象@「date」
　　　　予報＝対象＠「forecast」
　　　　「{日付} - {予報}」を表示。
　　ここまで。
ここまで。
","# 天気APIのURLを指定 --- (--)
APIは「---」

# AjaxでAPIにアクセス --- (--)
APIからAJAX受信した時には
　　# JSONデータをなでしこのデータに変換 --- (--)
　　対象をJSONデコードして都市別天気辞書に代入。
　　# 辞書型変数からキー「---」の値を取得 --- (--)
　　予報一覧-都市別天気辞書-「---」
　　# 配列の値を一つずつ取り出す --- (--)
　　予報一覧を反復
　　　　# データに含まれる日付と予報を取り出す --- (--)
　　　　日付-対象@「---」
　　　　予報-対象-「---」
　　　　「---」を表示。
　　ここまで。
ここまで。
","# 天気APIのURLを指定 --- (*1)
API-「https://api.aoikujira.com/tenki/week.php?fmt=json」

# AjaxでAPIにアクセス --- (*2)
APIからAJAX受信した時には
　　# JSONデータをなでしこのデータに変換 --- (*3)
　　対象をJSONデコードして都市別天気辞書に代入。
　　# 辞書型変数からキー「東京」の値を取得 --- (*4)
　　予報一覧＝都市別天気辞書＠「---」
　　# 配列の値を一つずつ取り出す --- (*5)
　　予報一覧を反復
　　　　# データに含まれる日付と予報を取り出す --- (*6)
　　　　日付＝対象@「date」
　　　　予報＝対象＠「forecast」
　　　　「{日付} - {予報}」を表示。
　　ここまで。
ここまで。",0.0,0.7757575757575758
8,1,A,"12345と表示
","-----と表示
",12345,0.0,0.0
8,1,A,"2に3を足して表示。
100に50を足して表示。
1234567に34567を足して表示。
","-に-を足して表示。
---に--を足して表示。
-------に-----を足して表示。
","---に---を足して表示。
---に---を足して表示。
---に---を足して表示。",1.0,1.0
8,1,A,"Ｎ＝2
19回繰り返す
　　もし、N%3=0ならば「🐕{N}は3の倍数」と表示。
　　もし、N%5=0ならば「🐎{N}は3の倍数」と表示。
　　Ｎ＝Ｎ＋１
ここまで。
","Ｎ--
--回繰り返す
　　もし、N----ならば「---------」と表示。
　　もし、N----ならば「---------」と表示。
　　Ｎ-Ｎ--
ここまで。
","Ｎ---
19回繰り返す
　　もし、---%3=0ならば「🐕---は3の倍数」と表示。
　　もし、---%5=0ならば「🐎---は5の倍数」と表示。
　　Ｎ---",0.0,0.6739130434782609
8,1,A,"A = [30, 50, 80, 50]
A[0]を表示。
A[2]を表示。
","A - [30, 50, 80, 50]
A[0]を表示。
A[2]を表示。
","A = [--, --, --, --]
A[0]を表示。
A[2]を表示。",0.0,0.8301886792452831
8,1,A,"「何インチですか？」と尋ねてインチに代入。
センチ＝インチ×2.54
「{インチ}インチは、{センチ}センチです。」と言う。
","「--------」と尋ねてインチに代入。
センチ-インチ-----
「---------------------」と言う。
","「何インチですか？」と尋ねてインチに代入。
センチ＝インチ×---
「{インチ}インチは、{センチ}センチです。」と言う。",0.0,0.6172839506172839
8,1,A,"W=10
カメ作成
30回繰り返す
　　Wだけカメ進む
　　90だけカメ右回転
　　W=W+10 # --- (*1)
ここまで。
","W--
カメ作成
--回繰り返す
　　Wだけカメ進む
　　--だけカメ右回転
　　W-W+-- # --- (*-)
ここまで。
","W=---
カメ作成
30回繰り返す
　　Wだけカメ進む
　　90だけカメ右回転
　　W=W+---
ここまで。",0.0,0.8648648648648649
8,2,B,"# 身長と体重を尋ねる --- (*1)
「身長(cm)は？」と尋ねて身長cmに代入。
「体重(kg)は？」と尋ねて体重kgに代入。
# BMIを計算 --- (*2)
BMI=体重kg÷(身長cm/100)^2
# 肥満かどうか判定 --- (*3)
もし、BMIが25以上ならば
　　判定＝「肥満」
違えば、もし、BMIが18.5未満ならば
　　判定＝「低体重」
違えば
　　判定＝「普通体重」
ここまで。
# 結果を表示 --- (*4)
「BMI={BMI} / 判定={判定}」を表示。
","# 身長と体重を--- --- (*1)
「身長(cm)は？」と尋ねて身長cmに--。
「体重(kg)は？」と尋ねて体重kgに--。
# BMIを計算 --- (*2)
BMI=体重kg÷(身長cm/100)^2
# 肥満かどうか判定 --- (*3)
もし、BMIが25以上ならば
　　判定＝「肥満」
違えば、もし、BMIが18.5未満ならば
　　判定＝「低体重」
違えば
　　判定＝「普通体重」
ここまで。
# 結果を-- --- (*4)
「BMI={BMI} / 判定={判定}」を--。
","# 身長と体重を尋ねる --- (*1)
「身長(cm)は？」と尋ねて身長cmに---。
「体重(kg)は？」と尋ねて体重kgに---。
# BMIを計算 --- (*2)
BMI=体重kg÷(身長cm/100)^2
# 肥満かどうか判定 --- (*3)
もし、BMIが25以上ならば
　　判定＝「肥満」
違えば、もし、BMIが18.5未満ならば
　　判定＝「低体重」
違えば
　　判定＝「普通体重」
ここまで。
# 結果を表示 --- (*4)
「BMI={BMI} / 判定={判定}」を---。",0.0,0.9870801033591732
8,2,B,"# ネコの年間費用を指定 --- (*1)
エサ代＝4100×12
トイレ砂＝6000×2
保険＝2500×12
健康診断＝12000×1

# 費用を合計 --- (*2)
費用合計＝エサ代＋トイレ砂＋保険＋健康診断

# 結果を表示 --- (*3)
「毎年{費用合計}円必要です。」を表示。
","# ネコの年間費用を指定 --- (*1)
エサ代＝4100×12
トイレ砂＝6000×2
保険＝2500×12
健康診断＝12000×1

# 費用を合計 --- (*2)
費用合計＝エサ代＋トイレ砂＋保険＋健康診断

# 結果を-- --- (*3)
「毎年{費用合計}円必要です。」を--。
","# ネコの年間費用を指定 --- (*1)
エサ代＝4100×12
トイレ砂＝6000×2
保険＝2500×12
健康診断＝12000×1

# 費用を合計 --- (*2)
費用合計＝エサ代＋トイレ砂＋保険＋健康診断

# 結果を表示 --- (*3)
「毎年---円必要です。」を--。",0.0,0.9649122807017544
8,2,B,"[50, 50]から[200, 50]へ線描画。
[200, 50]から[50, 200]へ線描画。
[50, 200]から[200, 200]へ線描画。
","[50, 50]から[200, 50]へ線描画。
[200, 50]から[50, 200]へ線描画。
[50, 200]から[200, 200]へ線描画。
","[50, 50]から[200, 50]へ---。
[200, 50]から[50, 200]へ---。
[50, 200]から[200, 200]へ---。",0.0,0.9302325581395349
8,2,B,"# 天気APIのURLを指定 --- (*1)
APIは「https://api.aoikujira.com/tenki/week.php?fmt=json」

# AjaxでAPIにアクセス --- (*2)
APIからAJAX受信した時には
　　# JSONデータをなでしこのデータに変換 --- (*3)
　　対象をJSONデコードして都市別天気辞書に代入。
　　# 辞書型変数からキー「東京」の値を取得 --- (*4)
　　予報一覧＝都市別天気辞書＠「東京」
　　# 配列の値を一つずつ取り出す --- (*5)
　　予報一覧を反復
　　　　# データに含まれる日付と予報を取り出す --- (*6)
　　　　日付＝対象@「date」
　　　　予報＝対象＠「forecast」
　　　　「{日付} - {予報}」を表示。
　　ここまで。
ここまで。
","# 天気APIのURLを指定 --- (*1)
APIは「https://api.aoikujira.com/tenki/week.php?fmt=json」

# AjaxでAPIにアクセス --- (*2)
APIからAJAX受信した時には
　　# JSONデータをなでしこのデータに変換 --- (*3)
　　対象をJSONデコードして都市別天気辞書に--。
　　# 辞書型変数からキー「東京」の値を取得 --- (*4)
　　予報一覧＝都市別天気辞書＠「東京」
　　# 配列の値を一つずつ取り出す --- (*5)
　　予報一覧を反復
　　　　# データに含まれる日付と予報を取り出す --- (*6)
　　　　日付＝対象@「date」
　　　　予報＝対象＠「forecast」
　　　　「{日付} - {予報}」を--。
　　ここまで。
ここまで。
","# 天気APIのURLを指定 --- (*1)
APIは「https://api.aoikujira.com/tenki/week.php?fmt=json」

# AjaxでAPIにアクセス --- (*2)
APIからAJAX受信した時には
　　# JSONデータをなでしこのデータに変換 --- (*3)
　　対象をJSONデコードして都市別天気辞書に代入。
　　# 辞書型変数からキー「東京」の値を取得 --- (*4)
　　予報一覧＝都市別天気辞書＠「東京」
　　# 配列の値を一つずつ取り出す --- (*5)
　　予報一覧を反復
　　　　# データに含まれる日付と予報を取り出す --- (*6)
　　　　日付＝対象@「date」
　　　　予報＝対象＠「forecast」
　　　　「{日付} ---」を表示。
　　ここまで。",0.0,0.9704347826086956
8,2,B,"12345と表示
","12345と--
",12345と---,1.0,1.0
8,2,B,"2に3を足して表示。
100に50を足して表示。
1234567に34567を足して表示。
","2に3を足して--。
100に50を足して--。
1234567に34567を足して--。
","2に3を足して---。
100に50を足して---。
1234567に34567を足して---。",1.0,1.0
8,2,B,"Ｎ＝2
19回繰り返す
　　もし、N%3=0ならば「🐕{N}は3の倍数」と表示。
　　もし、N%5=0ならば「🐎{N}は3の倍数」と表示。
　　Ｎ＝Ｎ＋１
ここまで。
","Ｎ＝2
19回繰り返す
　　もし、N%3=0ならば「🐕{N}は3の倍数」と--。
　　もし、N%5=0ならば「🐎{N}は3の倍数」と--。
　　Ｎ＝Ｎ＋１
ここまで。
","Ｎ＝2
19回繰り返す
　　もし、N%3=0ならば「🐕{N}は3の倍数」と---。
　　もし、N%5=0ならば「🐎{N}は5の倍数」と---。
　　Ｎ＝Ｎ＋１",0.0,0.9465648854961832
8,2,B,"A = [30, 50, 80, 50]
A[0]を表示。
A[2]を表示。
","A = [30, 50, 80, 50]
A[0]を--。
A[2]を--。
","A = [30, 50, 80, 50]
A --- を表示。
A --- を表示。",0.0,0.8076923076923077
8,2,B,"「何インチですか？」と尋ねてインチに代入。
センチ＝インチ×2.54
「{インチ}インチは、{センチ}センチです。」と言う。
","「何インチですか？」と尋ねてインチに--。
センチ＝インチ×2.54
「{インチ}インチは、{センチ}センチです。」と--。
","「何インチですか？」と尋ねてインチに---。
センチ＝インチ×2.54
「{インチ}インチは、{センチ}センチです。」と---。",1.0,1.0
8,2,B,"W=10
カメ作成
30回繰り返す
　　Wだけカメ進む
　　90だけカメ右回転
　　W=W+10 # --- (*1)
ここまで。
","W=10
カメ作成
30回繰り返す
　　Wだけカメ進む
　　90だけカメ右回転
　　W=W+10 # --- (*1)
ここまで。
","W=10
カメ作成
30回繰り返す
　　Wだけカメ進む
　　90だけカメ右回転
　　W=---",0.0,0.825
8,3,C,"# 身長と体重を尋ねる --- (*1)
「身長(cm)は？」と尋ねて身長cmに代入。
「体重(kg)は？」と尋ねて体重kgに代入。
# BMIを計算 --- (*2)
BMI=体重kg÷(身長cm/100)^2
# 肥満かどうか判定 --- (*3)
もし、BMIが25以上ならば
　　判定＝「肥満」
違えば、もし、BMIが18.5未満ならば
　　判定＝「低体重」
違えば
　　判定＝「普通体重」
ここまで。
# 結果を表示 --- (*4)
「BMI={BMI} / 判定={判定}」を表示。
","# 身長と体重を尋ねる --- (*1)
「身長(cm)は？」と尋ねて身長cmに代入。
「体重(kg)は？」と尋ねて体重kgに代入。
# BMIを計算 --- (*2)
BMI=体重kg÷(身長cm/100)^2
# 肥満かどうか判定 --- (*3)
--、BMIが25以上---
　　判定＝「肥満」
---、--、BMIが18.5未満---
　　判定＝「低体重」
---
　　判定＝「普通体重」
----。
# 結果を表示 --- (*4)
「BMI={BMI} / 判定={判定}」を表示。
","# 身長と体重を尋ねる --- (*1)
「身長(cm)は？」と尋ねて身長cmに代入。
「体重(kg)は？」と尋ねて体重kgに代入。
# BMIを計算 --- (*2)
BMI=体重kg÷(身長cm/100)^2
# 肥満かどうか判定 --- (*3)
---、BMIが25以上ならば
　　判定＝「肥満」
---、違えば、---、BMIが18.5未満ならば
　　判定＝「低体重」
---、違えば
　　判定＝「普通体重」
---。
# 結果を表示 --- (*4)
「BMI={BMI} / 判定={判定}」を表示。",0.0,0.9629629629629629
8,3,C,"# ネコの年間費用を指定 --- (*1)
エサ代＝4100×12
トイレ砂＝6000×2
保険＝2500×12
健康診断＝12000×1

# 費用を合計 --- (*2)
費用合計＝エサ代＋トイレ砂＋保険＋健康診断

# 結果を表示 --- (*3)
「毎年{費用合計}円必要です。」を表示。
","# ネコの年-費用を指定 --- (*1)
エサ代＝4100×12
トイレ砂＝6000×2
保険＝2500×12
健康診断＝12000×1

# 費用を合計 --- (*2)
費用合計＝エサ代＋トイレ砂＋保険＋健康診断

# 結果を表示 --- (*3)
「毎年{費用合計}円必要です。」を表示。
","# ネコの年間費用を指定 --- (*1)
エサ代＝4100×12
トイレ砂＝6000×2
保険＝2500×12
健康診断＝12000×1

# 費用を合計 --- (*2)
費用合計＝---＋---＋---＋---

# 結果を表示 --- (*3)
「毎年---円必要です。」を表示。",0.0,0.9090909090909091
8,3,C,"[50, 50]から[200, 50]へ線描画。
[200, 50]から[50, 200]へ線描画。
[50, 200]から[200, 200]へ線描画。
","[50, 50]から[200, 50]へ線描画。
[200, 50]から[50, 200]へ線描画。
[50, 200]から[200, 200]へ線描画。
","[50, 50]から[200, 50]へ---。
[200, 50]から[50, 200]へ---。
[50, 200]から[200, 200]へ---。",0.0,0.9302325581395349
8,3,C,"# 天気APIのURLを指定 --- (*1)
APIは「https://api.aoikujira.com/tenki/week.php?fmt=json」

# AjaxでAPIにアクセス --- (*2)
APIからAJAX受信した時には
　　# JSONデータをなでしこのデータに変換 --- (*3)
　　対象をJSONデコードして都市別天気辞書に代入。
　　# 辞書型変数からキー「東京」の値を取得 --- (*4)
　　予報一覧＝都市別天気辞書＠「東京」
　　# 配列の値を一つずつ取り出す --- (*5)
　　予報一覧を反復
　　　　# データに含まれる日付と予報を取り出す --- (*6)
　　　　日付＝対象@「date」
　　　　予報＝対象＠「forecast」
　　　　「{日付} - {予報}」を表示。
　　ここまで。
ここまで。
","# 天気APIのURLを指定 --- (*1)
APIは「https://api.aoikujira.com/tenki/week.php?fmt=json」

# AjaxでAPIにアクセス --- (*2)
APIからAJAX受信した時には
　　# JSONデータをなでしこのデータに変換 --- (*3)
　　対象をJSONデコードして都市別天気辞書に代入。
　　# 辞書型変数からキー「東京」の値を取得 --- (*4)
　　予報一覧＝都市別天気辞書＠「東京」
　　# 配列の値を一つずつ取り出す --- (*5)
　　予報一覧を--
　　　　# データに含まれる日付と予報を取り出す --- (*6)
　　　　日付＝対象@「date」
　　　　予報＝対象＠「forecast」
　　　　「{日付} - {予報}」を表示。
　　----。
----。
","# 天気APIのURLを指定 --- (*1)
APIは「https://api.aoikujira.com/tenki/week.php?fmt=json」

# AjaxでAPIにアクセス --- (*2)
APIからAJAX受信した時には
　　# JSONデータをなでしこのデータに変換 --- (*3)
　　対象をJSONデコードして都市別天気辞書に代入。
　　# 辞書型変数からキー「東京」の値を取得 --- (*4)
　　予報一覧＝都市別天気辞書＠「東京」
　　# 配列の値を一つずつ取り出す --- (*5)
　　予報一覧を---
　　　　# データに含まれる日付と予報を取り出す --- (*6)
　　　　日付＝対象@「date」
　　　　予報＝対象＠「forecast」
　　　　「{日付} - {予報}」を表示。
　　ここまで。",0.0,0.9912434325744308
8,3,C,"12345と表示
","12345と表示
",12345と表示,,
8,3,C,"2に3を足して表示。
100に50を足して表示。
1234567に34567を足して表示。
","2に3を足して表示。
100に50を足して表示。
1234567に34567を足して表示。
","2に3を足して表示。
100に50を---
1234567に34567を---
----",0.0,0.8378378378378378
8,3,C,"Ｎ＝2
19回繰り返す
　　もし、N%3=0ならば「🐕{N}は3の倍数」と表示。
　　もし、N%5=0ならば「🐎{N}は3の倍数」と表示。
　　Ｎ＝Ｎ＋１
ここまで。
","Ｎ＝2
19回----
　　--、N%3=0---「🐕{N}は3の倍数」と表示。
　　--、N%5=0---「🐎{N}は3の倍数」と表示。
　　Ｎ＝Ｎ＋１
----。
","Ｎ＝2
19回繰り返す
　　もし、N%3=0---
「🐕{N}は3の倍数」と表示。
　　もし、N%5=0---
「🐎{N}は3の倍数」と表示。
　　Ｎ＝Ｎ＋１",0.0,0.9217391304347826
8,3,C,"A = [30, 50, 80, 50]
A[0]を表示。
A[2]を表示。
","A = [30, 50, 80, 50]
A[0]を表示。
A[2]を表示。
","A = [30, 50, 80, 50]
A[0]を表示。
A[---]を表示。",0.0,0.9836065573770492
8,3,C,"「何インチですか？」と尋ねてインチに代入。
センチ＝インチ×2.54
「{インチ}インチは、{センチ}センチです。」と言う。
","「何インチですか？」と尋ねてインチに代入。
センチ＝インチ×2.54
「{インチ}インチは、{センチ}センチです。」と言う。
","「何インチですか？」と尋ねてインチに代入。
センチ＝インチ×2.54
「{---}インチは、{---}センチです。」と言う。",0.0,0.9473684210526315
8,3,C,"W=10
カメ作成
30回繰り返す
　　Wだけカメ進む
　　90だけカメ右回転
　　W=W+10 # --- (*1)
ここまで。
","W=10
カメ作成
30回----
　　Wだけカメ進む
　　90だけカメ右回転
　　W=W+10 # --- (*1)
----。
","W=10
カメ作成
30回---
　　Wだけカメ進む
　　90だけカメ右回転
　　W=W+10 # --- (*1)
ここまで。",0.0,0.9512195121951219
8,4,D,"# 身長と体重を尋ねる --- (*1)
「身長(cm)は？」と尋ねて身長cmに代入。
「体重(kg)は？」と尋ねて体重kgに代入。
# BMIを計算 --- (*2)
BMI=体重kg÷(身長cm/100)^2
# 肥満かどうか判定 --- (*3)
もし、BMIが25以上ならば
　　判定＝「肥満」
違えば、もし、BMIが18.5未満ならば
　　判定＝「低体重」
違えば
　　判定＝「普通体重」
ここまで。
# 結果を表示 --- (*4)
「BMI={BMI} / 判定={判定}」を表示。
","# 身長と体重を尋ねる --- (*1)
「身長(cm)は？」と尋ねて身長cmに代入。
「体重(kg)は？」と尋ねて体重kgに代入。
# BMIを計算 --- (*2)
BMI=体重kg÷(身長cm/100)^2
# 肥満かどうか判定 --- (*3)
もし、BMIが25以上ならば
　　判定＝「肥満」
違えば、もし、BMIが18.5未満ならば
　　判定＝「低体重」
違えば
　　判定＝「普通体重」
ここまで。
# 結果を表示 --- (*4)
「BMI={BMI} / 判定={判定}」を表示。
","# 身長と体重を尋ねる --- (*1)
「身長(cm)は？」と尋ねて身長cmに代入。
「体重(kg)は？」と尋ねて体重kgに代入。
# ---を計算 --- (*2)
BMI=体重kg÷(身長cm/100)^2
# ---かどうか判定 --- (*3)
もし、BMIが25以上ならば
　　判定＝「肥満」
違えば、もし、BMIが18.5未満ならば
　　判定＝「低体重」
違えば
　　判定＝「普通体重」
ここまで。
# 結果を表示 --- (*4)
「BMI={BMI} / 判定={判定}」を表示。",0.0,0.9874686716791979
8,4,D,"# ネコの年間費用を指定 --- (*1)
エサ代＝4100×12
トイレ砂＝6000×2
保険＝2500×12
健康診断＝12000×1

# 費用を合計 --- (*2)
費用合計＝エサ代＋トイレ砂＋保険＋健康診断

# 結果を表示 --- (*3)
「毎年{費用合計}円必要です。」を表示。
","# ネコの年間費用を指定 --- (*1)
エサ代＝4100×12
トイレ砂＝6000×2
保険＝2500×12
健康診断＝12000×1

# 費用を合計 --- (*2)
費用合計＝エサ代＋トイレ砂＋保険＋健康診断

# 結果を表示 --- (*3)
「毎年{費用合計}円必要です。」を表示。
","# ネコの年間費用を指定 --- (*1)
エサ代＝4100×12
トイレ砂＝6000×2
保険＝2500×12
健康診断＝12000×1

# 費用を合計 --- (*2)
費用合計＝---＋---＋---＋---

# 結果を表示 --- (*3)
「毎年{費用合計}円必要です。」を表示。",0.0,0.9427312775330396
8,4,D,"[50, 50]から[200, 50]へ線描画。
[200, 50]から[50, 200]へ線描画。
[50, 200]から[200, 200]へ線描画。
","[50, 50]から[200, 50]へ線描画。
[200, 50]から[50, 200]へ線描画。
[50, 200]から[200, 200]へ線描画。
","[50, 50]から[200, 50]へ---。
[200, 50]から[50, 200]へ---。
[50, 200]から[200, 200]へ---。",0.0,0.9302325581395349
8,4,D,"# 天気APIのURLを指定 --- (*1)
APIは「https://api.aoikujira.com/tenki/week.php?fmt=json」

# AjaxでAPIにアクセス --- (*2)
APIからAJAX受信した時には
　　# JSONデータをなでしこのデータに変換 --- (*3)
　　対象をJSONデコードして都市別天気辞書に代入。
　　# 辞書型変数からキー「東京」の値を取得 --- (*4)
　　予報一覧＝都市別天気辞書＠「東京」
　　# 配列の値を一つずつ取り出す --- (*5)
　　予報一覧を反復
　　　　# データに含まれる日付と予報を取り出す --- (*6)
　　　　日付＝対象@「date」
　　　　予報＝対象＠「forecast」
　　　　「{日付} - {予報}」を表示。
　　ここまで。
ここまで。
","# 天気APIのURLを指定 --- (*1)
APIは「https://api.aoikujira.com/tenki/week.php?fmt=json」

# AjaxでAPIにアクセス --- (*2)
APIからAJAX受信した時には
　　# JSONデータをなでしこのデータに変換 --- (*3)
　　--を--------して都市別天気辞書に代入。
　　# 辞書型変数から--「東京」の値を取得 --- (*4)
　　予報一覧＝都市別天気辞書＠「東京」
　　# --の値を一つずつ取り出す --- (*5)
　　予報一覧を反復
　　　　# データに含まれる日付と予報を取り出す --- (*6)
　　　　日付＝--@「date」
　　　　予報＝--＠「forecast」
　　　　「{日付} - {予報}」を表示。
　　ここまで。
ここまで。
","# 天気APIのURLを指定 --- (*1)
APIは「https://api.aoikujira.com/tenki/week.php?fmt=json」

# AjaxでAPIにアクセス --- (*2)
APIからAJAX受信した時には
　　# ---をなでしこのデータに変換 --- (*3)
　　対象を---デコードして都市別天気辞書に代入。
　　# 辞書型変数からキー「東京」の値を取得 --- (*4)
　　予報一覧＝都市別天気辞書＠「東京」
　　# ---の値を一つずつ取り出す --- (*5)
　　予報一覧を反復
　　　　# データに含まれる日付と予報を取り出す --- (*6)
　　　　日付＝対象@「date」
　　　　予報＝対象＠「forecast」
　　　　「{日付} - {予報}」を表示。
　　ここまで。
ここまで。",0.0,0.9622980251346499
8,4,D,"12345と表示
","12345と表示
",12345,0.0,0.7692307692307693
8,4,D,"2に3を足して表示。
100に50を足して表示。
1234567に34567を足して表示。
","2に3を---表示。
100に50を---表示。
1234567に34567を---表示。
","2に3を足して表示。
100に50を足して表示。
1234567に34567を足して表示。",0.0,0.8831168831168831
8,4,D,"Ｎ＝2
19回繰り返す
　　もし、N%3=0ならば「🐕{N}は3の倍数」と表示。
　　もし、N%5=0ならば「🐎{N}は3の倍数」と表示。
　　Ｎ＝Ｎ＋１
ここまで。
","Ｎ＝2
19回繰り返す
　　もし、N%3=0ならば「🐕{N}は3の倍数」と表示。
　　もし、N%5=0ならば「🐎{N}は3の倍数」と表示。
　　Ｎ＝Ｎ＋１
ここまで。
","Ｎ＝2
19回繰り返す
　　もし、Ｎ%3=0ならば「🐕{Ｎ}は3の倍数」と表示。
　　もし、Ｎ%5=0ならば「🐎{Ｎ}は5の倍数」と表示。
　　Ｎ＝Ｎ＋１
ここまで。",0.0,0.9305555555555556
8,4,D,"A = [30, 50, 80, 50]
A[0]を表示。
A[2]を表示。
","A = [30, 50, 80, 50]
A[0]を表示。
A[2]を表示。
","A = [30, 50, 80, 50]
A[0]を表示。
A[2]を表示。",,
8,4,D,"「何インチですか？」と尋ねてインチに代入。
センチ＝インチ×2.54
「{インチ}インチは、{センチ}センチです。」と言う。
","「何インチですか？」と尋ねてインチに代入。
センチ＝インチ×2.54
「{インチ}インチは、{センチ}センチです。」と言う。
","「何インチですか？」と尋ねてインチに代入。
センチ＝インチ×2.54
「{---}インチは、{---}センチです。」と言う。",0.0,0.9473684210526315
8,4,D,"W=10
カメ作成
30回繰り返す
　　Wだけカメ進む
　　90だけカメ右回転
　　W=W+10 # --- (*1)
ここまで。
","W=10
カメ作成
30回繰り返す
　　Wだけカメ進む
　　90だけカメ右回転
　　W=W+10 # --- (*1)
ここまで。
","W=10
カメ作成
30回繰り返す
　　Wだけカメ進む
　　90だけカメ右回転
　　W=W+--
ここまで。",0.0,0.9195402298850575
8,5,E,"# 身長と体重を尋ねる --- (*1)
「身長(cm)は？」と尋ねて身長cmに代入。
「体重(kg)は？」と尋ねて体重kgに代入。
# BMIを計算 --- (*2)
BMI=体重kg÷(身長cm/100)^2
# 肥満かどうか判定 --- (*3)
もし、BMIが25以上ならば
　　判定＝「肥満」
違えば、もし、BMIが18.5未満ならば
　　判定＝「低体重」
違えば
　　判定＝「普通体重」
ここまで。
# 結果を表示 --- (*4)
「BMI={BMI} / 判定={判定}」を表示。
","# 身長と体重を尋ねる --- (*1)
「身長(cm)は？」と尋ねて身長cmに代入。
「体重(kg)は？」と尋ねて体重kgに代入。
# BMIを計算 --- (*2)
BMI=体重kg÷(身長cm/100)^2
# 肥満かどうか判定 --- (*3)
もし、BMIが25以上ならば
　　判定＝「肥満」
違えば、もし、BMIが18.5未満ならば
　　判定＝「低体重」
違えば
　　判定＝「普通体重」
ここまで。
# 結果を表示 --- (*4)
「BMI={BMI} / 判定={判定}」を表示。
","# 身長と体重を尋ねる --- (*1)
「身長(cm)は？」と尋ねて身長cmに代入。
「体重(kg)は？”",0.0,0.3629032258064516
8,5,E,"# ネコの年間費用を指定 --- (*1)
エサ代＝4100×12
トイレ砂＝6000×2
保険＝2500×12
健康診断＝12000×1

# 費用を合計 --- (*2)
費用合計＝エサ代＋トイレ砂＋保険＋健康診断

# 結果を表示 --- (*3)
「毎年{費用合計}円必要です。」を表示。
","# ネコの年間費用を指定 --- (*1)
エサ代＝4100×12
トイレ砂＝6000×2
保険＝2500×12
健康診断＝12000×1

# 費用を合計 --- (*2)
費用合計＝エサ代＋トイレ砂＋保険＋健康診断

# 結果を表示 --- (*3)
「毎年{費用合計}円必要です。」を表示。
","# ネコの年間費用を指定 --- (*1)
エサ代＝4100×12
トイレ砂＝6000×2
保険＝2500×12
健康診断＝12000×1

# 費用を合計 ---",0.0,0.7027027027027027
8,5,E,"[50, 50]から[200, 50]へ線描画。
[200, 50]から[50, 200]へ線描画。
[50, 200]から[200, 200]へ線描画。
","[50, 50]から[200, 50]へ---。
[200, 50]から[50, 200]へ---。
[50, 200]から[200, 200]へ---。
","[50, 50]から[200, 50]へ---。
[200, 50]から[50, 200]へ---。
[50, 200]から[200, 200]へ---。",1.0,1.0
8,5,E,"# 天気APIのURLを指定 --- (*1)
APIは「https://api.aoikujira.com/tenki/week.php?fmt=json」

# AjaxでAPIにアクセス --- (*2)
APIからAJAX受信した時には
　　# JSONデータをなでしこのデータに変換 --- (*3)
　　対象をJSONデコードして都市別天気辞書に代入。
　　# 辞書型変数からキー「東京」の値を取得 --- (*4)
　　予報一覧＝都市別天気辞書＠「東京」
　　# 配列の値を一つずつ取り出す --- (*5)
　　予報一覧を反復
　　　　# データに含まれる日付と予報を取り出す --- (*6)
　　　　日付＝対象@「date」
　　　　予報＝対象＠「forecast」
　　　　「{日付} - {予報}」を表示。
　　ここまで。
ここまで。
","# 天気APIのURLを指定 --- (*1)
APIは「https://api.aoikujira.com/tenki/week.php?fmt=json」

# ----でAPIにアクセス --- (*2)
APIから----受信した時には
　　# JSONデータをなでしこのデータに変換 --- (*3)
　　対象をJSONデコードして都市別天気辞書に代入。
　　# 辞書型変数からキー「東京」の値を取得 --- (*4)
　　予報一覧＝都市別天気辞書＠「東京」
　　# 配列の値を一つずつ取り出す --- (*5)
　　予報一覧を反復
　　　　# データに含まれる日付と予報を取り出す --- (*6)
　　　　日付＝対象@「date」
　　　　予報＝対象＠「forecast」
　　　　「{日付} - {予報}」を表示。
　　ここまで。
ここまで。
","# 天気APIのURLを指定 --- (*1)
APIは「https://api.aoikujira.com/tenki/week.php?fmt=json」

# AjaxでAPIにアクセス --- (*2)
APIからAJAX受信した時には
　　# JSONデータをなでしこのデータに変換 --- (*3)
　　対象をJSONデコードして都市別天気辞書に代入。
　　# 辞書型変数からキー「東京」の値を取得 --- (*4)
　　予報一覧＝都市別天気辞書＠「東京」
　　# 配列の値を一つずつ取り出す --- (*5)
　　予報一覧を反復
　　　　# データに含まれる日付と予報を取り出す --- (*6)
　　　　日付＝対象@「date」
　　　　予報＝対象＠「forecast」
　　　　「{日付} - {予報}」を表示。
　　ここまで。
ここまで。",0.0,0.9862068965517241
8,5,E,"12345と表示
","12345と表示
",12345と表示,,
8,5,E,"2に3を足して表示。
100に50を足して表示。
1234567に34567を足して表示。
","2に3を足して表示。
100に50を足して表示。
1234567に34567を足して表示。
","2に3を足して表示。
100に50を足して表示。
1234567に34567を足して表示。",,
8,5,E,"Ｎ＝2
19回繰り返す
　　もし、N%3=0ならば「🐕{N}は3の倍数」と表示。
　　もし、N%5=0ならば「🐎{N}は3の倍数」と表示。
　　Ｎ＝Ｎ＋１
ここまで。
","Ｎ＝2
19回繰り返す
　　もし、N%3=0ならば「🐕{N}は3の倍数」と表示。
　　もし、N%5=0ならば「🐎{N}は3の倍数」と表示。
　　Ｎ＝Ｎ＋１
ここまで。
","Ｎ＝2
19回繰り返す
　　もし、N%3=0ならば「🐕{N}は3の倍数」と表示。
　　もし、N%5=0ならば「🐎{N}は3の倍数」と表示。
　　Ｎ＝Ｎ＋１",0.0,0.9640287769784173
8,5,E,"A = [30, 50, 80, 50]
A[0]を表示。
A[2]を表示。
","A = [30, 50, 80, 50]
A[0]を表示。
A[2]を表示。
","A = [30, 50, 80, 50]
A[0]を表示。
A[2]を表示。",,
8,5,E,"「何インチですか？」と尋ねてインチに代入。
センチ＝インチ×2.54
「{インチ}インチは、{センチ}センチです。」と言う。
","「何インチですか？」と尋ねてインチに代入。
センチ＝インチ×2.54
「{インチ}インチは、{センチ}センチです。」と言う。
","「何インチですか？」と尋ねてインチに代入。
センチ＝インチ×2.54
「{---}インチは、{---}センチです。」と言う。",0.0,0.9473684210526315
8,5,E,"W=10
カメ作成
30回繰り返す
　　Wだけカメ進む
　　90だけカメ右回転
　　W=W+10 # --- (*1)
ここまで。
","W=10
----
30回繰り返す
　　Wだけ----
　　90だけ-----
　　W=W+10 # --- (*1)
ここまで。
","W=10
カメ作成
30回繰り返す
　　Wだけカメ進む
　　90だけカメ右回転
　　W=W+10 # --- (*1)
ここまで。",0.0,0.8395061728395061
