fail_name,original_code,branks_level1,branks_level2,branks_level3,blank_ratio_l1,elyza_judgment
10kai_koban.nako3,"10回繰り返す
　　「??ネコに??小判」と表示。
ここまで。","---回繰り返す
　　「----------」と表示。
ここまで。","---回----
　　「----------」と--。
----。","----------
　　----------
----------",0.3548387096774194,"難易度: 2
理由: 空欄率が35.5%であり、問題文から推測可能な箇所が標準的な割合で含まれているため、中級レベルと判定されます。"
1_10_goukei.nako3,"合計値は0
Nを1から10まで繰り返す
　　合計値＝合計値＋N
　　「→(経過) {N}を足すと{合計値}です。」と表示。
ここまで。
「?合計結果は{合計値}です。」と表示。","合計値は---
Nを---から---まで繰り返す
　　合計値＝合計値＋N
　　「---------------」と表示。
ここまで。
「--------------」と表示。","合計値は---
Nを---から---まで----
　　合計値＝合計値＋N
　　「---------------」と--。
----。
「--------------」と--。","----------
----------
　　----------
　　----------
----------
----------",0.4431818181818182,"難易度: 1
理由: 空欄率が44.3%と高く、問題文などから容易に推測できる「簡単な穴埋め箇所」が多くを占めているため、初級レベルと判定されます。"
4kai_kame.nako3,"カメ作成。
4回繰り返す
　　100だけカメ進む。
　　90だけカメ右回転。
ここまで。","カメ作成。
----繰り返す
　　---だけカメ進む。
　　---だけカメ右回転。
ここまで。","カメ--。
--------
　　---だけカメ--。
　　---だけカメ---。
----。","----------
----------
　　----------
　　----------
----------",0.1590909090909091,"難易度: 2
理由: 空欄率が15.9%であり、問題文から推測可能な箇所が標準的な割合で含まれているため、中級レベルと判定されます。"
4kai_kame_nasi.nako3,"# 「N回繰り返す」構文を使わずに書いた場合
カメ作成。
100だけカメ進む。# 1回目
90だけカメ右回転。
100だけカメ進む。# 2回目
90だけカメ右回転。
100だけカメ進む。# 3回目
90だけカメ右回転。
100だけカメ進む。# 4回目
90だけカメ右回転。","# 「N回繰り返す」構文を使わずに書いた場合
カメ作成。
---だけカメ進む。# ---回目
---だけカメ右回転。
---だけカメ進む。# ---回目
---だけカメ右回転。
---だけカメ進む。# ---回目
---だけカメ右回転。
---だけカメ進む。# ---回目
---だけカメ右回転。","カメ--。
---だけカメ--。
---だけカメ---。
---だけカメ--。
---だけカメ---。
---だけカメ--。
---だけカメ---。
---だけカメ--。
---だけカメ---。","----------
----------
----------
----------
----------
----------
----------
----------
----------",0.17647058823529413,"難易度: 2
理由: 空欄率が17.6%であり、問題文から推測可能な箇所が標準的な割合で含まれているため、中級レベルと判定されます。"
6kai_kame.nako3,"カメ作成。
6回繰り返す
　　80だけカメ進む。
　　(360÷6)だけカメ右回転。
ここまで。","カメ作成。
---回繰り返す
　　---だけカメ進む。
　　(---÷---)だけカメ右回転。
ここまで。","カメ--。
---回----
　　---だけカメ--。
　　(---÷---)だけカメ---。
----。","----------
----------
　　----------
　　----------
----------",0.14583333333333334,"難易度: 3
理由: 空欄率が14.6%と低く、問題文から容易に推測できる簡単な箇所が少ないため、上級レベルと判定されます。"
aida.nako3,"N=1
Nが5以下の間繰り返す
　　「?? Nは{N}で5以下です」と表示。
　　N=N+1
ここまで。","N=---
Nが-----の間繰り返す
　　「----------------」と表示。
　　N=N+---
ここまで。","N=---
Nが-----の-----
　　「----------------」と--。
　　N=N+---
----。","---
-----------
　　「?? -----------」と表示。
　　-----
-----",0.36538461538461536,"難易度: 2
理由: 空欄率が36.5%であり、問題文から推測可能な箇所が標準的な割合で含まれているため、中級レベルと判定されます。"
baisu3_5.nako3,"Ｎを2から20まで繰り返す
　　# ３の倍数か確認
　　もし、N%3=0ならば「??{N}は3の倍数」と表示。
　　もし、N%5=0ならば「??{N}は5の倍数」と表示。
ここまで。","Ｎを---から---まで繰り返す
　　# ---の倍数か確認
　　もし、N%---=---ならば「------------」と表示。
　　もし、N%---=---ならば「------------」と表示。
ここまで。","Ｎを---から---まで----
　　--、N%---=-------「------------」と--。
　　--、N%---=-------「------------」と--。
----。","----------
　　------------------------------------
　　------------------------------------
----------",0.3076923076923077,"難易度: 2
理由: 空欄率が30.8%であり、問題文から推測可能な箇所が標準的な割合で含まれているため、中級レベルと判定されます。"
baisu3_5kai.nako3,"Ｎ＝2
19回繰り返す
　　もし、N%3=0ならば「??{N}は3の倍数」と表示。
　　もし、N%5=0ならば「??{N}は3の倍数」と表示。
　　Ｎ＝Ｎ＋１
ここまで。","Ｎ＝---
---回繰り返す
　　もし、N%---=---ならば「------------」と表示。
　　もし、N%---=---ならば「------------」と表示。
　　Ｎ＝Ｎ＋---
ここまで。","Ｎ＝---
---回----
　　--、N%---=-------「------------」と--。
　　--、N%---=-------「------------」と--。
　　Ｎ＝Ｎ＋---
----。","----------
----------
　　------------------------------------
　　------------------------------------
　　----------
----------",0.32941176470588235,"難易度: 2
理由: 空欄率が32.9%であり、問題文から推測可能な箇所が標準的な割合で含まれているため、中級レベルと判定されます。"
bmi.nako3,"# 身長と体重を尋ねる --- (*1)
「身長(cm)は？」と尋ねて身長cmに代入。
「体重(kg)は？」と尋ねて体重kgに代入。
# BMIを計算 --- (*2)
BMI=体重kg÷(身長cm/100)^2
# 肥満かどうか判定 --- (*3)
もし、BMIが25以上ならば
　　判定＝「肥満」
違えば、もし、BMIが18.5未満ならば
　　判定＝「低体重」
違えば
　　判定＝「普通体重」
ここまで。
# 結果を表示 --- (*4)
「BMI={BMI} / 判定={判定}」を表示。","# 身長と体重を尋ねる --- (*1)
「-----------」と尋ねて身長cmに代入。
「-----------」と尋ねて体重kgに代入。
# BMIを計算 --- (*2)
BMI=体重kg÷(身長cm/---)^---
# 肥満かどうか判定 --- (*3)
もし、BMIが-----ならば
　　判定＝「----」
違えば、もし、BMIが-------ならば
　　判定＝「-----」
違えば
　　判定＝「------」
ここまで。
# 結果を表示 --- (*4)
「----------------------」を表示。","「-----------」と------身長cmに--。
「-----------」と------体重kgに--。

BMI=体重kg÷(身長cm/---)^---

--、BMIが-------
　　判定＝「----」
----、--、BMIが-------
　　判定＝「-----」
----
　　判定＝「------」
----。

「----------------------」を--。","------------------------------------
------------------------------------

---------------------------

----------------------
　　--------------
----------------------------
　　---------------
----
　　----------------
----。

------------------------------",0.28225806451612906,"難易度: 2
理由: 空欄率が28.2%であり、問題文から推測可能な箇所が標準的な割合で含まれているため、中級レベルと判定されます。"
bug_aida.nako3,"A=1
Aが5以下の間繰り返す
　　「A={A}」を表示。
ここまで。","A=---
Aが-----の間繰り返す
　　「------」を表示。
ここまで。","A=---
Aが-----の-----
　　「------」を--。
----。","----------
----------
　　----------
----------",0.2571428571428571,"難易度: 2
理由: 空欄率が25.7%であり、問題文から推測可能な箇所が標準的な割合で含まれているため、中級レベルと判定されます。"
button.nako3,"挨拶ボタン＝「挨拶」のボタン作成。
挨拶ボタンをクリックした時には
　　「こんにちは」と表示。
ここまで。","挨拶ボタン＝「----」のボタン作成。
挨拶ボタンをクリックした時には
　　「-------」と表示。
ここまで。","挨拶ボタン＝「----」のボタン--。
挨拶ボタンを----------
　　「-------」と--。
----。","-------------------------
--------------
　　-----------------
----------",0.1320754716981132,"難易度: 3
理由: 空欄率が13.2%と低く、問題文から容易に推測できる簡単な箇所が少ないため、上級レベルと判定されます。"
card_shuffle.nako3,"3回繰り返す
　　カード一覧＝[1, 2, 3, 4, 5, 6, 7, 8]
　　カード一覧を配列シャッフル。
　　カード一覧を表示。
ここまで。","---回繰り返す
　　カード一覧＝[---, ---, ---, ---, ---, ---, ---, ---]
　　カード一覧を配列シャッフル。
　　カード一覧を表示。
ここまで。","---回----
　　カード一覧＝[---, ---, ---, ---, ---, ---, ---, ---]
　　カード一覧を-------。
　　カード一覧を--。
----。","----------
　　-----------------------------------------
　　-------------------
　　------------
----------",0.12162162162162163,"難易度: 3
理由: 空欄率が12.2%と低く、問題文から容易に推測できる簡単な箇所が少ないため、上級レベルと判定されます。"
chat.nako3,"# 初期設定 --- (*1)
名前＝「名無し」
発言ボックス＝「こんにちは！」のエディタ作成。
発言ボタン＝「発言」のボタン作成。改行作成。
ログエリア＝「」のテキストエリア作成。

# WebSocketから受信するイベントを設定 ---(*2)
WS受信時には
　　ログエリアのテキスト取得して、ログに代入。
　　ログエリアに(対象＆改行＆ログ)をテキスト設定。
ここまで。

# 発言ボタンのイベントを設定 --- (*3)
発言ボタンをクリックした時には
　　内容=発言ボックスのテキスト取得。
　　「{今}> {名前}: {内容}」をWS送信。
　　発言ボックスに「」をテキスト設定。
ここまで。

# サーバーのURLと名前を尋ねてサーバーに接続する --- (*4)
「サーバーのアドレスを入力してください」と尋ねる。
「https://」を「」に置換して、「wss://{それ}」をサーバーURLに代入。
「あなたの名前は？」と尋ねて、名前に代入。
サーバーURLへWS接続。","# 初期設定 --- (*1)
名前＝「-----」
発言ボックス＝「-------」のエディタ作成。
発言ボタン＝「----」のボタン作成。改行作成。
ログエリア＝「」のテキストエリア作成。

# WebSocketから受信するイベントを設定 ---(*2)
WS受信時には
　　ログエリアのテキスト取得して、ログに代入。
　　ログエリアに(対象＆改行＆ログ)をテキスト設定。
ここまで。

# 発言ボタンのイベントを設定 --- (*3)
発言ボタンをクリックした時には
　　内容=発言ボックスのテキスト取得。
　　「--------------------」をWS送信。
　　発言ボックスに「」をテキスト設定。
ここまで。

# サーバーのURLと名前を尋ねてサーバーに接続する --- (*4)
「----------------------------------」と尋ねる。
「----------」を「」に置換して、「--------------」をサーバーURLに代入。
「------------」と尋ねて、名前に代入。
サーバーURLへWS接続。","名前＝「-----」
発言ボックス＝「-------」のエディタ--。
発言ボタン＝「----」のボタン--。改行--。
ログエリア＝「」のテキストエリア--。

------
　　ログエリアのテキスト----、ログに--。
　　ログエリアに(対象＆改行＆ログ)をテキスト--。
----。

発言ボタンを----------
　　内容=発言ボックスのテキスト--。
　　「--------------------」を----。
　　発言ボックスに「」をテキスト--。
----。

「----------------------------------」と---。
「----------」を「」に----、「--------------」をサーバーURLに--。
「------------」と---、名前に--。
サーバーURLへ----。","-------------
---------------------------
---------------------------
-------------------------

----------
　　-------------------------
　　-----------------------------
----------

----------------
　　---------------------
　　------------------------
　　-----------------------
----------

--------------------------
-------------------------------------------------
-----------------------
---------------",0.18344519015659955,"難易度: 2
理由: 空欄率が18.3%であり、問題文から推測可能な箇所が標準的な割合で含まれているため、中級レベルと判定されます。"
game_janken.nako3,"# 変数の初期化 --- (*1)
得点は0
終了フラグはオフ
手説明は「{改行}0:?グー, 1:?チョキ ,2:?パー{改行}」
タイトルは「
────────────────────────────────
??? ジャンケンゲーム ???
────────────────────────────────
」

# 繰り返しゲームを遊べるよう繰り返す --- (*2)
（終了フラグ＝オフ）の間繰り返す
　　ジャンケンゲーム実行。
　　終了判定。
ここまで。

# 数当てゲームを実行する関数 --- (*3)
●ジャンケンゲーム実行とは
　　相手=3の乱数
　　「{タイトル}いざ勝負！{手説明}どれを出す？」と尋ねて自分に代入。
　　状況＝「{タイトル}自分は{自分の手取得}、相手は{相手の手取得}{改行}」
　　判定＝(自分-相手+3)%3 # --- (*4)
　　もし、判定が0ならば
　　　　「{状況}あいこです。」と言う。
　　違えば、もし、判定が1ならば
　　　　得点＝得点 - 1
　　　　もし、得点が0以下ならば、得点は0
　　　　「{状況}負け?? -1点」と言う。
　　違えば、もし、判定が2ならば
　　　　得点＝得点+3。
　　　　「{状況}勝ち?? +3点」と言う
　　ここまで。
ここまで。

# 終了するか尋ねる関数 --- (*5)
●終了判定とは
　　「{タイトル}現在{得点}点。ゲームを続けますか？」と二択。
　　もし、それがキャンセルならば、終了フラグ＝オン。
ここまで。

# ジャンケンの手を返す --- (*6)
●(番号の)手取得とは
　　もし、番号が0ならば、それは「?グー」
　　もし、番号が1ならば、それは「?チョキ」
　　もし、番号が2ならば、それは「?パー」
ここまで。","# 変数の初期化 --- (*1)
得点は---
終了フラグはオフ
手説明は「----------------------------------------」
タイトルは「
--------------------------------
------------------------
--------------------------------
」

# 繰り返しゲームを遊べるよう繰り返す --- (*2)
（終了フラグ＝オフ）の間繰り返す
　　ジャンケンゲーム実行。
　　終了判定。
ここまで。

# 数当てゲームを実行する関数 --- (*3)
●ジャンケンゲーム実行とは
　　相手=---の乱数
　　「--------------------------------」と尋ねて自分に代入。
　　状況＝「----------------------------------------------」
　　判定＝(自分-相手+---)%--- # --- (*4)
　　もし、判定が---ならば
　　　　「------------」と言う。
　　違えば、もし、判定が---ならば
　　　　得点＝得点 - ---
　　　　もし、得点が---以下ならば、得点は---
　　　　「---------------」と言う。
　　違えば、もし、判定が---ならば
　　　　得点＝得点+---。
　　　　「---------------」と言う
　　ここまで。
ここまで。

# 終了するか尋ねる関数 --- (*5)
●終了判定とは
　　「------------------------------」と二択。
　　もし、それがキャンセルならば、終了フラグ＝オン。
ここまで。

# ジャンケンの手を返す --- (*6)
●(---)手取得とは
　　もし、番号が---ならば、それは「-----」
　　もし、番号が---ならば、それは「-------」
　　もし、番号が---ならば、それは「-----」
ここまで。","得点は---
終了フラグはオフ
手説明は「----------------------------------------」
タイトルは「
--------------------------------
------------------------
--------------------------------
」

（終了フラグ＝オフ）の-----
　　ジャンケンゲーム--。
　　終了判定。
----。

●ジャンケンゲーム--とは
　　相手=---の--
　　「--------------------------------」と---自分に--。
　　状況＝「----------------------------------------------」
　　判定＝(自分-相手+---)%---

　　--、判定が-------
　　　　「------------」と--。
　　----、--、判定が-------
　　　　得点＝得点 - ---
　　　　--、得点が-------、得点は---
　　　　「---------------」と--。
　　----、--、判定が-------
　　　　得点＝得点+---。
　　　　「---------------」と--
　　----。
----。

●終了判定とは
　　「------------------------------」と--。
　　--、それがキャンセル---、終了フラグ＝オン。
----。

●(番号の)手取得とは
　　--、番号が-------、それは「-----」
　　--、番号が-------、それは「-------」
　　--、番号が-------、それは「-----」
----。","-------
-----------
------------------------------------------
----------
--------------------------------
------------------------
--------------------------------
-

-----------------------
　　-------------
　　-----
----------

----------------
　　-----------
　　-----------------------------------------
　　--------------------------------------------------
　　-------------------------
　　------------------
　　　　--------------------
　　-------------------------
　　　　-----------------
　　　　------------------------------
　　　　-----------------------
　　-------------------------
　　　　-------------
　　　　----------------------
　　----------
----------

-----------
　　------------------------------------
　　-----------------------------------
----------

--------------
　　---------------------------------
　　-----------------------------------
　　---------------------------------
----------",0.34805194805194806,"難易度: 2
理由: 空欄率が34.8%であり、問題文から推測可能な箇所が標準的な割合で含まれているため、中級レベルと判定されます。"
gazou.nako3,"# 画像のURLを指定
画像URL=「https://n3s.nadesi.com/image.php?f=25.png」

# 読み込んだ横長の画像をそのまま描画 --- (*1)
画像URLを[0,0]に画像描画。

# 一部分(ネコの部分)を切り出して描画 --- (*2)
画像URLの[80,0,80,80]を[0,80,80,80]に画像部分描画。","# 画像のURLを指定
画像URL=「--------------------------------------------」

# 読み込んだ横長の画像をそのまま描画 --- (*1)
画像URLを[---,---]に画像描画。

# 一部分(ネコの部分)を切り出して描画 --- (*2)
画像URLの[---,---,---,---]を[---,---,---,---]に画像部分描画。","画像URL=「--------------------------------------------」

画像URLを[---,---]に----。

画像URLの[---,---,---,---]を[---,---,---,---]に------。","------------------------------------------------------

---------------------------

-----------------------------------------------------------",0.35,"難易度: 2
理由: 空欄率が35.0%であり、問題文から推測可能な箇所が標準的な割合で含まれているため、中級レベルと判定されます。"
goban.nako3,"# 設定を行う --- (*1)
間隔=15
盤幅=間隔×19
# 縦線のために繰り返す --- (*2)
Xを1から19まで繰り返す
　　# 実際の座標を計算して描画 --- (*3)
　　XX=間隔×X
　　[XX, 間隔]から[XX,盤幅]まで線描画
ここまで。
# 横線のために繰り返す --- (*4)
Yを1から19まで繰り返す
　　YY=間隔×Y
　　[間隔, YY]から[盤幅, YY]まで線描画
ここまで","# 設定を行う --- (*1)
間隔=---
盤幅=間隔×---
# 縦線のために繰り返す --- (*2)
Xを---から---まで繰り返す
　　# 実際の座標を計算して描画 --- (*3)
　　XX=間隔×X
　　[XX, 間隔]から[XX,盤幅]まで線描画
ここまで。
# 横線のために繰り返す --- (*4)
Yを---から---まで繰り返す
　　YY=間隔×Y
　　[間隔, YY]から[盤幅, YY]まで線描画
ここまで","間隔=---
盤幅=間隔×---

Xを---から---まで----
　　XX=間隔×X
　　[XX, 間隔]から[XX,盤幅]まで---。
----。

Yを---から---まで----
　　YY=間隔×Y
　　[間隔, YY]から[盤幅, YY]まで---。
----","-------
----------

------------------
　　----------
　　-------------------------
----------

------------------
　　----------
　　-------------------------
-----",0.10426540284360189,"難易度: 3
理由: 空欄率が10.4%と低く、問題文から容易に推測できる簡単な箇所が少ないため、上級レベルと判定されます。"
goukei.nako3,"商品一覧＝[300,210,800,600]
合計金額＝0
Nを0から3まで繰り返す
　　合計金額＝合計金額＋商品一覧[N]
ここまで。
「合計は{合計金額}円です。」と表示。","商品一覧＝[---,---,---,---]
合計金額＝---
Nを---から---まで繰り返す
　　合計金額＝合計金額＋商品一覧[N]
ここまで。
「------------------」と表示。","商品一覧＝[---,---,---,---]
合計金額＝---
Nを---から---まで----
　　合計金額＝合計金額＋商品一覧[N]
----。
「------------------」と--。","-------------------------
--------
--------------------
　　---------------------
----------
--------------------------",0.3181818181818182,"難易度: 2
理由: 空欄率が31.8%であり、問題文から推測可能な箇所が標準的な割合で含まれているため、中級レベルと判定されます。"
goukei2.nako3,"商品一覧＝[300,210,800,600]
商品一覧の要素数を商品個数に代入。# --- (*1)
合計金額＝0
Nを0から(商品個数-1)まで繰り返す # --- (*2)
　　合計金額＝合計金額＋商品一覧[N]
ここまで。
「合計は{合計金額}円です。」と表示。","商品一覧＝[---,---,---,---]
商品一覧の要素数を商品個数に代入。# --- (*1)
合計金額＝---
Nを---から(商品個数----)まで繰り返す # --- (*2)
　　合計金額＝合計金額＋商品一覧[N]
ここまで。
「------------------」と表示。","商品一覧＝[---,---,---,---]
商品一覧の要素数を商品個数に--。
合計金額＝---
Nを---から(商品個数----)まで----
　　合計金額＝合計金額＋商品一覧[N]
----。
「------------------」と--。","-------------------------
--------------------
--------
---------------------------
　　---------------------
----------
--------------------------",0.26119402985074625,"難易度: 2
理由: 空欄率が26.1%であり、問題文から推測可能な箇所が標準的な割合で含まれているため、中級レベルと判定されます。"
guruguru.nako3,"W=10
カメ作成
30回繰り返す
　　Wだけカメ進む
　　90だけカメ右回転
　　W=W+10 # --- (*1)
ここまで。","W=---
カメ作成
---回繰り返す
　　Wだけカメ進む
　　---だけカメ右回転
　　W=W+--- # --- (*1)
ここまで。","W=---
カメ--
---回----
　　Wだけカメ--
　　---だけカメ---
　　W=W+---
----。","----
-----
----------
　　---------
　　------------
　　-------
----------",0.16923076923076924,"難易度: 2
理由: 空欄率が16.9%であり、問題文から推測可能な箇所が標準的な割合で含まれているため、中級レベルと判定されます。"
guruguru2.nako3,"W=3
カメ作成
1にカメ速度設定
200回繰り返す
　　Wだけカメ進む
　　360÷12だけカメ右回転
　　W=W+1
ここまで。","W=---
カメ作成
---にカメ速度設定
---回繰り返す
　　Wだけカメ進む
　　---÷---だけカメ右回転
　　W=W+---
ここまで。","W=---
カメ--
---にカメ速度--
---回----
　　Wだけカメ--
　　---÷---だけカメ---
　　W=W+---
----。","---
-----
---------
----------
　　---------
　　--------------
　　-----
----------",0.16666666666666666,"難易度: 2
理由: 空欄率が16.7%であり、問題文から推測可能な箇所が標準的な割合で含まれているため、中級レベルと判定されます。"
gusu_kisu.nako3,"N=11
もし、(N%2)が0ならば
　　「偶数」と表示。
違えば
　　「奇数」と表示
ここまで。","N=---
もし、(N%---)が---ならば
　　「----」と表示。
違えば
　　「----」と表示
ここまで。","N=---
--、(N%---)が-------
　　「----」と--。
----
　　「----」と--
----。","-----
--------------------
　　-----------
-----
　　-----------
----------",0.16326530612244897,"難易度: 2
理由: 空欄率が16.3%であり、問題文から推測可能な箇所が標準的な割合で含まれているため、中級レベルと判定されます。"
hairetu.nako3,"A = [30, 50, 80, 50]
A[0]を表示。
A[2]を表示。","A = [---, ---, ---, ---]
A[---]を表示。
A[---]を表示。","A = [---, ---, ---, ---]
A[---]を--。
A[---]を--。","------------------------
-----------
-----------",0.2631578947368421,"難易度: 2
理由: 空欄率が26.3%であり、問題文から推測可能な箇所が標準的な割合で含まれているため、中級レベルと判定されます。"
hairetu2.nako3,"# 二次元配列変数を宣言
迷路=[
  [10,11,12,13,14],
  [20,21,22,23,24],
  [30,31,32,33,34]
]
# 二次元配列変数を参照
迷路[0][0]を表示 # → 10
迷路[1][2]を表示 # → 22
迷路[2][0]を表示 # → 30","# 二次元配列変数を宣言
迷路=[
  [---,---,---,---,---],
  [---,---,---,---,---],
  [---,---,---,---,---]
]
# 二次元配列変数を参照
迷路[---][---]を表示 # → ---
迷路[---][---]を表示 # → ---
迷路[---][---]を表示 # → ---","迷路=[
  [---,---,---,---,---],
  [---,---,---,---,---],
  [---,---,---,---,---]
]

迷路[---][---]を--
迷路[---][---]を--
迷路[---][---]を--","-----
  ---------------------
  ---------------------
  ---------------------
-

--------------
--------------
--------------",0.28378378378378377,"難易度: 2
理由: 空欄率が28.4%であり、問題文から推測可能な箇所が標準的な割合で含まれているため、中級レベルと判定されます。"
hairetuketugou.nako3,"A = [""080"", ""1111"", ""2222""]
Aを「=」で配列結合して表示。","A = [""---"", ""----"", ""----""]
Aを「-」で配列結合して表示。","A = [""---"", ""----"", ""----""]
Aを「-」で-------て--。","---------------------------
---------------------",0.27906976744186046,"難易度: 2
理由: 空欄率が27.9%であり、問題文から推測可能な箇所が標準的な割合で含まれているため、中級レベルと判定されます。"
hairetusousa.nako3,"# 配列変数を作る
A = [0,1,2]
# 配列追加で値を追加 --- (*1)
Aに3を配列追加。
Aに4を配列追加。
# 内容を確認 --- (*2)
Aを「=」で配列結合して表示。
# 配列削除で値を削除 --- (*3)
Aの3を配列削除。
# 内容を確認 --- (*4)
Aを「=」で配列結合して表示。","# 配列変数を作る
A = [---,---,---]
# 配列追加で値を追加 --- (*1)
Aに---を配列追加。
Aに---を配列追加。
# 内容を確認 --- (*2)
Aを「-」で配列結合して表示。
# 配列削除で値を削除 --- (*3)
Aの---を配列削除。
# 内容を確認 --- (*4)
Aを「-」で配列結合して表示。","A = [---,---,---]

Aに---を----。
Aに---を----。

Aを「-」で-------て--。

Aの---を----。

Aを「-」で-------て--。","-------------

-------------
-------------

---------------------

-------------

---------------------",0.12578616352201258,"難易度: 3
理由: 空欄率が12.6%と低く、問題文から容易に推測できる簡単な箇所が少ないため、上級レベルと判定されます。"
hairetu_dainyu.nako3,"A = [30, 50, 80, 50]
# (0から数えて)2番目の要素を書き換える
A[2] = 100
A[2]を表示。","A = [---, ---, ---, ---]
# (0から数えて)2番目の要素を書き換える
A[---] = ---
A[---]を表示。","A = [---, ---, ---, ---]

A[---] = ---
A[---]を--。","------------------------

----------
-----------",0.20634920634920634,"難易度: 2
理由: 空欄率が20.6%であり、問題文から推測可能な箇所が標準的な割合で含まれているため、中級レベルと判定されます。"
hairetu_kurikaesi.nako3,"点数一覧 = [30, 50, 80, 120]
Nを0から3まで繰り返す
　　点数一覧[N]を表示。
ここまで。","点数一覧 = [---, ---, ---, ---]
Nを---から---まで繰り返す
　　点数一覧[N]を表示。
ここまで。","点数一覧 = [---, ---, ---, ---]
Nを---から---まで----
　　点数一覧[N]を--。
----。","---------------------------
--------------------
　　-------------
----------",0.19298245614035087,"難易度: 2
理由: 空欄率が19.3%であり、問題文から推測可能な箇所が標準的な割合で含まれているため、中級レベルと判定されます。"
hanpuku_2waribiki.nako3,"# 商品一覧を初期化
商品一覧 = [
    {""名前"": ""超絶カレー"", ""値段"": 450, ""業者"": ""A食品""},
    {""名前"": ""激うまハンバーグ"", ""値段"": 680, ""業者"": ""B食品""},
    {""名前"": ""鳥ハムサラダ"", ""値段"": 380, ""業者"": ""B食品""},
    {""名前"": ""寿司にぎり12貫"", ""値段"": 1300, ""業者"": ""店内""}
]

# 商品全品2割引にして表示
商品一覧を反復
　　名前＝対象＠「名前」
　　値段＝対象＠「値段」
　　割引後＝(値段×0.8)を切捨。 # --- (*1)
　　「{名前}は{値段}円→{割引後}円です。」と表示。
ここまで。","# 商品一覧を初期化
商品一覧 = [
    {""名前"": ""-------"", ""値段"": ---, ""業者"": ""---""},
    {""名前"": ""--------"", ""値段"": ---, ""業者"": ""---""},
    {""名前"": ""------"", ""値段"": ---, ""業者"": ""---""},
    {""名前"": ""----------"", ""値段"": ----, ""業者"": ""--""}
]

# 商品全品2割引にして表示
商品一覧を反復
　　名前＝対象＠「--」
　　値段＝対象＠「--」
　　割引後＝(値段×---)を切捨。 # --- (*1)
　　「--------------------------」と表示。
ここまで。","商品一覧 = [
    {""名前"": ""-------"", ""値段"": ---, ""業者"": ""---""},
    {""名前"": ""--------"", ""値段"": ---, ""業者"": ""---""},
    {""名前"": ""------"", ""値段"": ---, ""業者"": ""---""},
    {""名前"": ""----------"", ""値段"": ----, ""業者"": ""--""}
]

商品一覧を--
　　名前＝対象＠「--」
　　値段＝対象＠「--」
　　割引後＝(値段×---)を--。
　　「--------------------------」と--。
----。","-------
    -------------------------------------------
    -------------------------------------------
    -------------------------------------------
    -------------------------------------------
-


----------
　　-------------
　　-------------
　　---------------------
　　------------------------------
----------",0.2515527950310559,"難易度: 2
理由: 空欄率が25.2%であり、問題文から推測可能な箇所が標準的な割合で含まれているため、中級レベルと判定されます。"
hanpuku_hairetu.nako3,"# 変数Aの内容を初期化
A = [30, 50, 20, 80]

# Aの各要素を全て表示
Aを反復
　　対象を表示。
ここまで。","# 変数Aの内容を初期化
A = [---, ---, ---, ---]

# Aの各要素を全て表示
Aを反復
　　対象を表示。
ここまで。","A = [---, ---, ---, ---]

Aを--
　　対象を--。
----。","------------------------

-------
　　-------
----------",0.11940298507462686,"難易度: 3
理由: 空欄率が11.9%と低く、問題文から容易に推測できる簡単な箇所が少ないため、上級レベルと判定されます。"
hanpuku_jisyo.nako3,"# 変数Dの内容を初期化
D = {""体力"": 30, ""知力"": 20, ""素早さ"": 25}

# 変数Dの各要素を全て表示
Dを反復
　　「{対象キー}: {対象}」を表示。
ここまで。","# 変数Dの内容を初期化
D = {""体力"": --, ""知力"": --, ""素早さ"": --}

# 変数Dの各要素を全て表示
Dを反復
　　「-------------」と表示。
ここまで。","D = {""体力"": --, ""知力"": --, ""素早さ"": --}

Dを--
　　「-------------」と--。
----。","----------------------------------------

-----
　　---------------------
----------",0.1875,"難易度: 2
理由: 空欄率が18.8%であり、問題文から推測可能な箇所が標準的な割合で含まれているため、中級レベルと判定されます。"
hanpuku_syouhin.nako3,"# 商品一覧を初期化
商品一覧 = [
    {""名前"": ""超絶カレー"", ""値段"": 450, ""業者"": ""A食品""},
    {""名前"": ""激うまハンバーグ"", ""値段"": 680, ""業者"": ""B食品""},
    {""名前"": ""鳥ハムサラダ"", ""値段"": 380, ""業者"": ""B食品""},
    {""名前"": ""寿司にぎり12貫"", ""値段"": 1300, ""業者"": ""店内""}
]

# 商品の名前と値段だけを取り出して表示
商品一覧を反復
　　名前＝対象＠「名前」
　　値段＝対象＠「値段」
　　「{名前}は{値段}円です。」と表示。
ここまで。","# 商品一覧を初期化
商品一覧 = [
    {""名前"": ""-----"", ""値段"": ---, ""業者"": ""---""},
    {""名前"": ""--------"", ""値段"": ---, ""業者"": ""---""},
    {""名前"": ""-----"", ""値段"": ---, ""業者"": ""---""},
    {""名前"": ""-------"", ""値段"": ----, ""業者"": ""--""}
]

# 商品の名前と値段だけを取り出して表示
商品一覧を反復
　　名前＝対象＠「--」
　　値段＝対象＠「--」
　　「---------------」と表示。
ここまで。","商品一覧 = [
    {""名前"": ""-----"", ""値段"": ---, ""業者"": ""---""},
    {""名前"": ""--------"", ""値段"": ---, ""業者"": ""---""},
    {""名前"": ""-----"", ""値段"": ---, ""業者"": ""---""},
    {""名前"": ""-------"", ""値段"": ----, ""業者"": ""--""}
]

商品一覧を--
　　名前＝対象＠「--」
　　値段＝対象＠「--」
　　「---------------」と--。
----。","-------
    -------------------------------------------
    -------------------------------------------
    -------------------------------------------
    -------------------------------------------
-

----------
　　-------------
　　-------------
　　---------------------
----------",0.23367697594501718,"難易度: 2
理由: 空欄率が23.4%であり、問題文から推測可能な箇所が標準的な割合で含まれているため、中級レベルと判定されます。"
hello.nako3,"「こんにちは」と表示。
『こんにちは』と表示。 
""こんにちは""と表示。
'こんにちは'と表示。","「-----」と表示。
『-----』と表示。 
""-----""と表示。
'-----'と表示。","「-----」と--。
『-----』と--。 
""-----""と--。
'-----'と--。","---------
---------
---------
---------",0.4166666666666667,"難易度: 1
理由: 空欄率が41.7%と高く、問題文などから容易に推測できる「簡単な穴埋め箇所」が多くを占めているため、初級レベルと判定されます。"
hensu-warikan.nako3,"# 変数の定義
カレーは950
天ソバは1200
ハンバーグは1100
人数は10

# 割り勘の計算
合計金額＝(カレー×3)＋(天ソバ×2)＋(ハンバーグ×5)
割勘金額＝合計金額÷人数

割勘金額を表示。","# 変数の定義
カレーは---
天ソバは----
ハンバーグは----
人数は--

# 割り勘の計算
合計金額＝(カレー×-)＋(天ソバ×-)＋(ハンバーグ×-)
割勘金額＝合計金額÷人数

割勘金額を表示。","カレーは---
天ソバは----
ハンバーグは----
人数は--

合計金額＝(カレー×-)＋(天ソバ×-)＋(ハンバーグ×-)
割勘金額＝合計金額÷人数

割勘金額を--。","-----------
---------
------------
-------

-------------------------------
---------------

----------",0.1523809523809524,"難易度: 2
理由: 空欄率が15.2%であり、問題文から推測可能な箇所が標準的な割合で含まれているため、中級レベルと判定されます。"
hensu.nako3,"# 値を変数に代入
値段は300

# 変数の値を参照
値段を表示。","# 値を変数に代入
値段は---

# 変数の値を参照
値段を表示。","値段は---

値段を--。","-------

-------",0.08823529411764706,"難易度: 3
理由: 空欄率が8.8%と低く、問題文から容易に推測できる簡単な箇所が少ないため、上級レベルと判定されます。"
hensu_kurikaesu.nako3,"Nを1から5まで繰り返す
　　「??が{N}匹」と表示。
ここまで。","Nを---から---まで繰り返す
　　「--------」と表示。
ここまで。","Nを---から---まで----
　　「--------」と--。
----。","-------------------
　　------------
----------",0.2647058823529412,"難易度: 2
理由: 空欄率が26.5%であり、問題文から推測可能な箇所が標準的な割合で含まれているため、中級レベルと判定されます。"
hozon.nako3,"データは「相談によって計画は成功する」
データを「格言」に保存。
「ブラウザに保存しました」と表示。","データは「----------------」
データを「--」に保存。
「------------」と表示。","データは「----------------」
データを「--」に--。
「------------」と--。","----------------------
--------------
--------------------",0.52,"難易度: 1
理由: 空欄率が52.0%と高く、問題文などから容易に推測できる「簡単な穴埋め箇所」が多くを占めているため、初級レベルと判定されます。"
hyoji.nako3,12345と表示,-----と表示,-----と--,---------,0.625,"難易度: 1
理由: 空欄率が62.5%と高く、問題文などから容易に推測できる「簡単な穴埋め箇所」が多くを占めているため、初級レベルと判定されます。"
if_kcal.nako3,"# 年齢を尋ねる --- (*1)
「年齢は？」と尋ねて年齢に代入。

# 「もし」文で順に条件を判定 --- (*2)
もし、年齢が12未満ならば
　　「すみません、範囲以外です。」と表示。
違えば、もし年齢が14以下ならば
　　「男性は2600、女性は2400kcal」と表示。
違えば、もし年齢が17以下ならば
　　「男性は2800、女性は2300kcal」と表示。
違えば、もし年齢が29以下ならば
　　「男性は2650、女性は2000kcal」と表示。
違えば、もし年齢が49以下ならば
　　「男性は2700、女性は2050kcal」と表示。
違えば、もし年齢が64以下ならば
　　「男性は2600、女性は1950kcal」と表示。
違えば
　　「すみません、範囲外です。」と表示。
ここまで。","# 年齢を尋ねる --- (*1)
「----」と尋ねて年齢に代入。

# 「もし」文で順に条件を判定 --- (*2)
もし、年齢が----ならば
　　「----------------------」と表示。
違えば、もし年齢が----ならば
　　「------------------------」と表示。
違えば、もし年齢が----ならば
　　「------------------------」と表示。
違えば、もし年齢が----ならば
　　「------------------------」と表示。
違えば、もし年齢が----ならば
　　「------------------------」と表示。
違えば、もし年齢が----ならば
　　「------------------------」と表示。
違えば
　　「----------------------」と表示。
ここまで。","「----」と------年齢に--。

--、年齢が-------
　　「----------------------」と--。
----、--年齢が-------
　　「------------------------」と--。
----、--年齢が-------
　　「------------------------」と--。
----、--年齢が-------
　　「------------------------」と--。
----、--年齢が-------
　　「------------------------」と--。
----、--年齢が-------
　　「------------------------」と--。
----
　　「----------------------」と--。
----。","----------------------

--------------------
　　------------------------------
----------------------------
　　--------------------------------
----------------------------
　　--------------------------------
----------------------------
　　--------------------------------
----------------------------
　　--------------------------------
----------------------------
　　--------------------------------
----
　　------------------------------
----------",0.4375,"難易度: 1
理由: 空欄率が43.8%と高く、問題文などから容易に推測できる「簡単な穴埋め箇所」が多くを占めているため、初級レベルと判定されます。"
ima.nako3,今を表示。,--を表示。,--を----。,--------,0.2,"難易度: 2
理由: 空欄率が20.0%であり、問題文から推測可能な箇所が標準的な割合で含まれているため、中級レベルと判定されます。"
inch_cm.nako3,"「何インチですか？」と尋ねてインチに代入。
センチ＝インチ×2.54
「{インチ}インチは、{センチ}センチです。」と言う。","「--------------」と尋ねてインチに代入。
センチ＝インチ×----
「------------------------------」と言う。","「--------------」と------インチに--。
センチ＝インチ×----
「------------------------------」と--。","----------------------------------
----------------
--------------------------------------",0.532258064516129,"難易度: 1
理由: 空欄率が53.2%と高く、問題文などから容易に推測できる「簡単な穴埋め箇所」が多くを占めているため、初級レベルと判定されます。"
iromaze_ironuri.nako3,"10に線太さ設定。
[255,0,0]の色混ぜして、塗色設定。
[0,0,255]の色混ぜして、線色設定。
[150,150]に130の円描画。","--に線太さ設定。
[---,-,-]の色混ぜして、塗色設定。
[-,-,---]の色混ぜして、線色設定。
[---,---]に---の円描画。","--に------。
[---,-,-]の-----て、----。
[-,-,---]の-----て、----。
[---,---]に---の----。","----------------
--------------------------
--------------------------
-----------------------",0.2916666666666667,"難易度: 2
理由: 空欄率が29.2%であり、問題文から推測可能な箇所が標準的な割合で含まれているため、中級レベルと判定されます。"
janken_if.nako3,"＃ジャンケンの手と勝敗を数値で定義
グー＝0。チョキ＝1。パー＝2。
あいこ＝0。負け＝1。勝ち＝2。

＃自分と相手の手を指定 --- (*1)
グーとチョキでジャンケン判定して勝敗表示。

●(自分と相手で)ジャンケン判定とは
　　もし、自分＝相手ならば、それはあいこ。
　　もし、自分がグーならば
　　　　もし、相手がチョキならば、それは勝ち。
　　　　もし、相手がパーならば、それは負け。
　　ここまで。
　　もし、自分がチョキならば
　　　　もし、相手がパーならば、それは勝ち。
　　　　もし、相手がグーならば、それは負け。
　　ここまで。
　　もし、自分がパーならば
　　　　もし、相手がグーならば、それは勝ち。
　　　　もし、相手がチョキならば、それは負け。
　　ここまで。
ここまで。

●（N）の勝敗表示とは
　　もし、N＝0ならば「あいこ」と表示。
　　もし、N＝1ならば「負け」と表示。
　　もし、N＝2ならば「勝ち」と表示。
ここまで。","＃ジャンケンの手と勝敗を数値で定義
グー＝---。チョキ＝---。パー＝---。
あいこ＝---。負け＝---。勝ち＝---。

＃自分と相手の手を指定 --- (*---)
グーとチョキでジャンケン判定して勝敗表示。

●(------)ジャンケン判定とは
　　もし、自分＝相手ならば、それはあいこ。
　　もし、自分がグーならば
　　　　もし、相手がチョキならば、それは勝ち。
　　　　もし、相手がパーならば、それは負け。
　　ここまで。
　　もし、自分がチョキならば
　　　　もし、相手がパーならば、それは勝ち。
　　　　もし、相手がグーならば、それは負け。
　　ここまで。
　　もし、自分がパーならば
　　　　もし、相手がグーならば、それは勝ち。
　　　　もし、相手がチョキならば、それは負け。
　　ここまで。
ここまで。

●（-）の勝敗表示とは
　　もし、N＝---ならば「---」と表示。
　　もし、N＝---ならば「--」と表示。
　　もし、N＝---ならば「--」と表示。
ここまで。","＃ジャンケンの手と勝敗を数値で定義
グー＝---。チョキ＝---。パー＝---。
あいこ＝---。負け＝---。勝ち＝---。

＃自分と相手の手を指定 --- (*---)
グーとチョキでジャンケン判定して勝敗--。

●(------)ジャンケン判定とは
　　--、自分＝相手ならば、それはあいこ。
　　--、自分がグーならば
　　　　--、相手がチョキならば、それは勝ち。
　　　　--、相手がパーならば、それは負け。
　　----。
　　--、自分がチョキならば
　　　　--、相手がパーならば、それは勝ち。
　　　　--、相手がグーならば、それは負け。
　　----。
　　--、自分がパーならば
　　　　--、相手がグーならば、それは勝ち。
　　　　--、相手がチョキならば、それは負け。
　　----。
----。

●（N）の勝敗--とは
　　--、N＝---ならば「---」と--。
　　--、N＝---ならば「--」と--。
　　--、N＝---ならば「--」と--。
----。","-----------------------------
-----------------------------

-----------------------

-------------------------
　　-------------------------
　　--------------
　　　　------------------------
　　　　-----------------------
　　----------
　　---------------
　　　　-----------------------
　　　　-----------------------
　　----------
　　---------------
　　　　-----------------------
　　　　------------------------
　　----------
----------

--------------
　　-----------------------
　　----------------------
　　----------------------
----------",0.06279069767441861,"難易度: 3
理由: 空欄率が6.3%と低く、問題文から容易に推測できる簡単な箇所が少ないため、上級レベルと判定されます。"
jikanapi.nako3,"# 時間APIのURLを指定 --- (*1)
APIは「https://api.aoikujira.com/time/get.php」

# AjaxでAPIにアクセス --- (*2)
APIからAJAX受信した時には
　　「現在時刻：{対象}」を表示。
ここまで。","# 時間APIのURLを指定 --- (*1)
APIは「--------------------------------------」

# AjaxでAPIにアクセス --- (*2)
APIからAJAX受信した時には
　　「-------------」と表示。
ここまで。","APIは「--------------------------------------」

APIからAJAX----------
　　「-------------」と--。
----。","-----------------------------------------

-----------------------
　　--------------------
----------",0.3925925925925926,"難易度: 2
理由: 空欄率が39.3%であり、問題文から推測可能な箇所が標準的な割合で含まれているため、中級レベルと判定されます。"
jikan_keisan.nako3,"# 物件までの所要時間を計算
距離＝500
分速=80
所要時間＝距離÷分速

# 条件を判定
もし、所要時間が5以下ならば
　　「{所要時間}分なので条件に合致してます。」と表示。
違えば
　　「{所要時間}分なので不合格です。」と表示。
ここまで。","# 物件までの所要時間を計算
距離＝---
分速=--
所要時間＝距離÷分速

# 条件を判定
もし、所要時間が-ならば
　　「--------------------------------」と表示。
違えば
　　「--------------------------」と表示。
ここまで。","距離＝---
分速=--
所要時間＝距離÷分速

--、所要時間が-------
　　「--------------------------------」と--。
----
　　「--------------------------」と--。
----。","-------
------
-------------

----------
　　----------------------------------
----
　　----------------------------
----------",0.3492063492063492,"難易度: 2
理由: 空欄率が34.9%であり、問題文から推測可能な箇所が標準的な割合で含まれているため、中級レベルと判定されます。"
jinkou_graph.nako3,"# 人口推移のデータ --- (*1)
人口推移データは「西暦年,総人口
2011年,127834233
2012年,127592657
2013年,127413888
2014年,127237150
2015年,127094745
2016年,126932772
2017年,126706210
2018年,126443180
2019年,126166948
2020年,125708382」

# グラフを描画 --- (*2)
人口推移データをCSV取得。
それの線グラフ描画。","# 人口推移のデータ --- (*1)
人口推移データは「------------」

# グラフを描画 --- (*2)
人口推移データをCSV取得。
それの線グラフ描画。","人口推移データは「------------」

人口推移データをCSV--。
それの線グラフ--。","--------------------------

-----------------
-----------",0.7148760330578512,"難易度: 1
理由: 空欄率が71.5%と高く、問題文などから容易に推測できる「簡単な穴埋め箇所」が多くを占めているため、初級レベルと判定されます。"
jisyo.nako3,"# 辞書型変数を初期化
国語点数 = {
　　「三菱」: 80,
　　「豊田」: 73,
　　「鈴木」: 59
}

# 鈴木さんの点数を表示
国語点数＠「鈴木」を表示。","# 辞書型変数を初期化
国語点数 = {
　　「----」: --,
　　「----」: --,
　　「----」: --
}

# 鈴木さんの点数を表示
国語点数＠「----」を表示。","国語点数 = {
　　「----」: --,
　　「----」: --,
　　「----」: --
}

国語点数＠「----」を--。","-----------
　　-------------
　　-------------
　　-------------
-


----------------",0.16470588235294117,"難易度: 2
理由: 空欄率が16.5%であり、問題文から推測可能な箇所が標準的な割合で含まれているため、中級レベルと判定されます。"
jisyo_dainyu.nako3,"# 辞書型変数を初期化
国語点数 = {「三菱」: 80,「豊田」: 73,「鈴木」: 59}

# 点数を修正
国語点数＠「鈴木」＝66
# 鈴木さんの点数を表示
国語点数＠「鈴木」を表示。","# 辞書型変数を初期化
国語点数 = {「----」: --,「----」: --,「----」: --}

# 点数を修正
国語点数＠「----」＝--
# 鈴木さんの点数を表示
国語点数＠「----」を表示。","国語点数 = {「----」: --,「----」: --,「----」: --}

国語点数＠「----」＝--

国語点数＠「----」を--。","---------------------------------------------


----------------
----------------",0.1875,"難易度: 2
理由: 空欄率が18.8%であり、問題文から推測可能な箇所が標準的な割合で含まれているため、中級レベルと判定されます。"
jisyo_ninki.nako3,"# アンケートのデータ --- (*1)
対象データは「C,B,A,B,B,B,C,B,B,A,C,B,C,B,B」

# 配列に変換 --- (*2)
対象データを「,」で区切って対象配列に代入。

# 辞書型変数を初期化 --- (*3)
得票辞書は{""A"":0, ""B"":0, ""C"":0}

# 繰り返す文で連続処理 --- (*4)
Nで0から((対象配列の要素数)-1)まで繰り返す
　　誰＝対象配列[N]
　　得票辞書＠誰＝得票辞書＠誰＋1
ここまで。

# 結果を表示 --- (*5)
「A: {得票辞書@""A""}票」を表示。
「B: {得票辞書@""B""}票」を表示。
「C: {得票辞書@""C""}票」を表示。","# アンケートのデータ --- (*1)
対象データは「-----------------------------」

# 配列に変換 --- (*2)
対象データを「-」で区切って対象配列に代入。

# 辞書型変数を初期化 --- (*3)
得票辞書は{""-"":-, ""-"":-, ""-"":-}

# 繰り返す文で連続処理 --- (*4)
Nで-から((対象配列の要素数)--)まで繰り返す
　　誰＝対象配列[N]
　　得票辞書＠誰＝得票辞書＠誰＋-
ここまで。

# 結果を表示 --- (*5)
「-------------」を表示。
「-------------」を表示。
「-------------」を表示。","対象データは「-----------------------------」

対象データを「-」で----対象配列に--。

得票辞書は{""-"":-, ""-"":-, ""-"":-}

Nで-から((対象配列の要素数)--)まで----
　　誰＝対象配列[N]
　　得票辞書＠誰＝得票辞書＠誰＋-
----。

「-------------」を--。
「-------------」を--。
「-------------」を--。","-----------------------------------------

------------------------------

-----------------------------


------------------------------
　　-------------
　　-----------------
----------


-----------------------
-----------------------
-----------------------",0.3089171974522293,"難易度: 2
理由: 空欄率が30.9%であり、問題文から推測可能な箇所が標準的な割合で含まれているため、中級レベルと判定されます。"
jisyo_rekkyo.nako3,"# 辞書型変数を宣言
半径辞書 = {
　　「太陽」:696000,
　　「地球」:6371,
　　「木星」:69911,
　　「土星」:58232,
　　「火星」:3390,
}
# 半径辞書の一覧を表示
半径辞書の辞書キー列挙して表示。","# 辞書型変数を宣言
半径辞書 = {
　　「----」:------,
　　「----」:----,
　　「----」:-----,
　　「----」:-----,
　　「----」:----,
}
# 半径辞書の一覧を表示
半径辞書の辞書キー列挙して表示。","半径辞書 = {
　　「----」:------,
　　「----」:----,
　　「----」:-----,
　　「----」:-----,
　　「----」:----,
}

半径辞書の辞書キー-------。","-----------
　　-------------
　　-------------
　　--------------
　　--------------
　　-------------
-

----------------",0.2833333333333333,"難易度: 2
理由: 空欄率が28.3%であり、問題文から推測可能な箇所が標準的な割合で含まれているため、中級レベルと判定されます。"
jisyo_sonzai.nako3,"# 辞書型変数を初期化
点数辞書 = {「三菱」: 80,「豊田」: 73,「鈴木」: 59}

# 鈴木さんを確認
もし、点数辞書に「鈴木」が辞書キー存在するならば
　　「鈴木さん: {点数辞書＠『鈴木』}点」と表示。
違えば
　　「鈴木さん: 存在しない」と表示。
ここまで。
# 日村さんを確認
もし、点数辞書に「日村」が辞書キー存在するならば
　　「日村さん: {点数辞書＠『日村』}点」と表示。
違えば
　　「日村さん: 存在しない」と表示。
ここまで。","# 辞書型変数を初期化
点数辞書 = {「--」: --,「--」: --,「--」: --}

# 鈴木さんを確認
もし、点数辞書に「--」が辞書キー----ならば
　　「--------------------」と表示。
違えば
　　「-----------」と表示。
ここまで。
# 日村さんを確認
もし、点数辞書に「--」が辞書キー----ならば
　　「--------------------」と表示。
違えば
　　「-----------」と表示。
ここまで。","点数辞書 = {「--」: --,「--」: --,「--」: --}

--、点数辞書に「--」が辞書キー-------
　　「--------------------」と--。
----
　　「-----------」と--。
----。

--、点数辞書に「--」が辞書キー-------
　　「--------------------」と--。
----
　　「-----------」と--。
----。","---------------------------------------------


--------------------------
　　------------------------
-----
　　---------------
----------

--------------------------
　　------------------------
-----
　　---------------
----------",0.35344827586206895,"難易度: 2
理由: 空欄率が35.3%であり、問題文から推測可能な箇所が標準的な割合で含まれているため、中級レベルと判定されます。"
jisyo_tuki.nako3,"# 旧暦の月名を辞書型変数で定義
和風月名 = {
  ""睦月"": ""1月"", ""如月"": ""2月"", ""弥生"": ""3月"", 
  ""卯月"": ""4月"", ""皐月"": ""5月"", ""水無月"": ""6月"", 
  ""文月"": ""7月"", ""葉月"": ""8月"", ""長月"": ""9月"", 
  ""神無月"": ""10月"", ""霜月"": ""11月"", ""師走"": ""12月""
}

# 月名の入力を得る
「旧暦の月名は？」と尋ねて月名に代入。

# 辞書型変数「和風月名」から何月かを得る
答え＝和風月名＠月名
「{月名}は{答え}です。」と表示。","# 旧暦の月名を辞書型変数で定義
和風月名 = {
  ""--"": ""--"", ""--"": ""--"", ""--"": ""--"", 
  ""--"": ""--"", ""--"": ""--"", ""--"": ""--"", 
  ""--"": ""--"", ""--"": ""--"", ""--"": ""--"", 
  ""---"": ""---"", ""--"": ""---"", ""--"": ""---""
}

# 月名の入力を得る
「--------」と尋ねて月名に代入。

# 辞書型変数「和風月名」から何月かを得る
答え＝和風月名＠月名
「--------------」と表示。","和風月名 = {
  ""--"": ""--"", ""--"": ""--"", ""--"": ""--"", 
  ""--"": ""--"", ""--"": ""--"", ""--"": ""--"", 
  ""--"": ""--"", ""--"": ""--"", ""--"": ""--"", 
  ""---"": ""---"", ""--"": ""---"", ""--"": ""---""
}

「--------」と------月名に--。

答え＝和風月名＠月名
「--------------」と--。","----------
  -------------------------------
  -------------------------------
  -------------------------------
  -------------------------------
-


--------------------

----------------
---------------------",0.2656826568265683,"難易度: 2
理由: 空欄率が26.6%であり、問題文から推測可能な箇所が標準的な割合で含まれているため、中級レベルと判定されます。"
junjo.nako3,2＋3×4を表示。,---＋---×---を表示。,---＋---×---を--。,-------------,0.3333333333333333,"難易度: 2
理由: 空欄率が33.3%であり、問題文から推測可能な箇所が標準的な割合で含まれているため、中級レベルと判定されます。"
kaimono.nako3,"# 変数の宣言 --- (*1)
ミニカーは550
カードゲームは1200
ラジコンは8900
割引率は0.3

# 支払金額を計算 --- (*2)
合計金額＝（ミニカー×3）＋（カードゲーム×4）＋（ラジコン×1）
支払金額＝合計金額×(1 - 割引率)
支払金額を表示。","# 変数の宣言 --- (*1)
ミニカーは---
カードゲームは----
ラジコンは----
割引率は---

# 支払金額を計算 --- (*2)
合計金額＝（ミニカー×-）＋（カードゲーム×-）＋（ラジコン×-）
支払金額＝合計金額×(- - 割引率)
支払金額を表示。","ミニカーは---
カードゲームは----
ラジコンは----
割引率は---

合計金額＝（ミニカー×-）＋（カードゲーム×-）＋（ラジコン×-）
支払金額＝合計金額×(- - 割引率)
支払金額を--。","---------
------------
---------
---------


-------------------------------------
---------------------
-----------",0.18115942028985507,"難易度: 2
理由: 空欄率が18.1%であり、問題文から推測可能な箇所が標準的な割合で含まれているため、中級レベルと判定されます。"
kakugen.nako3,「義なる者はたとえ七度倒れても必ず立ち上がる」と表示,「--------------------------------」と表示,「--------------------------------」と--,----------------------------------,0.8076923076923077,"難易度: 1
理由: 空欄率が80.8%と高く、問題文などから容易に推測できる「簡単な穴埋め箇所」が多くを占めているため、初級レベルと判定されます。"
kakugen_kaigyo.nako3,"L1＝「塔を建てようと思う場合まず座って費用を計算して{改行}」
L2＝「完成させるだけのものを持っているかどうか{改行}」
L3＝「確かめるのではないでしょうか。」
L1 & L2 & L3を表示。","L1＝「----------------------------」
L2＝「----------------------」
L3＝「----------------------」
L1 & L2 & L3を表示。","L1＝「----------------------------」
L2＝「----------------------」
L3＝「----------------------」
L1 & L2 & L3を--。","------------------------------------
----------------------------
------------------------
------------------",0.66,"難易度: 1
理由: 空欄率が66.0%と高く、問題文などから容易に推測できる「簡単な穴埋め箇所」が多くを占めているため、初級レベルと判定されます。"
kakugen_kaigyo2.nako3,"「塔を建てようと思う場合まず座って費用を計算して
完成させるだけのものを持っているかどうか
確かめるのではないでしょうか。」を表示。","「----------------------------
----------------------
----------------------」を表示。","「----------------------------
----------------------
----------------------」を--。","----------------------------
----------------------
----------------------",0.8787878787878788,"難易度: 1
理由: 空欄率が87.9%と高く、問題文などから容易に推測できる「簡単な穴埋め箇所」が多くを占めているため、初級レベルと判定されます。"
kame-test.nako3,"カメ作成。
100だけカメ進む。
90だけカメ右回転。
100だけカメ進む。
90だけカメ右回転。
100だけカメ進む。
90だけカメ右回転。
100だけカメ進む。","カメ作成。
---だけカメ進む。
---だけカメ右回転。
---だけカメ進む。
---だけカメ右回転。
---だけカメ進む。
---だけカメ右回転。
---だけカメ進む。","カメ--。
---だけカメ--。
---だけカメ---。
---だけカメ--。
---だけカメ---。
---だけカメ--。
---だけカメ---。
---だけカメ--。","----------
----------
----------
----------
----------
----------
----------
----------",0.21951219512195122,"難易度: 2
理由: 空欄率が22.0%であり、問題文から推測可能な箇所が標準的な割合で含まれているため、中級レベルと判定されます。"
kame-z.nako3,"カメ作成。
90だけカメ右回転。
100だけカメ進む。
135だけカメ右回転。
150だけカメ進む。
225だけカメ右回転。
100だけカメ進む。","カメ作成。
---だけカメ右回転。
---だけカメ進む。
---だけカメ右回転。
---だけカメ進む。
---だけカメ右回転。
---だけカメ進む。","カメ--。
---だけカメ---。
---だけカメ--。
---だけカメ---。
---だけカメ--。
---だけカメ---。
---だけカメ--。","----------
----------
----------
----------
----------
----------
----------",0.2328767123287671,"難易度: 2
理由: 空欄率が23.3%であり、問題文から推測可能な箇所が標準的な割合で含まれているため、中級レベルと判定されます。"
kansu_kakezan.nako3,"# 関数を定義 --- (*1)
●(AにBを)掛け算処理とは
　　それはA×B。
ここまで

# 関数を使う --- (*2)
2に3を掛け算処理して表示。
5に10を掛け算処理して表示。
9に3を掛け算処理して表示。","●(----)掛け算処理とは
　　それはA×B。
----

---に---を掛け算処理して--。
---に---を掛け算処理して--。
---に---を掛け算処理して--。","●(------)掛け算処理--
　　---A×B。
----

---に---を掛け算処理して--。
---に---を掛け算処理して--。
---に---を掛け算処理して--。","---------------------
　　----------
----


----------------------
-----------------------
----------------------",0.5,"難易度: 1
理由: 空欄率が50.0%と高く、問題文などから容易に推測できる「簡単な穴埋め箇所」が多くを占めているため、初級レベルと判定されます。"
kansu_nibai.nako3,"# 関数を定義 --- (*1)
●(Nを)二倍処理とは
　　それはN×2。
ここまで

# 関数を使う --- (*2)
2を二倍処理して表示。
3を二倍処理して表示。
5を二倍処理して表示。","# 関数を定義 --- (*---)
●(--)二倍処理とは
　　それはN×---。
ここまで

# 関数を使う --- (*---)
---を二倍処理して表示。
---を二倍処理して表示。
---を二倍処理して表示。","●(---)二倍処理--
　　---N×-。
----

---を二倍処理して--。
---を二倍処理して--。
---を二倍処理して--。","---------------------
　　---------
----


----------------------
----------------------
----------------------",0.14432989690721648,"難易度: 3
理由: 空欄率が14.4%と低く、問題文から容易に推測できる簡単な箇所が少ないため、上級レベルと判定されます。"
keisan.nako3,"20+30を表示。
30-10を表示。
3×5を表示。
20÷4を表示。","--+--を表示。
---10を表示。
-×-を表示。
--÷-を表示。","--+--を--。
---10を--。
-×-を--。
--÷-を--。","------------
------------
----------
----------",0.3333333333333333,"難易度: 2
理由: 空欄率が33.3%であり、問題文から推測可能な箇所が標準的な割合で含まれているため、中級レベルと判定されます。"
keisan2.nako3,"2+3×4を表示。
(2+3)×4を表示。","-+--を表示。
(-+-)×-を表示。","-+--を--。
(-+-)×-を--。","-------------
-------------",0.3333333333333333,"難易度: 2
理由: 空欄率が33.3%であり、問題文から推測可能な箇所が標準的な割合で含まれているため、中級レベルと判定されます。"
keisan3.nako3,"(1+2)×(3+4)を表示。
100÷(2+8)を表示。","(-+-)×(-+-)を表示。
---÷(-+-)を表示。","(-+-)×(-+-)を--。
---÷(-+-)を--。","------------------
----------------",0.3103448275862069,"難易度: 2
理由: 空欄率が31.0%であり、問題文から推測可能な箇所が標準的な割合で含まれているため、中級レベルと判定されます。"
keyboard.nako3,"「キーを押してみてください」と表示。
DOCUMENTのキー押した時には
　　「キー押した時: {押したキー}」を表示。
ここまで。","「------------」と表示。
---------キー押した時には
　　「---------------」を表示。
ここまで。","「------------」と--。
-----------------
　　「---------------」を--。
----。","---------------------
---------------------
　　---------------------------
----------",0.5454545454545454,"難易度: 1
理由: 空欄率が54.5%と高く、問題文などから容易に推測できる「簡単な穴埋め箇所」が多くを占めているため、初級レベルと判定されます。"
kikagaku36.nako3,"カメ作成。
1にカメ速度設定。
36回
　　六角形描画
　　10だけカメ右回転。
ここまで。

●六角形描画とは
　　6回繰り返す
　　　　100だけカメ進む
　　　　(360÷6)だけカメ右回転。
　　ここまで。
ここまで。","カメ作成。
-にカメ速度設定。
--回
　　六角形描画
　　--だけカメ右回転。
ここまで。

●六角形描画とは
　　-回繰り返す
　　　　---だけカメ進む
　　　　(---÷-)だけカメ右回転。
　　ここまで。
ここまで。","カメ--。
-にカメ速度--。
--回
　　六角形--
　　--だけカメ---。
----。

●六角形----
　　-回----
　　　　---だけカメ--
　　　　(---÷-)だけカメ---。
　　----。
----。","----------
-----------
----
　　------
　　------------
----------

------------
　　-------
　　　　-----------
　　　　-----------------
　　----------
----------",0.11504424778761062,"難易度: 3
理由: 空欄率が11.5%と低く、問題文から容易に推測できる簡単な箇所が少ないため、上級レベルと判定されます。"
kodomo_ryokin.nako3,"年齢＝9
もし、(年齢が6以上)かつ(年齢が12未満)ならば
　　「こども料金」と表示。
違えば
　　「おとな料金」と表示。
ここまで。","年齢＝-
もし、(年齢が-以上)かつ(年齢が--未満)ならば
　　「------」と表示。
違えば
　　「------」と表示。
ここまで。","年齢＝-
--、(年齢が-以上)--(年齢が--未満)---
　　「------」と--。
----
　　「------」と--。
----。","------
-----------------------------
　　---------------
-----
　　---------------
----------",0.20588235294117646,"難易度: 2
理由: 空欄率が20.6%であり、問題文から推測可能な箇所が標準的な割合で含まれているため、中級レベルと判定されます。"
line.nako3,"[50, 50]から[200, 50]へ線描画。
[200, 50]から[50, 200]へ線描画。
[50, 200]から[200, 200]へ線描画。","[--, --]から[---, --]へ線描画。
[---, --]から[--, ---]へ線描画。
[--, ---]から[---, ---]へ線描画。","[--, --]から[---, --]へ---。
[---, --]から[--, ---]へ---。
[--, ---]から[---, ---]へ---。","--------------------------
---------------------------
---------------------------",0.38961038961038963,"難易度: 2
理由: 空欄率が39.0%であり、問題文から推測可能な箇所が標準的な割合で含まれているため、中級レベルと判定されます。"
meiro.nako3,"# 初期設定 --- (*1)
PX=1。PY=1。# プレイヤーの初期座標
W=40。# タイルの幅
迷路=[]
迷路URL=「https://n3s.nadesi.com/image.php?f=19.csv」

# データを読み込む --- (*2)
迷路URLからAJAX受信した時には
　　対象をCSV取得して迷路に代入。
　　迷路描画処理。
ここまで。

●迷路描画処理とは # --- (*3)
　　Yを0から7まで繰り返す
　　　　Xを0から11まで繰り返す
　　　　　　Ｖ＝迷路[Y][X]
　　　　　　XとYにＶのタイル描画。
　　　　ここまで。
　　ここまで。
　　# プレイヤーの描画 --- (*4)
　　青色に塗色設定。
　　30の描画フォント設定
　　[PX×W+5,PY×W+30]に「♪」の文字描画。
ここまで。

●(XとYにVの)タイル描画とは # --- (*5)
　　灰色に線色設定。1に線太さ設定。
　　もし、V=0ならば、白色に塗色設定。
　　もし、V=1ならば、茶色に塗色設定。
　　[X×W,Y×W,W,W]に四角描画。
ここまで。

# キーボードイベントを設定 --- (*6)
DOCUMENTのキー押した時には
　　X=PX。Y=PY。# 仮の移動座標
　　もし、押したキーが「ArrowUp」ならば、Y=Y-1。
　　もし、押したキーが「ArrowDown」ならば、Y=Y+1。
　　もし、押したキーが「ArrowLeft」ならば、X=X-1。
　　もし、押したキーが「ArrowRight」ならば、X=X+1。
　　# 壁を突き破らないよう座標をチェック --- (*7)
　　もし、(X<0)または(Y<0)ならば、戻る。
　　もし、(X≧12)または(Y≧8)ならば、戻る。
　　# 移動先が壁なら進めない --- (*8)
　　もし、迷路[Y][X]が1ならば、戻る。
　　PX=X。PY=Y。# 正式にプレイヤーを移動 --- (*9)
　　迷路描画処理。
　　# クリア判定 --- (*10)
　　もし、PX=10かつPY=6ならば
　　　　「ゲームクリア」と表示。
　　　　PX=1。PY=1。
　　ここまで。
ここまで。","# 初期設定 --- (*---)
PX=---。PY=---。# プレイヤーの初期座標
W=---。# タイルの幅
迷路=[]
迷路URL=「---------------」

# データを読み込む --- (*---)
-------AJAX受信した時には
　　対象をCSV取得して迷路に代入。
　　迷路描画処理。
ここまで。

●迷路描画処理とは # --- (*---)
　　Yを---から---まで繰り返す
　　　　Xを---から---まで繰り返す
　　　　　　Ｖ＝迷路[Y][X]
　　　　　　XとYにＶのタイル描画。
　　　　ここまで。
　　ここまで。
　　# プレイヤーの描画 --- (*---)
　　青色に塗色設定。
　　---の描画フォント設定
　　[PX×W+---,PY×W+---]に「-」の文字描画。
ここまで。

●(------)タイル描画とは # --- (*---)
　　灰色に線色設定。---に線太さ設定。
　　もし、V=---ならば、白色に塗色設定。
　　もし、V=---ならば、茶色に塗色設定。
　　[X×W,Y×W,W,W]に四角描画。
ここまで。

# キーボードイベントを設定 --- (*---)
---------キー押した時には
　　X=PX。Y=PY。# 仮の移動座標
　　もし、押したキーが「-------」ならば、Y=Y----。
　　もし、押したキーが「---------」ならば、Y=Y+---。
　　もし、押したキーが「---------」ならば、X=X----。
　　もし、押したキーが「----------」ならば、X=X+---。
　　# 壁を突き破らないよう座標をチェック --- (*---)
　　もし、(X<---)または(Y<---)ならば、戻る。
　　もし、(X≧---)または(Y≧---)ならば、戻る。
　　# 移動先が壁なら進めない --- (*---)
　　もし、迷路[Y][X]が---ならば、戻る。
　　PX=X。PY=Y。# 正式にプレイヤーを移動 --- (*---)
　　迷路描画処理。
　　# クリア判定 --- (*---)
　　もし、PX=---かつPY=---ならば
　　　　「------」と表示。
　　　　PX=---。PY=---。
　　ここまで。
ここまで。","PX=---。PY=---。
W=---。
迷路=[]
迷路URL=「---------------」

------------------
　　対象をCSV--して迷路に--。
　　迷路--処理。
----。

●迷路--処理とは
　　Yを---から---まで----
　　　　Xを---から---まで----
　　　　　　Ｖ＝迷路[Y][X]
　　　　　　XとYにＶのタイル--。
　　　　----。
　　----。
　　青色に塗色--。
　　---の--フォント--
　　[PX×W+---,PY×W+---]に「-」の----。
----。

●(------)タイル--とは
　　灰色に線色--。---に線太さ--。
　　--、V=---ならば、白色に塗色--。
　　--、V=---ならば、茶色に塗色--。
　　[X×W,Y×W,W,W]に四角--。
----。

-----------------
　　X=PX。Y=PY。
　　--、押したキーが「-------」ならば、Y=Y----。
　　--、押したキーが「---------」ならば、Y=Y+---。
　　--、押したキーが「---------」ならば、X=X----。
　　--、押したキーが「----------」ならば、X=X+---。
　　--、(X<---)または(Y<---)ならば、--。
　　--、(X≧---)または(Y≧---)ならば、--。
　　--、迷路[Y][X]が---ならば、--。
　　PX=X。PY=Y。
　　迷路--処理。
　　--、PX=---かつPY=---ならば
　　　　「------」と--。
　　　　PX=---。PY=---。
　　----。
----。","-------------------------
-------------------
-------
------------------------------------------------------

-------------------------
　　-----------------------
　　-------
----------

-----------
　　-----------------------
　　　　------------------------
　　　　　　-------------
　　　　　　-------------------
　　　　----------
　　----------
　　
　　-----------
　　--------------
　　------------------------------------
----------

-------------------------
　　-------------------------
　　------------------------------
　　------------------------------
　　-------------------------
----------

------------------------
　　--------------
　　---------------------------------------
　　-----------------------------------------
　　-----------------------------------------
　　------------------------------------------
　　
　　----------------------------------
　　------------------------------------
　　
　　----------------------------
　　-----------
　　-------
　　
　　----------------------------
　　　　------------------
　　　　---------------
　　----------
----------",0.18967334035827185,"難易度: 2
理由: 空欄率が19.0%であり、問題文から推測可能な箇所が標準的な割合で含まれているため、中級レベルと判定されます。"
meiro55.nako3,"# 初期設定 --- (*1)
PX=1。PY=1。# プレイヤーの初期座標
W=10。# タイルの幅
SZ=55。# 迷路のサイズ
迷路URL=「https://n3s.nadesi.com/image.php?f=20.csv」
宝＝0
迷路=[]

# データを読み込む --- (*2)
迷路URLにAJAX送信した時には
　　対象をCSV取得して迷路に代入。
　　迷路描画処理。
ここまで。

●迷路描画処理とは # --- (*3)
　　Yを0から54まで繰り返す
　　　　Xを0から54まで繰り返す
　　　　　　Ｖ＝迷路[Y][X]
　　　　　　XとYにＶのタイル描画。
　　　　ここまで。
　　ここまで。
　　# プレイヤーの描画 --- (*4)
　　赤色に塗色設定。
　　10の描画フォント設定
　　[PX×W,PY×W+7]に「♪」の文字描画。
ここまで。

●(XとYにVの)タイル描画とは # --- (*5)
　　「#f0f0f0」に線色設定。1に線太さ設定。
　　もし、V=0ならば、白色に塗色設定。
　　もし、V=1ならば、茶色に塗色設定。
　　もし、V=2ならば、黄色に塗色設定。
　　もし、V=3ならば、黄色に塗色設定。
　　もし、V=4ならば、黄色に塗色設定。
　　[X×W,Y×W,W,W]に四角描画。
ここまで。

# キーボードイベントを設定 --- (*6)
DOCUMENTのキー押した時には
　　X=PX。Y=PY。# 仮の移動座標
　　もし、押したキーが「ArrowUp」ならば、Y=Y-1。
　　もし、押したキーが「ArrowDown」ならば、Y=Y+1。
　　もし、押したキーが「ArrowLeft」ならば、X=X-1。
　　もし、押したキーが「ArrowRight」ならば、X=X+1。
　　もし、(X≠PX)または(Y≠PY)ならば
　　    対象イベントのDOMイベント処理停止。
　　ここまで。
　　# 壁を突き破らないよう座標をチェック --- (*7)
　　もし、(X<0)または(Y<0)ならば、戻る。
　　もし、(X≧SZ)または(Y≧SZ)ならば、戻る。
　　# 移動先が壁なら進めない --- (*8)
　　M=迷路[Y][X]
　　もし、Mが1ならば、戻る。
　　PX=X。PY=Y。# 正式にプレイヤーを移動 --- (*9)
　　もし、Mが2ならば
　　    「罠に捕まった！スタートに地点に戻ってしまった」と言う。
　　    PX=1。PY=1。
　　    迷路[Y][X]=0。#罠は一度だけ発動
　　ここまで。
　　もし、Mが3ならば
　　    「宝を見つけた！」と言う。
　　    宝＝宝＋1
　　    迷路[Y][X]=0 # 通路に戻す
　　ここまで。
　　もし、Mが4ならば
　　    もし、宝＝0ならば
　　        「出口を見つけたが、せっかくなら宝を持って帰りたい」と言う。
　　  　違えば
　　  　    「宝を{宝}個持ってゴール！ゲームクリア」と言う。
　　  　ここまで。
　　ここまで。
　　迷路描画処理。
ここまで。","# 初期設定 --- (*1)
PX=---。PY=---。# プレイヤーの初期座標
W=---。# タイルの幅
SZ=---。# 迷路のサイズ
迷路URL=「----------------------------------------」
宝＝---
迷路=[]

# データを読み込む --- (*2)
迷路URLにAJAX送信した時には
　　対象をCSV取得して迷路に代入。
　　迷路描画処理。
ここまで。

●迷路描画処理とは # --- (*3)
　　Yを---から---まで繰り返す
　　　　Xを---から---まで繰り返す
　　　　　　Ｖ＝迷路[Y][X]
　　　　　　XとYにＶのタイル描画。
　　　　ここまで。
　　ここまで。
　　# プレイヤーの描画 --- (*4)
　　赤色に塗色設定。
　　---の描画フォント設定
　　[PX×W,PY×W+---]に「--」の文字描画。
ここまで。

●(---------)タイル描画とは # --- (*5)
　　「-------」に線色設定。---に線太さ設定。
　　もし、V--0ならば、白色に塗色設定。
　　もし、V--1ならば、茶色に塗色設定。
　　もし、V--2ならば、黄色に塗色設定。
　　もし、V--3ならば、黄色に塗色設定。
　　もし、V--4ならば、黄色に塗色設定。
　　[X×W,Y×W,W,W]に四角描画。
ここまで。

# キーボードイベントを設定 --- (*6)
DOCUMENTのキー押した時には
　　X=PX。Y=PY。# 仮の移動座標
　　もし、押したキーが「-------」ならば、Y=Y---。
　　もし、押したキーが「---------」ならば、Y=Y---。
　　もし、押したキーが「---------」ならば、X=X---。
　　もし、押したキーが「----------」ならば、X=X---。
　　もし、(X--PX)または(Y--PY)ならば
　　    対象イベントのDOMイベント処理停止。
　　ここまで。
　　# 壁を突き破らないよう座標をチェック --- (*7)
　　もし、(X---)または(Y---)ならば、戻る。
　　もし、(X--SZ)または(Y--SZ)ならば、戻る。
　　# 移動先が壁なら進めない --- (*8)
　　M=迷路[Y][X]
　　もし、Mが---ならば、戻る。
　　PX=X。PY=Y。# 正式にプレイヤーを移動 --- (*9)
　　もし、Mが---ならば
　　    「--------------------------------------------」と言う。
　　    PX=---。PY=---。
　　    迷路[Y][X]=---。#罠は一度だけ発動
　　ここまで。
　　もし、Mが---ならば
　　    「--------------」と言う。
　　    宝＝宝＋---
　　    迷路[Y][X]=--- # 通路に戻す
　　ここまで。
　　もし、Mが---ならば
　　    もし、宝＝---ならば
　　        「------------------------------------------------」と言う。
　　  　違えば
　　  　    「------------------------------」と言う。
　　  　ここまで。
　　ここまで。
　　迷路描画処理。
ここまで。","PX=---。PY=---。
W=---。
SZ=---。
迷路URL=「----------------------------------------」
宝＝---
迷路=[]

迷路URLにAJAX----------
　　対象をCSV----迷路に--。
　　迷路描画処理。
----。

●迷路描画処理--
　　Yを---から---まで----
　　　　Xを---から---まで----
　　　　　　Ｖ＝迷路[Y][X]
　　　　　　XとYにＶのタイル--。
　　　　----。
　　----。
　　赤色に----。
　　---の--------
　　[PX×W,PY×W+---]に「--」の----。
----。

●(---------)タイル描画--
　　「-------」に----。---に------。
　　--、V--0---、白色に----。
　　--、V--1---、茶色に----。
　　--、V--2---、黄色に----。
　　--、V--3---、黄色に----。
　　--、V--4---、黄色に----。
　　[X×W,Y×W,W,W]に----。
----。

DOCUMENTのキー----------
　　X=PX。Y=PY。
　　--、押したキーが「-------」---、Y=Y---。
　　--、押したキーが「---------」---、Y=Y---。
　　--、押したキーが「---------」---、X=X---。
　　--、押したキーが「----------」---、X=X---。
　　--、(X--PX)または(Y--PY)---
　　    対象イベントのDOMイベント処理--。
　　----。

　　--、(X---)または(Y---)---、--。
　　--、(X--SZ)または(Y--SZ)---、--。

　　M=迷路[Y][X]
　　--、Mが------、--。
　　PX=X。PY=Y。
　　--、Mが------
　　    「--------------------------------------------」と--。
　　    PX=---。PY=---。
　　    迷路[Y][X]=---。
　　----。
　　--、Mが------
　　    「--------------」と--。
　　    宝＝宝＋---
　　    迷路[Y][X]=--- 
　　----。
　　--、Mが------
　　    --、宝＝------
　　        「------------------------------------------------」と--。
　　  　----
　　  　    「------------------------------」と--。
　　  　----。
　　----。
　　迷路描画処理。
----。","-------------------------
-------------------
-------
--------
------------------------------------------------------
-------
-------

------------------------
　　-------------------------
　　-------
----------

-----------
　　-------------------------
　　　　-------------------------
　　　　　　-------------
　　　　　　-------------------
　　　　----------
　　----------
　　
　　------------
　　----------------
　　------------------------------------
----------

-------------------------
　　-------------------------------------------
　　----------------------------------
　　----------------------------------
　　----------------------------------
　　----------------------------------
　　----------------------------------
　　--------------------------
----------

------------------------
　　--------------
　　---------------------------------------
　　-----------------------------------------
　　-----------------------------------------
　　------------------------------------------
　　------------------------------
　　    ------------------------
　　----------
　　
　　----------------------------
　　------------------------------
　　
　　-----------
　　----------------------
　　-----------
　　--------------
　　    -----------------------------------------------------
　　    -----------
　　    ---------------
　　----------
　　--------------
　　    ---------------------
　　    -------
　　    ---------------
　　----------
　　--------------
　　    --------------
　　        ---------------------------------------------------------
　　  　---
　　  　    -------------------------------------------
　　  　----------
　　----------
　　-------
----------",0.17846385542168675,"難易度: 2
理由: 空欄率が17.8%であり、問題文から推測可能な箇所が標準的な割合で含まれているため、中級レベルと判定されます。"
mojiretu_kaigyouiri.nako3,"# 改行を含む文字列を変数に代入
格言は「鉄の道具の切れ味が悪くなっているのに
その刃を研がないなら余分な力を費やすことになる。
一方、知恵がある人は成功できる。
知恵は武器よりも価値がある。」

# 変数の内容を表示
格言を表示。","# 改行を含む文字列を変数に代入
格言は「----------------------------------------
------------------------------------
----------------
----------------------------」

# 変数の内容を表示
格言を表示。","格言は「----------------------------------------
------------------------------------
----------------
----------------------------」

格言を--。","--------------------------------------------
------------------------------------
----------------------------
------------------------------

----------",0.6206896551724138,"難易度: 1
理由: 空欄率が62.1%と高く、問題文などから容易に推測できる「簡単な穴埋め箇所」が多くを占めているため、初級レベルと判定されます。"
mojiretu_tigai.nako3,"値段は300
「値段は{値段}円」と表示。
『値段は{値段}円』と表示。","値段は---
「------------」と表示。
『------------』と表示。","値段は---
「------------」と--。
『------------』と--。","-------
--------------
--------------",0.5277777777777778,"難易度: 1
理由: 空欄率が52.8%と高く、問題文などから容易に推測できる「簡単な穴埋め箇所」が多くを占めているため、初級レベルと判定されます。"
mouse.nako3,"赤色に塗色設定。
[0, 0, 300, 300]に四角描画。

描画中キャンバスをマウス押した時には
　　白色に塗色設定。黒色に線色設定。
　　[マウスX, マウスY]へ20の円描画。
ここまで。","赤色に塗色設定。
[---, ---, ---, ---]に四角描画。

描画中キャンバスをマウス押した時には
　　白色に塗色設定。黒色に線色設定。
　　[マウスX, マウスY]へ--の円描画。
ここまで。","赤色に----。
[---, ---, ---, ---]に----。

描画中キャンバスを----------
　　白色に----。黒色に----。
　　[マウスX, マウスY]へ--の----。
----。","---------
--------------------

--------------------
　　---------------------
　　-----------------------
----------",0.10101010101010101,"難易度: 3
理由: 空欄率が10.1%と低く、問題文から容易に推測できる簡単な箇所が少ないため、上級レベルと判定されます。"
msg.nako3,"メッセージは「3割引です！」
メッセージを表示。","メッセージは「---------」
メッセージを表示。","メッセージは「---------」
メッセージを--。","---------------
----------",0.25,"難易度: 2
理由: 空欄率が25.0%であり、問題文から推測可能な箇所が標準的な割合で含まれているため、中級レベルと判定されます。"
msg2.nako3,"支払金額＝7000
メッセージは「支払金額は{支払金額}円です。」
メッセージを表示。","支払金額＝----
メッセージは「------------------」
メッセージを表示。","支払金額＝----
メッセージは「------------------」
メッセージを--。","-----------
--------------------------
----------",0.4418604651162791,"難易度: 1
理由: 空欄率が44.2%と高く、問題文などから容易に推測できる「簡単な穴埋め箇所」が多くを占めているため、初級レベルと判定されます。"
msg3.nako3,"支払金額＝3000
Sは「??支払金額は」＆支払金額＆「円です」
Sを表示。","支払金額＝----
Sは「-----------」＆支払金額＆「-----」
Sを表示。","支払金額＝----
Sは「-----------」＆支払金額＆「-----」
Sを--。","-----------
-----------------------------
-----",0.3684210526315789,"難易度: 2
理由: 空欄率が36.8%であり、問題文から推測可能な箇所が標準的な割合で含まれているため、中級レベルと判定されます。"
mugen_kazuate.nako3,"点数＝0
# ゲームを無限ループでずっと繰り返す --- (*1)
永遠の間繰り返す
　　答え＝2の乱数
　　「数当てゲーム。0か1を入力して」と尋ねて推測値に代入。
　　もし答えが推測値ならば
　　　　点数＝点数＋1
　　　　結果＝「当たり?」
　　違えば
　　　　結果＝「はずれ??」
　　ここまで。
　　# 結果表示と継続するか二択で質問 --- (*2)
　　「{結果}。点数は{点数}点。続けますか？」と二択。
　　もし、それがキャンセルならば、抜ける。# --- (*3)
ここまで。
「{点数}点で終わりました。」と言う。","点数＝---
# ゲームを無限ループでずっと繰り返す --- (*1)
永遠の間繰り返す
　　答え＝-の乱数
　　「--------------------」と尋ねて推測値に代入。
　　もし答えが推測値ならば
　　　　点数＝点数＋-
　　　　結果＝「----」
　　違えば
　　　　結果＝「-------」
　　ここまで。
　　# 結果表示と継続するか二択で質問 --- (*2)
　　「----------------------------」と二択。
　　もし、それがキャンセルならば、抜ける。# --- (*3)
ここまで。
「--------------------」と言う。","点数＝---

永遠の-----
　　答え＝-の--
　　「--------------------」と------推測値に--。
　　--答えが推測値---
　　　　点数＝点数＋-
　　　　結果＝「----」
　　----
　　　　結果＝「-------」
　　----。

　　「----------------------------」と--。
　　--、それがキャンセル---、---。
----。
「--------------------」と--。","-----

--------
　　---------
　　------------------------
　　-------------
　　　　-----------
　　　　-----------
　　----
　　　　-------------
　　----------
　　
　　--------------------------
　　-----------------------------
----------
--------------------------",0.2574626865671642,"難易度: 2
理由: 空欄率が25.7%であり、問題文から推測可能な箇所が標準的な割合で含まれているため、中級レベルと判定されます。"
muryo_hantei.nako3,"年齢＝4
もし、（年齢が6未満）または（年齢が65以上）ならば
　　「無料」と表示。
違えば
　　「有料」と表示。
ここまで。","年齢＝-
もし、（年齢が-未満）または（年齢が--以上）ならば
　　「----」と表示。
違えば
　　「----」と表示。
ここまで。","年齢＝-
--、（年齢が-未満)--(年齢が--以上）---
　　「----」と--。
----
　　「----」と--。
----。","-----
-----------------------------
　　----------
-----
　　----------
----------",0.12698412698412698,"難易度: 3
理由: 空欄率が12.7%と低く、問題文から容易に推測できる簡単な箇所が少ないため、上級レベルと判定されます。"
neko_hiyou.nako3,"# ネコの年間費用を指定 --- (*1)
エサ代＝4100×12
トイレ砂＝6000×2
保険＝2500×12
健康診断＝12000×1

# 費用を合計 --- (*2)
費用合計＝エサ代＋トイレ砂＋保険＋健康診断

# 結果を表示 --- (*3)
「毎年{費用合計}円必要です。」を表示。","# ネコの年間費用を指定 --- (*1)
エサ代＝----×--
トイレ砂＝----×-
保険＝----×--
健康診断＝-----×-

# 費用を合計 --- (*2)
費用合計＝エサ代＋トイレ砂＋保険＋健康診断

# 結果を表示 --- (*3)
「---------------」を表示。","エサ代＝----×--
トイレ砂＝----×-
保険＝----×--
健康診断＝-----×-

費用合計＝エサ代＋トイレ砂＋保険＋健康診断

「---------------」を--。","------------
------------
-----------
--------------


--------------------------


-----------------------",0.3108108108108108,"難易度: 2
理由: 空欄率が31.1%であり、問題文から推測可能な箇所が標準的な割合で含まれているため、中級レベルと判定されます。"
nenrei.nako3,"「生まれた年は？」と尋ねて生年に代入。
年齢は今年?生年。
「今年で満{年齢}才です」と表示。","「--------」と尋ねて生年に代入。
年齢は今年-生年。
「--------------」と表示。","「--------」と------生年に--。
年齢は今年-生年。
「--------------」と--。","------------------
-----------
-----------------",0.40425531914893614,"難易度: 1
理由: 空欄率が40.4%と高く、問題文などから容易に推測できる「簡単な穴埋め箇所」が多くを占めているため、初級レベルと判定されます。"
nissu.nako3,「{今年}/03/11」から「{今年}/07/01」までの日数差を表示。,「{今年}/--/--」から「{今年}/--/--」までの日数差を表示。,「{今年}/--/--」から「{今年}/--/--」までの日数差を--。,--------------------------------,0.2222222222222222,"難易度: 2
理由: 空欄率が22.2%であり、問題文から推測可能な箇所が標準的な割合で含まれているため、中級レベルと判定されます。"
nukeru.nako3,"Nを1から10まで繰り返す
　　「N={N}」を表示。
　　もし、N=3ならば抜ける。
ここまで。","Nを---から---まで繰り返す
　　「N={N}」を表示。
　　もし、N--3ならば抜ける。
ここまで。","Nを---から---まで----
　　「N={N}」を--。
　　--、N--3---、---。
----。","----------------
　　-----------
　　---------------
----------",0.08163265306122448,"難易度: 3
理由: 空欄率が8.2%と低く、問題文から容易に推測できる簡単な箇所が少ないため、上級レベルと判定されます。"
nyuenryo.nako3,"年齢＝「年齢は？」と尋ねる。

もし、年齢が3未満ならば
　　「0円」と表示。
違えば、もし(年齢が3以上)かつ(年齢が12未満)ならば
　　「300円」と表示。
違えば、もし(年齢が12以上)かつ(年齢が60未満)ならば
　　「600円」と表示。
違えば
　　「500円」と表示。
ここまで。","年齢＝「----」と尋ねる。

もし、年齢が-未満ならば
　　「---」と表示。
違えば、もし(年齢が-以上)かつ(年齢が--未満)ならば
　　「---」と表示。
違えば、もし(年齢が--以上)かつ(年齢が--未満)ならば
　　「---」と表示。
違えば
　　「---」と表示。
ここまで。","年齢＝「----」と---。

--、年齢が-------
　　「---」と--。
----、--(年齢が-----)--(年齢が-------)---
　　「---」と--。
----、--(年齢が-----)--(年齢が-------)---
　　「---」と--。
----
　　「---」と--。
----。","---------------

--------------
　　-----------
-------------------------------------
　　-------------
--------------------------------------
　　-------------
-----
　　-------------
----------",0.17687074829931973,"難易度: 2
理由: 空欄率が17.7%であり、問題文から推測可能な箇所が標準的な割合で含まれているため、中級レベルと判定されます。"
oekaki.nako3,"# 初期設定 --- (*1)
フラグはオフ。
ペンサイズ＝8。
消しゴムサイズ＝30。
円サイズ＝ペンサイズ
黒色に線色設定。黒色に塗色設定。

# ボタンなどを作成 --- (*2)
黒ボタン＝「黒ペン」のボタン作成。
赤ボタン＝「赤ペン」のボタン作成。
消ボタン＝「消しゴム」のボタン作成。
保存ボタン＝「保存」のボタン作成。

# ボタンの動作を定義 ---- (*3)
黒ボタンをクリックした時には
　　円サイズはペンサイズ。
　　黒色に塗色設定。黒色に線色設定。
ここまで。
赤ボタンをクリックした時には
　　円サイズはペンサイズ。
　　赤色に塗色設定。赤色に線色設定。
ここまで。
消ボタンをクリックした時には
　　円サイズは消しゴムサイズ。
　　白色に塗色設定。白色に線色設定。
ここまで。
保存ボタンをクリックした時には
　　描画ダウンロード。# --- (*4)
ここまで。

# マウスイベントの設定 --- (*5)
描画中キャンバスをマウス押した時には
　　フラグはオン。
ここまで。
描画中キャンバスをマウス離した時には
　　フラグはオフ。
ここまで。
描画中キャンバスをマウス移動した時には
　　もし、フラグがオフならば、戻る。# --- (*5a)
　　[マウスX,マウスY]に円サイズの円描画。# ---- (*6)
ここまで。","# 初期設定 --- (*1)
フラグはオフ。
ペンサイズ＝---。
消しゴムサイズ＝---。
円サイズ＝ペンサイズ
黒色に線色設定。黒色に塗色設定。

# ボタンなどを作成 --- (*2)
黒ボタン＝「---」のボタン作成。
赤ボタン＝「---」のボタン作成。
消ボタン＝「----」のボタン作成。
保存ボタン＝「--」のボタン作成。

# ボタンの動作を定義 ---- (*3)
----クリックした時には
　　円サイズはペンサイズ。
　　黒色に塗色設定。黒色に線色設定。
ここまで。
----クリックした時には
　　円サイズはペンサイズ。
　　赤色に塗色設定。赤色に線色設定。
ここまで。
---クリックした時には
　　円サイズは消しゴムサイズ。
　　白色に塗色設定。白色に線色設定。
ここまで。
----クリックした時には
　　描画ダウンロード。# --- (*4)
ここまで。

# マウスイベントの設定 --- (*5)
-------マウス押した時には
　　フラグはオン。
ここまで。
-------マウス離した時には
　　フラグはオフ。
ここまで。
-------マウス移動した時には
　　もし、フラグがオフならば、戻る。# --- (*5a)
　　[マウスX,マウスY]に円サイズの円描画。# ---- (*6)
ここまで。","フラグはオフ。
ペンサイズ＝---。
消しゴムサイズ＝---。
円サイズ＝ペンサイズ
黒色に----。黒色に----。

黒ボタン＝「---」のボタン--。
赤ボタン＝「---」のボタン--。
消ボタン＝「----」のボタン--。
保存ボタン＝「--」のボタン--。

------------------
　　円サイズはペンサイズ。
　　黒色に----。黒色に----。
----。
------------------
　　円サイズはペンサイズ。
　　赤色に----。赤色に----。
----。
-----------------
　　円サイズは消しゴムサイズ。
　　白色に----。白色に----。
----。
------------------
　　描画ダウンロード。
----。

---------------------
　　フラグはオン。
----。
---------------------
　　フラグはオフ。
----。
---------------------
　　--、フラグがオフならば、--。
　　[マウスX,マウスY]に円サイズの----。
----。","-----------
------------
----------------
--------------
---------------------------


--------------------------
--------------------------
---------------------------
-------------------------


-----------------------
　　--------------
　　-------------------------
----------
-----------------------
　　--------------
　　-------------------------
----------
-----------------------
　　----------------
　　-------------------------
----------
------------------------
　　------------
----------


-----------------------
　　----------
----------
-----------------------
　　-----------
----------
-----------------------
　　-------------------------
　　---------------------------
----------",0.14802065404475043,"難易度: 3
理由: 空欄率が14.8%と低く、問題文から容易に推測できる簡単な箇所が少ないため、上級レベルと判定されます。"
ofuro.nako3,"# 【擬似コード】
温度＝温度確認
温度が40未満の間繰り返す
　　「現在の温度は{温度}度」と表示。
　　追い焚き処理。
　　温度確認して温度に代入。
ここまで
ブザー鳴らす","# 【擬似コード】
温度＝温度確認
温度が-------の間繰り返す
　　「---------------」と表示。
　　追い焚き処理。
　　温度確認して温度に代入。
ここまで
ブザー鳴らす","温度＝温度確認
温度が-------
　　「---------------」と--。
　　追い焚き処理。
　　温度確認して温度に--。
----
ブザー鳴らす","-------
------------
　　-----------------
　　-------
　　-------------
-----
------",0.17045454545454544,"難易度: 2
理由: 空欄率が17.0%であり、問題文から推測可能な箇所が標準的な割合で含まれているため、中級レベルと判定されます。"
paint_kantan.nako3,"「#F0F0F0」に塗色設定。
[0, 0, 300, 300]に四角描画。

フラグ＝オフ。
描画中キャンバスをマウス押した時には # --- (*1)
　　フラグ＝オン。
ここまで。

描画中キャンバスをマウス離した時には # --- (*2)
　　フラグ＝オフ。
ここまで。

描画中キャンバスをマウス移動した時には # --- (*3)
　　もし、フラグがオンならば
　　　　赤色に塗色設定。黒色に線色設定。
　　　　[マウスX, マウスY]へ10の円描画。
　　ここまで。
ここまで。","「-------」に塗色設定。
[---, ---, ---, ---]に四角描画。

フラグ＝オフ。
-------マウス押した時には # --- (*1)
　　フラグ＝オン。
ここまで。

-------マウス離した時には # --- (*2)
　　フラグ＝オフ。
ここまで。

-------マウス移動した時には # --- (*3)
　　もし、フラグがオンならば
　　　　赤色に塗色設定。黒色に線色設定。
　　　　[マウスX, マウスY]へ---の円描画。
　　ここまで。
ここまで。","「-------」に----。
[---, ---, ---, ---]に----。

フラグ＝オフ。
----------------
　　フラグ＝オン。
----。

----------------
　　フラグ＝オフ。
----。

----------------
　　--、フラグがオン---
　　　　赤色に----。黒色に----。
　　　　[マウスX, マウスY]へ---の----。
　　----。
----。","---------------
--------------------

-----------
---------------------------
　　-----------
----------

---------------------------
　　------------
----------

---------------------------
　　--------------
　　　　------------------------
　　　　-----------------------
　　----------
----------",0.2145748987854251,"難易度: 2
理由: 空欄率が21.5%であり、問題文から推測可能な箇所が標準的な割合で含まれているため、中級レベルと判定されます。"
play_music.nako3,"# 音楽ファイルのURL
効果音URL=「https://n3s.nadesi.com/image.php?f=23.mp3」

# 音楽ファイルを再生する手順
効果音=効果音URLをオーディオ開く。# ---(*1)
効果音をオーディオ再生。 # --- (*2)","# 音楽ファイルのURL
効果音URL=「------------------------------------------」

# 音楽ファイルを再生する手順
効果音=効果音URLをオーディオ開く。# ---(*1)
効果音をオーディオ再生。 # --- (*2)","効果音URL=「------------------------------------------」

効果音=効果音URLを-------。
効果音を-------。","------------------------------------------------

----------------------
-------------",0.3533834586466165,"難易度: 2
理由: 空欄率が35.3%であり、問題文から推測可能な箇所が標準的な割合で含まれているため、中級レベルと判定されます。"
puzzle15.nako3,"データ＝[] # ブロックの値
DW=90 # ブロック幅
シャッフル回数＝0 # シャッフルの時利用する
画像URL=「https://n3s.nadesi.com/image.php?f=16.png」
初期化処理。

# マウスイベントの処理 --- (*1)
描画中キャンバスをマウス押した時には
　　Y=INT(マウスY÷DW)
　　X=INT(マウスX÷DW)
　　[Y,X]のブロック移動。
　　ステージ描画。
　　0.1秒後には
　　　　もし、クリア確認=OKならば、初期化処理。
　　ここまで。
ここまで

●初期化処理とは # --- (*2)
　　ブロック初期化して、番号シャッフル。
ここまで。

●ブロック初期化とは
　　データ＝[]
　　Yを0から3まで繰り返す
　　　　データ[Y] = []
　　　　Xを0から3まで繰り返す
　　　　　　データ[Y][X] = 1 + (Y × 4 + X)
　　　　ここまで。
　　ここまで。
　　データ[3][3] = 0 # 空きブロック
ここまで。

●(YXの)ブロック移動とは # --- (*3)
　　Y=YX[0]。X=YX[1]。
　　RY=-1。RX=-1。
　　上下左右＝[[-1,0],[1,0],[0,-1],[0,1]]
　　＃空白のブロック位置を探す
　　上下左右を反復
　　　　FY=対象[0] + Y。
　　　　FX=対象[1] + X。
　　　　もし((FY<0)または(FY>3))ならば、続ける。
　　　　もし((FX<0)または(FX>3))ならば、続ける。
　　　　V=データ[FY][FX]
　　　　もし、V=0ならば
　　　　　　RY=FY。RX=FX。抜ける。
　　　　ここまで
　　ここまで。
　　もし(RX=-1)ならば、オフで戻る。＃見つからなかった場合
　　# ブロックを入れ替える
　　TMP=データ[Y][X]
　　データ[Y][X]=データ[RY][RX]
　　データ[RY][RX]=TMP
　　それはオン。
ここまで

●番号シャッフルとは # --- (*4)
　　シャッフル回数に0を代入して、番号シャッフル実行。
ここまで。
●番号シャッフル実行とは
　　もし、シャッフル回数＞30ならば、戻る。# --- (*5)
　　オンの間
　　　　Y=4の乱数。X=4の乱数。
　　　　[Y,X]のブロック移動。
　　　　もし、それがオンならば、抜ける。
　　ここまで。
　　ステージ描画。
　　0.1秒後には
　　　　シャッフル回数＝シャッフル回数＋1
　　　　番号シャッフル実行。
　　ここまで。
ここまで

●クリア確認とは # --- (*6)
　　Yを0から3まで繰り返す
　　　　Xを0から3まで繰り返す
　　　　　　V=データ[Y][X]
　　　　　　もし、V=0ならば、続ける。
　　　　　　もし、V≠（Y×4+X+1）ならば、NGで戻る。
　　　　ここまで。
　　ここまで。
　　「ゲームクリア」と言う。
　　それはOK。
ここまで。

●ステージ描画とは
　　Yを0から3まで繰り返す
　　　　Xを0から3まで繰り返す
　　　　　　XとYにタイル描画。
　　　　ここまで。
　　ここまで。
ここまで。

●(XとYに)タイル描画とは
　　V=データ[Y][X] - 1
　　もし(V=-1)ならば、V=15。
　　SX=DW×(V%4)。SY=DW×INT(V÷4)
　　DX=DW×X。DY=DW×Y
　　画像URLの[SX,SY,DW,DW]を[DX,DY,DW,DW]へ画像部分描画。
ここまで。","データ＝[] # ブロックの値
DW=--- # ブロック幅
シャッフル回数＝--- # シャッフルの時利用する
画像URL=「----------------------------------------」
初期化処理。

# マウスイベントの処理 --- (*1)
-------マウス押した時には
　　Y=INT(マウスY÷DW)
　　X=INT(マウスX÷DW)
　　[Y,X]のブロック移動。
　　ステージ描画。
　　---秒後には
　　　　もし、クリア確認=OKならば、初期化処理。
　　ここまで。
ここまで

●初期化処理とは # --- (*2)
　　ブロック初期化して、番号シャッフル。
ここまで。

●ブロック初期化とは
　　データ＝[]
　　Yを---から---まで繰り返す
　　　　データ[Y] = []
　　　　Xを---から---まで繰り返す
　　　　　　データ[Y][X] = --- + (Y × --- + X)
　　　　ここまで。
　　ここまで。
　　データ[---][---] = --- # 空きブロック
ここまで。

●(---)ブロック移動とは # --- (*3)
　　Y=YX[---]。X=YX[---]。
　　RY=---。RX=---。
　　上下左右＝[[---,---],[---,---],[---,---],[---,---]]
　　＃空白のブロック位置を探す
　　上下左右を反復
　　　　FY=対象[---] + Y。
　　　　FX=対象[---] + X。
　　　　もし((FY<---)または(FY>---))ならば、続ける。
　　　　もし((FX<---)または(FX>---))ならば、続ける。
　　　　V=データ[FY][FX]
　　　　もし、V=---ならば
　　　　　　RY=FY。RX=FX。抜ける。
　　　　ここまで
　　ここまで。
　　もし(RX=---)ならば、オフで戻る。＃見つからなかった場合
　　# ブロックを入れ替える
　　TMP=データ[Y][X]
　　データ[Y][X]=データ[RY][RX]
　　データ[RY][RX]=TMP
　　それはオン。
ここまで

●番号シャッフルとは # --- (*4)
　　シャッフル回数に---を代入して、番号シャッフル実行。
ここまで。
●番号シャッフル実行とは
　　もし、シャッフル回数＞---ならば、戻る。# --- (*5)
　　オンの間
　　　　Y=---の乱数。X=---の乱数。
　　　　[Y,X]のブロック移動。
　　　　もし、それがオンならば、抜ける。
　　ここまで。
　　ステージ描画。
　　---秒後には
　　　　シャッフル回数＝シャッフル回数＋---
　　　　番号シャッフル実行。
　　ここまで。
ここまで

●クリア確認とは # --- (*6)
　　Yを---から---まで繰り返す
　　　　Xを---から---まで繰り返す
　　　　　　V=データ[Y][X]
　　　　　　もし、V=---ならば、続ける。
　　　　　　もし、V≠（Y×---+X+---）ならば、NGで戻る。
　　　　ここまで。
　　ここまで。
　　「------」と言う。
　　それはOK。
ここまで。

●ステージ描画とは
　　Yを---から---まで繰り返す
　　　　Xを---から---まで繰り返す
　　　　　　XとYにタイル描画。
　　　　ここまで。
　　ここまで。
ここまで。

●(------)タイル描画とは
　　V=データ[Y][X] - ---
　　もし(V=---)ならば、V=---。
　　SX=DW×(V%---)。SY=DW×INT(V÷---)
　　DX=DW×X。DY=DW×Y
　　画像URLの[SX,SY,DW,DW]を[DX,DY,DW,DW]へ画像部分描画。
ここまで。","データ＝[]
DW=---
シャッフル回数＝---
画像URL=「----------------------------------------」
初期化処理。

---------------------
　　Y=INT(マウスY÷DW)
　　X=INT(マウスX÷DW)
　　[Y,X]のブロック--。
　　ステージ--。
　　---秒後には
　　　　--、クリア確認=OK---、初期化処理。
　　----。
----

●初期化処理--
　　ブロック初期化して、番号シャッフル。
----。

●ブロック初期化--
　　データ＝[]
　　Yを---から---まで----
　　　　データ[Y] = []
　　　　Xを---から---まで----
　　　　　　データ[Y][X] = --- + (Y × --- + X)
　　　　----。
　　----。
　　データ[---][---] = ---
----。

●(---)ブロック移動--
　　Y=YX[---]。X=YX[---]。
　　RY=---。RX=---。
　　上下左右＝[[---,---],[---,---],[---,---],[---,---]]

　　上下左右を--
　　　　FY=対象[---] + Y。
　　　　FX=対象[---] + X。
　　　　--((FY<---)または(FY>---))---、---。
　　　　--((FX<---)または(FX>---))---、---。
　　　　V=データ[FY][FX]
　　　　--、V=---ならば
　　　　　　RY=FY。RX=FX。---。
　　　　----
　　----。
　　--(RX=---)---、オフで--。

　　TMP=データ[Y][X]
　　データ[Y][X]=データ[RY][RX]
　　データ[RY][RX]=TMP
　　それはオン。
----

●番号シャッフル--
　　シャッフル回数に---を----、番号シャッフル実行。
----。
●番号シャッフル実行--
　　--、シャッフル回数＞------、--。
　　オンの-
　　　　Y=---の--。X=---の--。
　　　　[Y,X]のブロック--。
　　　　--、それがオン---、---。
　　----。
　　ステージ--。
　　---秒後には
　　　　シャッフル回数＝シャッフル回数＋---
　　　　番号シャッフル実行。
　　----。
----

●クリア確認--
　　Yを---から---まで----
　　　　Xを---から---まで----
　　　　　　V=データ[Y][X]
　　　　　　--、V=------、---。
　　　　　　--、V≠（Y×---+X+---）---、NGで--。
　　　　----。
　　----。
　　「------」と--。
　　それはOK。
----。

●ステージ描画--
　　Yを---から---まで----
　　　　Xを---から---まで----
　　　　　　XとYにタイル--。
　　　　----。
　　----。
----。

●(------)タイル描画--
　　V=データ[Y][X] - ---
　　--(V=---)---、V=---。
　　SX=DW×(V%---)。SY=DW×INT(V÷---)
　　DX=DW×X。DY=DW×Y
　　画像URLの[SX,SY,DW,DW]を[DX,DY,DW,DW]へ画像部分--。
----。","------------
-----
-----------
--------------------------------------------
-------

-----------------------
　　---------------------
　　---------------------
　　------------
　　-------
　　---------
　　　　------------------------
　　----------
------

------------
　　------------------
----------

------------
　　-------
　　------------
　　　　-------------
　　　　------------
　　　　　　-------------------------
　　　　----------
　　----------
　　-----------------
----------

----------------
　　-----------------
　　------------
　　-------------------------------------
　　
　　---------
　　　　---------------
　　　　---------------
　　　　------------------------------
　　　　------------------------------
　　　　-------------
　　　　--、------
　　　　　　---------------------
　　　　----------
　　----------
　　--------------------------
　　
　　-------------
　　---------------------
　　-----------------
　　-------
----------

------------
　　--------------------------
----------
--------------
　　-----------------------
　　-----
　　　　-------------------
　　　　------------
　　　　--------------------
　　----------
　　-------
　　---------
　　　　--------------------
　　　　-----------
　　----------
----------

----------
　　------------
　　　　------------
　　　　　　-------------
　　　　　　---------------------
　　　　　　-----------------------------
　　　　----------
　　----------
　　------------
　　-------
----------

----------
　　------------
　　　　------------
　　　　　　------------
　　　　----------
　　----------
----------

-----------------
　　-------------------
　　-----------------------
　　-----------------------------------
　　--------------
　　-----------------------------------------
----------",0.09757694826457106,"難易度: 3
理由: 空欄率が9.8%と低く、問題文から容易に推測できる簡単な箇所が少ないため、上級レベルと判定されます。"
ransu.nako3,"サイコロ＝(6の乱数)＋1
サイコロを表示。","サイコロ＝(---の乱数)＋---
サイコロを表示。","サイコロ＝(---の--)＋---
サイコロを--。","------------------
----------",0.09090909090909091,"難易度: 3
理由: 空欄率が9.1%と低く、問題文から容易に推測できる簡単な箇所が少ないため、上級レベルと判定されます。"
renketu.nako3,"S=「いろはに」＆「ほへと」
Sを表示。","S=「----」＆「---」
Sを表示。","S=「----」＆「---」
Sを--。","-----------------
-----",0.35,"難易度: 2
理由: 空欄率が35.0%であり、問題文から推測可能な箇所が標準的な割合で含まれているため、中級レベルと判定されます。"
rgb_ironuri.nako3,"10に線太さ設定。
RGB(255,0,0)に塗色設定。
RGB(0,0,255)に線色設定。
[150,150]に130の円描画。","--に線太さ設定。
RGB(---,0,0)に塗色設定。
RGB(0,0,---)に線色設定。
[---,---]に---の円描画。","--に------。
RGB(---,0,0)に----。
RGB(0,0,---)に----。
[---,---]に---の----。","----------
-------------
-------------
----------------",0.25757575757575757,"難易度: 2
理由: 空欄率が25.8%であり、問題文から推測可能な箇所が標準的な割合で含まれているため、中級レベルと判定されます。"
sen_takusan.nako3,"Nを1から30まで繰り返す
　　# 座標を計算 --- (*1)
　　X=10×N
　　# 線を描画 --- (*2)
　　[X, 0]から[X,300]まで線描画。
ここまで。","Nを---から---まで繰り返す
　　# 座標を計算 --- (*1)
　　X=--×N
　　# 線を描画 --- (*2)
　　[X, 0]から[X,---]まで線描画。
ここまで。","Nを---から---まで----
　　X=--×N
　　[X, 0]から[X,---]まで---。
----。","------------------
　　----------
　　------
　　----------------------
----------",0.15730337078651685,"難易度: 2
理由: 空欄率が15.7%であり、問題文から推測可能な箇所が標準的な割合で含まれているため、中級レベルと判定されます。"
sinkeisuijaku_graphic.nako3,"# 初期設定 --- (*1)
画像URL=「https://n3s.nadesi.com/image.php?f=25.png」
W＝80 # カード画像1枚の幅
カード一覧＝[1,1,2,2,3,3,4,4]
カード一覧を配列シャッフル。
選択＝0。A=0。B=0。# 選んだカードを覚えておく変数
進行＝0。# ゲームの進行を管理する変数
ゲーム進行。
# マウスを押した時のイベントを設定 --- (*2)
描画中キャンバスをマウス押した時には
　　選択＝INT(マウスX÷W）＋1
　　ゲーム進行。
ここまで。

●ゲーム進行とは # --- (*3)
　　もし、進行が0ならば # --- (*4)
　　　　「1つ目の箱を選んでください！」と情報表示。
　　　　A=0。B=0。進行＝1。
　　　　0と0のカード描画。
　　違えば、もし、進行が1ならば # --- (*5)
　　　　「2つ目の箱を選んでください！」と情報表示。
　　　　A=選択。進行＝2。
　　　　Aと0のカード描画。
　　違えば、もし、進行が2ならば # --- (*6)
　　　　もし、A=選択ならば、戻る。
　　　　B=選択。
　　　　AとBのカード描画。
　　　　進行＝3
　　　　カード正誤判定。
　　違えば、もし、進行が3ならば # --- (*7)
　　　　進行＝0
　　　　ゲーム進行。
　　ここまで。
ここまで。

●カード正誤判定とは # --- (*8)
　　もし(カード一覧[A-1]=カード一覧[B-1])ならば
　　　　「当たり！（ここをクリック）」と情報表示。
　　　　カード一覧[A-1]=0
　　　　カード一覧[B-1]=0
　　　　もし((カード一覧の配列合計)=0)ならば # --- (*9)
　　　　　　「ゲームクリア」と情報表示。
　　　　　　カード一覧＝[1,1,2,2,3,3,4,4]
　　　　　　カード一覧を配列シャッフル。
　　　　ここまで。
　　違えば
　　　　「ハズレ（ここをクリック）」と情報表示。
　　ここまで。
ここまで。

●(Sと)情報表示とは # --- (*10)
　　[0,80,640,80]の描画クリア。
　　20に描画フォント設定。
　　[10,110]にSを文字描画。
ここまで。

●(AとBの)カード描画とは # --- (*11)
　　Nを0から7まで繰り返す
　　　　C=5 # 箱の絵
　　　　もし(N=(A-1))または(N=(B-1))ならば
　　　　　　C=カード一覧[N] # カードの絵柄
　　　　違えば、もし、カード一覧[N]=0ならば
　　　　　　C=0 # クリア画像
　　　　ここまで。
　　　　# 指定画像の描画
　　　　画像領域＝[C×W,0,W,W]
　　　　描画領域＝[N×W,0,W,W]
　　　　画像URLの画像領域を描画領域へ画像部分描画。
　　ここまで。
ここまで。","# 初期設定 --- (*1)
画像URL=「----------------------------------------」
W＝-- # カード画像1枚の幅
カード一覧＝[---,---,---,---,---,---,---,---]
カード一覧を配列シャッフル。
選択＝---。A=---。B=---。# 選んだカードを覚えておく変数
進行＝---。# ゲームの進行を管理する変数
ゲーム進行。
# マウスを押した時のイベントを設定 --- (*2)
-------マウス押した時には
　　選択＝INT(マウスX÷W）＋-
　　ゲーム進行。
ここまで。

●ゲーム進行とは # --- (*3)
　　もし、進行が---ならば # --- (*4)
　　　　「--------------------」と情報表示。
　　　　A=---。B=---。進行＝-。
　　　　-と-のカード描画。
　　違えば、もし、進行が-ならば # --- (*5)
　　　　「--------------------」と情報表示。
　　　　A=選択。進行＝-。
　　　　Aと-のカード描画。
　　違えば、もし、進行が-ならば # --- (*6)
　　　　もし、A=選択ならば、戻る。
　　　　B=選択。
　　　　AとBのカード描画。
　　　　進行＝-
　　　　カード正誤判定。
　　違えば、もし、進行が-ならば # --- (*7)
　　　　進行＝---
　　　　ゲーム進行。
　　ここまで。
ここまで。

●カード正誤判定とは # --- (*8)
　　もし(カード一覧[A--]=カード一覧[B--])ならば
　　　　「------------------」と情報表示。
　　　　カード一覧[A--]=---
　　　　カード一覧[B--]=---
　　　　もし((カード一覧の配列合計)=---)ならば # --- (*9)
　　　　　　「------」と情報表示。
　　　　　　カード一覧＝[---,---,---,---,---,---,---,---]
　　　　　　カード一覧を配列シャッフル。
　　　　ここまで。
　　違えば
　　　　「----------------」と情報表示。
　　ここまで。
ここまで。

●(---)情報表示とは # --- (*10)
　　[---,---,---,---]の描画クリア。
　　--に描画フォント設定。
　　[---,---]にSを文字描画。
ここまで。

●(----)カード描画とは # --- (*11)
　　Nを---から---まで繰り返す
　　　　C=--- # 箱の絵
　　　　もし(N=(A--))または(N=(B--))ならば
　　　　　　C=カード一覧[N] # カードの絵柄
　　　　違えば、もし、カード一覧[N]=---ならば
　　　　　　C=--- # クリア画像
　　　　ここまで。
　　　　# 指定画像の描画
　　　　画像領域＝[C×W,---,W,W]
　　　　描画領域＝[N×W,---,W,W]
　　　　画像URLの画像領域を描画領域へ画像部分描画。
　　ここまで。
ここまで。","画像URL=「----------------------------------------」
W＝--
カード一覧＝[---,---,---,---,---,---,---,---]
カード一覧を-------。
選択＝---。A=---。B=---。
進行＝---。
ゲーム進行。

---------------------
　　選択＝INT(マウスX÷W）＋-
　　ゲーム進行。
----。

●ゲーム進行--
　　--、進行が---ならば
　　　　「--------------------」と----。
　　　　A=---。B=---。進行＝-。
　　　　-と-のカード--。
　　----、--、進行が-ならば
　　　　「--------------------」と----。
　　　　A=選択。進行＝-。
　　　　Aと-のカード--。
　　----、--、進行が-ならば
　　　　--、A=選択ならば、--。
　　　　B=選択。
　　　　AとBのカード--。
　　　　進行＝-
　　　　カード正誤判定。
　　----、--、進行が-ならば
　　　　進行＝---
　　　　ゲーム進行。
　　----。
----。

●カード正誤判定--
　　--(カード一覧[A--]=カード一覧[B--])---
　　　　「------------------」と----。
　　　　カード一覧[A--]=---
　　　　カード一覧[B--]=---
　　　　--((カード一覧の配列合計)=---)---
　　　　　　「------」と----。
　　　　　　カード一覧＝[---,---,---,---,---,---,---,---]
　　　　　　カード一覧を-------。
　　　　----。
　　----
　　　　「----------------」と----。
　　----。
----。

●(---)情報表示--
　　[---,---,---,---]の------。
　　--に--------。
　　[---,---]にSを----。
----。

●(----)カード描画--
　　Nを---から---まで----
　　　　C=---
　　　　--(N=(A--))または(N=(B--))---
　　　　　　C=カード一覧[N]
　　　　----、--、カード一覧[N]=------
　　　　　　C=---
　　　　----。

　　　　画像領域＝[C×W,---,W,W]
　　　　描画領域＝[N×W,---,W,W]
　　　　画像URLの画像領域を描画領域へ------。
　　----。
----。","------------------------------------------------------
----------
-------------------------------------
-------------
---------------------------
-----------
------

-----------------------
　　-------------------
　　------
----------

----------
　　------------
　　　　---------------------------
　　　　---------------------
　　　　------------
　　------------
　　　　---------------------------
　　　　-----------
　　　　----------
　　------------
　　　　--------------
　　　　----
　　　　---------
　　　　-----
　　　　-------
　　------------
　　　　----
　　　　------
　　----------
----------

-----------
　　-------------------------------
　　　　-------------------------
　　　　---------------
　　　　---------------
　　　　---------------------
　　　　　　----------------
　　　　　　-------------------------------------
　　　　　　-------------
　　　　----------
　　-----
　　　　-----------------------
　　----------
----------

-----------
　　--------------------
　　------------
　　----------------
----------

-----------
　　------------
　　　　-----
　　　　---------------------------
　　　　　　--------------
　　　　--------------
　　　　　　-----
　　　　----------
　　　　
　　　　--------------------
　　　　--------------------
　　　　-------------------------
　　----------
----------",0.17865804365400162,"難易度: 2
理由: 空欄率が17.9%であり、問題文から推測可能な箇所が標準的な割合で含まれているため、中級レベルと判定されます。"
sinkeisuijaku_tazuneru.nako3,"# カード一覧を初期化 --- (*1)
カード一覧＝[1,1,2,2,3,3,4,4]
カード一覧を配列シャッフル。

# ゲーム開始 --- (*2)
永遠の間繰り返す
　　# 1枚目のカードを選んでもらう --- (*3)
　　「[1枚目]1?8の何番をめくる？{0と0でカード表示}」と尋ねてAに代入。
　　# 2枚目のカードを選んでもらう --- (*4)
　　「[2枚目]1-8の何番をめくる？{Aと0でカード表示}」と尋ねてBに代入。
　　もし、(A=空)かつ(B=空)ならば、抜ける。
　　もし、(A=B)または(A=空)または(B=空)ならば、続ける。# 入力間違い
　　# 正誤判定 --- (*5)
　　もし(カード一覧[A-1]＝カード一覧[B-1])ならば
　　　　「?正解！{AとBでカード表示}」と言う。
　　　　カード一覧[A-1]＝0
　　　　カード一覧[B-1]＝0
　　　　もし、（カード一覧の配列合計）＝0ならば # --- (*6)
　　　　　　「ゲームクリア！」と言う。抜ける。
　　　　ここまで。
　　違えば
　　　　「??残念。{AとBでカード表示}」と言う。
　　ここまで。
ここまで。

●（AとBで）カード表示とは # --- (*7)
　　机=[]
　　Nを0から7まで繰り返す
　　　　C=「■」
　　　　もし((N=(A-1))または(N=(B-1)))ならば # 指定場所
　　　　　　C=「[{カード一覧[N]}]」
　　　　違えば、もし(カード一覧[N]=0)ならば # 既に当てた場所
　　　　　　C=「??」
　　　　ここまで。
　　　　机にCを配列追加。
　　ここまで。
　　それは、改行&(机を「-」で配列結合)。
ここまで。","# カード一覧を初期化 --- (*1)
カード一覧＝[---,---,---,---,---,---,---,---]
カード一覧を配列シャッフル。

# ゲーム開始 --- (*2)
永遠の間繰り返す
　　# 1枚目のカードを選んでもらう --- (*3)
　　「------------------------------」と尋ねてAに代入。
　　# 2枚目のカードを選んでもらう --- (*4)
　　「------------------------------」と尋ねてBに代入。
　　もし、(A=空)かつ(B=空)ならば、抜ける。
　　もし、(A=B)または(A=空)または(B=空)ならば、続ける。# 入力間違い
　　# 正誤判定 --- (*5)
　　もし(カード一覧[A--]＝カード一覧[B--])ならば
　　　　「--------------------」と言う。
　　　　カード一覧[A--]＝---
　　　　カード一覧[B--]＝---
　　　　もし、（カード一覧の配列合計）＝---ならば # --- (*6)
　　　　　　「--------」と言う。抜ける。
　　　　ここまで。
　　違えば
　　　　「------------------」と言う。
　　ここまで。
ここまで。

●（-----）カード表示とは # --- (*7)
　　机=[]
　　Nを---から---まで繰り返す
　　　　C=「-」
　　　　もし((N=(A--))または(N=(B--)))ならば # 指定場所
　　　　　　C=「-----------------」
　　　　違えば、もし(カード一覧[N]=---)ならば # 既に当てた場所
　　　　　　C=「--」
　　　　ここまで。
　　　　机にCを配列追加。
　　ここまで。
　　それは、改行&(机を「-」で配列結合)。
ここまで。","カード一覧＝[---,---,---,---,---,---,---,---]
カード一覧を-------。

永遠の-----
　　「------------------------------」と------Aに--。
　　「------------------------------」と------Bに--。
　　--、(A=空)かつ(B=空)---、---。
　　--、(A=B)または(A=空)または(B=空)---、---。

　　--(カード一覧[A--]＝カード一覧[B--])---
　　　　「--------------------」と--。
　　　　カード一覧[A--]＝---
　　　　カード一覧[B--]＝---
　　　　--、（カード一覧の配列合計）＝------
　　　　　　「--------」と--。---。
　　　　----。
　　----
　　　　「------------------」と--。
　　----。
----。

●（-----）カード表示--
　　机=[]
　　Nを---から---まで----
　　　　C=「-」
　　　　--((N=(A--))または(N=(B--)))---
　　　　　　C=「-----------------」
　　　　----、--(カード一覧[N]=---)---
　　　　　　C=「--」
　　　　----。
　　　　机にCを----。
　　----。
　　それは、改行&(机を「-」で-------)。
----。","-------------------------------------
-------------


--------
　　
　　-----------------------------------------
　　
　　-----------------------------------------
　　---------------------------
　　---------------------------------------
　　
　　----------------------------------
　　　　--------------------------
　　　　--------------
　　　　--------------
　　　　-----------------------
　　　　　　---------------------
　　　　----------
　　-----
　　　　------------------------
　　----------
----------

----------------
　　-----
　　------------
　　　　-------
　　　　-----------------------------
　　　　　　-------------------
　　　　------------------------
　　　　　　-------
　　　　----------
　　　　-----------
　　----------
　　-----------------------
----------",0.212,"難易度: 2
理由: 空欄率が21.2%であり、問題文から推測可能な箇所が標準的な割合で含まれているため、中級レベルと判定されます。"
sinkeisuijaku_tazuneru_nankaime.nako3,"# カード一覧を初期化 --- (*1)
カード一覧＝[1,1,2,2,3,3]
カード一覧を配列シャッフル。
入力回数＝1

# ゲーム開始 --- (*2)
永遠の間繰り返す
　　# 1枚目のカードを選んでもらう --- (*3)
　　「{0と0で机表示}1?6の何番をめくる？」と尋ねてAに代入。
　　もし、Aが空ならば抜ける。
　　# 2枚目のカードを選んでもらう --- (*4)
　　「{Aと0で机表示}同じカードは1-6の何番目？」と尋ねてBに代入。
　　もし、Bが空ならば抜ける。
　　もし、A=Bならば # --- 入力間違いのとき
　　　　「同じ位置のカードは引けません。」と言う。
　　　　入力回数＝入力回数＋1。続ける。
　　ここまで。
　　もし(カード一覧[A-1]＝カード一覧[B-1])ならば # --- (*5)
　　　　「{AとBで机表示}?正解！」と言う。
　　　　カード一覧[A-1]＝0
　　　　カード一覧[B-1]＝0
　　　　もし、（カード一覧の配列合計）＝0ならば # --- (*6)
　　　　　　「{入力回数}回目でゲームクリア！」と言う。抜ける。
　　　　ここまで。
　　違えば
　　　　「{AとBで机表示}??残念でした」と言う。
　　ここまで。
　　入力回数＝入力回数＋1
ここまで。

●（AとBで）机表示とは # --- (*7)
　　机=[]
　　Nを0から5まで繰り返す
　　　　もし、カード一覧[N]が0ならば # 既に当てた場所
　　　　　　机に「??」を配列追加。
　　　　違えば、もし((N=(A-1))または(N=(B-1)))ならば # 指定場所
　　　　　　机に「[{カード一覧[N]}]」を配列追加。
　　　　違えば
　　　　　　机に「■」を配列追加。# 開けてないところ
　　　　ここまで。
　　ここまで。
　　それは「{入力回数}回目:」&改行&(机を「-」で配列結合)&改行。
ここまで。","# カード一覧を初期化 --- (*1)
カード一覧＝[---,---,---,---,---,---]
カード一覧を配列シャッフル。
入力回数＝---

# ゲーム開始 --- (*2)
永遠の間繰り返す
　　# 1枚目のカードを選んでもらう --- (*3)
　　「--------------------」と尋ねてAに代入。
　　もし、Aが空ならば抜ける。
　　# 2枚目のカードを選んでもらう --- (*4)
　　「-------------------------」と尋ねてBに代入。
　　もし、Bが空ならば抜ける。
　　もし、A=Bならば # --- 入力間違いのとき
　　　　「--------------------------」と言う。
　　　　入力回数＝入力回数＋---。続ける。
　　ここまで。
　　もし(カード一覧[A--]＝カード一覧[B--])ならば # --- (*5)
　　　　「--------------------」と言う。
　　　　カード一覧[A--]＝---
　　　　カード一覧[B--]＝---
　　　　もし、（カード一覧の配列合計）＝---ならば # --- (*6)
　　　　　　「-----------------------------」と言う。抜ける。
　　　　ここまで。
　　違えば
　　　　「----------------------」と言う。
　　ここまで。
　　入力回数＝入力回数＋---
ここまで。

●（-----）机表示とは # --- (*7)
　　机=[]
　　Nを---から---まで繰り返す
　　　　もし、カード一覧[N]が---ならば # 既に当てた場所
　　　　　　机に「--」を配列追加。
　　　　違えば、もし((N=(A--))または(N=(B--)))ならば # 指定場所
　　　　　　机に「-----------------」を配列追加。
　　　　違えば
　　　　　　机に「-」を配列追加。# 開けてないところ
　　　　ここまで。
　　ここまで。
　　それは「----------------」&改行&(机を「-」で配列結合)&改行。
ここまで。","カード一覧＝[---,---,---,---,---,---]
カード一覧を-------。
入力回数＝---

永遠の-----
　　「--------------------」と------Aに--。
　　--、Aが空---、---。
　　「-------------------------」と------Bに--。
　　--、Bが空---、---。
　　--、A=B---
　　　　「--------------------------」と--。
　　　　入力回数＝入力回数＋---。---。
　　----。
　　--(カード一覧[A--]＝カード一覧[B--])---
　　　　「--------------------」と--。
　　　　カード一覧[A--]＝---
　　　　カード一覧[B--]＝---
　　　　--、（カード一覧の配列合計）＝------
　　　　　　「-----------------------------」と--。---。
　　　　----。
　　----
　　　　「----------------------」と--。
　　----。
　　入力回数＝入力回数＋---
----。

●（-----）机表示--
　　机=[]
　　Nを---から---まで----
　　　　--、カード一覧[N]が------
　　　　　　机に「--」を----。
　　　　----、--((N=(A--))または(N=(B--)))---
　　　　　　机に「-----------------」を----。
　　　　----
　　　　　　机に「-」を----。
　　　　----。
　　----。
　　それは「----------------」&改行&(机を「-」で-------)&改行。
----。","-----------------------------
-------------
-------


--------
　　
　　-------------------------------
　　---------------
　　
　　------------------------------------
　　---------------
　　------------
　　　　--------------------------
　　　　---------------------
　　----------
　　----------------------------------
　　　　--------------------------
　　　　--------------
　　　　--------------
　　　　-----------------------
　　　　　　-----------------------------------------
　　　　----------
　　-----
　　　　----------------------------
　　----------
　　-------------
----------

--------------
　　-----
　　------------
　　　　---------------------
　　　　　　---------------
　　　　---------------------------------------
　　　　　　-------------------------
　　　　-----
　　　　　　--------------
　　　　----------
　　----------
　　------------------------------------------
----------",0.21863799283154123,"難易度: 2
理由: 空欄率が21.9%であり、問題文から推測可能な箇所が標準的な割合で含まれているため、中級レベルと判定されます。"
star.nako3,"W=100
N=5
カメ作成。
90だけカメ右回転。
N回
　　Wだけカメ進む
　　(360÷N)だけカメ左回転
　　Wだけカメ進む
　　(360÷N×2)だけカメ右回転
ここまで。","W=---
N=---
カメ作成。
---だけカメ右回転。
N回
　　Wだけカメ進む
　　(---÷N)だけカメ左回転
　　Wだけカメ進む
　　(---÷N×---)だけカメ右回転
ここまで。","W=---
N=---
カメ--。
---だけカメ---。
N回
　　Wだけカメ--
　　(---÷N)だけカメ---
　　Wだけカメ--
　　(---÷N×---)だけカメ---
----。","-----
---
----------
-----------
--
　　---------
　　----------------
　　---------
　　------------------
----------",0.14285714285714285,"難易度: 3
理由: 空欄率が14.3%と低く、問題文から容易に推測できる簡単な箇所が少ないため、上級レベルと判定されます。"
story.nako3,"# 名前を尋ねる --- (*1)
「主人公の名前は？」と尋ねて主人公に代入。
# 物語に名前を埋め込んで表示 --- (*2)
「??これは平凡な役人だった{主人公}??の物語。
・ある日、{主人公}??は旅に出てプログラミングを習得した。
・旅を終えて宮廷に戻ると王女様??から求婚された。
・{主人公}は幸せな生活を送った。」と表示。","# 名前を尋ねる --- (*1)
「----------」と尋ねて主人公に代入。
# 物語に名前を埋め込んで表示 --- (*2)
「----------------------------------------
------------------------------
--------------------------
------------------------」と表示。","「----------」と------主人公に--。

「----------------------------------------
------------------------------
--------------------------
------------------------」と--。","-------------------------

--------------------------
------------------------------
--------------------------
--------------------------",0.6470588235294118,"難易度: 1
理由: 空欄率が64.7%と高く、問題文などから容易に推測できる「簡単な穴埋め箇所」が多くを占めているため、初級レベルと判定されます。"
syouhi_graph.nako3,"# 消費支出のCSVファイルのURL --- (*1)
データURL=「https://n3s.nadesi.com/image.php?f=21.csv」

# Ajaxでデータを取得 --- (*2)
データURLからAJAX受信した時には
　　# グラフを描画 --- (*3)
　　対象をCSV取得して線グラフ描画。
ここまで。","# 消費支出のCSVファイルのURL --- (*1)
データURL=「------------------------------------------」

# Ajaxでデータを取得 --- (*2)
-------AJAX受信した時には
　　# グラフを描画 --- (*3)
　　対象をCSV取得して線グラフ描画。
ここまで。","データURL=「------------------------------------------」

-----------------
　　対象をCSV--して線グラフ--。
----。","------------------------------------------------

----------------
　　
　　-----------------
----------",0.34523809523809523,"難易度: 2
理由: 空欄率が34.5%であり、問題文から推測可能な箇所が標準的な割合で含まれているため、中級レベルと判定されます。"
tasizan.nako3,300に120を足して表示,---に---を足して表示,---に---を足して--,-------------,0.46153846153846156,"難易度: 1
理由: 空欄率が46.2%と高く、問題文などから容易に推測できる「簡単な穴埋め箇所」が多くを占めているため、初級レベルと判定されます。"
tazuneru.nako3,"「お名前は？」と尋ねて名前に代入。
「こんにちは、{名前}さん！」と言う。","「-------」と尋ねて名前に代入。
「--------------------」と言う。","「-------」と------名前に--。
「--------------------」と--。","-----------------
---------------------",0.4864864864864865,"難易度: 1
理由: 空欄率が48.6%と高く、問題文などから容易に推測できる「簡単な穴埋め箇所」が多くを占めているため、初級レベルと判定されます。"
tenki.nako3,"# 天気APIのURLを指定 --- (*1)
APIは「https://api.aoikujira.com/tenki/week.php?fmt=json」

# AjaxでAPIにアクセス --- (*2)
APIからAJAX受信した時には
　　# JSONデータをなでしこのデータに変換 --- (*3)
　　対象をJSONデコードして都市別天気辞書に代入。
　　# 辞書型変数からキー「東京」の値を取得 --- (*4)
　　予報一覧＝都市別天気辞書＠「東京」
　　# 配列の値を一つずつ取り出す --- (*5)
　　予報一覧を反復
　　　　# データに含まれる日付と予報を取り出す --- (*6)
　　　　日付＝対象@「date」
　　　　予報＝対象＠「forecast」
　　　　「{日付} - {予報}」を表示。
　　ここまで。
ここまで。","# 天気APIのURLを指定 --- (*1)
APIは「---------------------------------------------------」

# AjaxでAPIにアクセス --- (*2)
-------AJAX受信した時には
　　# JSONデータをなでしこのデータに変換 --- (*3)
　　対象をJSONデコードして都市別天気辞書に代入。
　　# 辞書型変数からキー「東京」の値を取得 --- (*4)
　　予報一覧＝都市別天気辞書＠「--」
　　# 配列の値を一つずつ取り出す --- (*5)
　　予報一覧を反復
　　　　# データに含まれる日付と予報を取り出す --- (*6)
　　　　日付＝対象@「----」
　　　　予報＝対象＠「--------」
　　　　「-------------」を表示。
　　ここまで。
ここまで。","APIは「---------------------------------------------------」

-----------------
　　対象をJSONデコードして都市別天気辞書に--。
　　予報一覧＝都市別天気辞書＠「--」
　　予報一覧を--
　　　　日付＝対象@「----」
　　　　予報＝対象＠「--------」
　　　　「-------------」を--。
　　----。
----。","------------------------------------------------------


---------------------
　　
　　-----------------------
　　
　　------------------
　　
　　-------
　　　　
　　　　-------------
　　　　-----------------
　　　　-----------------
　　----------
----------",0.2559366754617414,"難易度: 2
理由: 空欄率が25.6%であり、問題文から推測可能な箇所が標準的な割合で含まれているため、中級レベルと判定されます。"
timer.nako3,"# 1秒毎に関数を実行するように指定
「時計表示処理」を1秒毎。

●時計表示処理とは
　　今を表示。
ここまで。","# 1秒毎に関数を実行するように指定
「------」を-秒毎。

●時計表示処理とは
　　今を表示。
ここまで。","「------」を-秒毎。

●時計表示処理--
　　今を--。
----。","-----------------

---------
　　------
----------",0.12280701754385964,"難易度: 3
理由: 空欄率が12.3%と低く、問題文から容易に推測できる簡単な箇所が少ないため、上級レベルと判定されます。"
todo.nako3,"# 変数の初期化 --- (*1)
TODOは[]
保存キーは「最小TODO」
タイトルは「
─────────────────────────────
?? 最小TODO
─────────────────────────────
すべきことを入力してください（キャンセルで終了）
--- 以下TODO一覧 ---
」

# 以前保存したデータがあれば読み込む --- (*2)
もし、保存キーが存在するならば
　　保存キーを読んで、TODOに代入。
ここまで。

# キャンセルが押されるまで永遠に繰り返す --- (*3)
永遠の間繰り返す
　　TODOを改行で配列結合してSに代入。# --- (*4)
　　「{タイトル}{S}」と尋ねる。
　　もし、それが「」ならば、抜ける。
　　TODOにそれを配列追加。# --- (*5)
　　TODOを保存キーに保存。# --- (*6)
ここまで。","# 変数の初期化 --- (*1)
TODOは[]
保存キーは「------」
タイトルは「
-----------------------------
--------
-----------------------------
-------------------------
--------------
」

# 以前保存したデータがあれば読み込む --- (*2)
もし、保存キーが存在するならば
　　保存キーを読んで、TODOに代入。
ここまで。

# キャンセルが押されるまで永遠に繰り返す --- (*3)
永遠の間繰り返す
　　TODOを改行で配列結合してSに代入。# --- (*4)
　　「-----------」と尋ねる。
　　もし、それが「」ならば、抜ける。
　　TODOにそれを配列追加。# --- (*5)
　　TODOを保存キーに保存。# --- (*6)
ここまで。","TODOは[]
保存キーは「------」
タイトルは「
-----------------------------
--------
-----------------------------
-------------------------
--------------
」

--、保存キーが存在する---
　　保存キーを---、TODOに--。
----。

永遠の-----
　　TODOを改行で-------Sに--。
　　「-----------」と---。
　　--、それが「」---、---。
　　TODOにそれを----。
　　TODOを保存キーに--。
----。","--------
-----------
------
-----------------------------
--------
-----------------------------
-------------------------
--------------
-


----------------
　　---------------------
----------


----------------
--------
　　--------------------------
　　---------------
　　--------------------
　　----------------
　　--------------
----------",0.3491271820448878,"難易度: 2
理由: 空欄率が34.9%であり、問題文から推測可能な箇所が標準的な割合で含まれているため、中級レベルと判定されます。"
todo_v2.nako3,"# 変数の初期化 --- (*1)
TODOは[]
保存キーは「最小TODO」
タイトルは「
─────────────────────────────
?? 最小TODO v2
─────────────────────────────
すべきことを入力してください（キャンセルで終了）
数字を入力するとTODOを削除します。
--- 以下TODO一覧 ---
」

# 以前保存したデータがあれば読み込む --- (*2)
もし、保存キーが存在するならば
　　保存キーを読んで、TODOに代入。
ここまで。

# キャンセルが押されるまで永遠に繰り返す
永遠の間繰り返す
　　# 表示内容を作成する --- (*3)
　　TODO項目列挙してTODO一覧に代入。
　　「{タイトル}{TODO一覧}」を尋ねてVに代入。
　　もし、Vが空ならば、抜ける。
　　# 追加か削除か判定(数列なら削除) --- (*4)
　　もし((Vを数列判定)＝はい)ならば
　　　　TODOのVを配列削除。
　　違えば
　　　　TODOにVを配列追加。
　　ここまで。
　　TODOを保存キーに保存。# --- (*5)
ここまで。

●TODO項目列挙とは # --- (*6)
　　S=「」
　　TODOを反復
　　　　S=S&「?? {対象キー}: {対象}{改行}」
　　ここまで。
　　それはS
ここまで。","# 変数の初期化 --- (*1)
TODOは[]
保存キーは「------」
タイトルは「
-----------------------------
-----------
-----------------------------
-------------------------
--------------------
--------------
」

# 以前保存したデータがあれば読み込む --- (*2)
もし、保存キーが存在するならば
　　保存キーを読んで、TODOに代入。
ここまで。

# キャンセルが押されるまで永遠に繰り返す
永遠の間繰り返す
　　# 表示内容を作成する --- (*3)
　　TODO項目列挙してTODO一覧に代入。
　　「-----------」を尋ねてVに代入。
　　もし、Vが空ならば、抜ける。
　　# 追加か削除か判定(数列なら削除) --- (*4)
　　もし((Vを数列判定)＝--)ならば
　　　　TODOのVを配列削除。
　　違えば
　　　　TODOにVを配列追加。
　　ここまで。
　　TODOを保存キーに保存。# --- (*5)
ここまで。

●TODO項目列挙とは # --- (*6)
　　S=「」
　　TODOを反復
　　　　S=S&「---------------------」
　　ここまで。
　　それはS
ここまで。","TODOは[]
保存キーは「------」
タイトルは「
-----------------------------
-----------
-----------------------------
-------------------------
--------------------
--------------
」

--、保存キーが存在する---
　　保存キーを---、TODOに--。
----。

永遠の-----
　　TODO項目列挙してTODO一覧に--。
　　「-----------」を------Vに--。
　　--、Vが空---、---。
　　--((Vを数列判定)＝--)---
　　　　TODOのVを----。
　　----
　　　　TODOにVを----。
　　----。
　　TODOを保存キーに--。
----。

●TODO項目列挙--
　　S=「」
　　TODOを--
　　　　S=S&「---------------------」
　　----。
　　それはS
----。","--------
-----------
------
-----------------------------
-----------
-----------------------------
-------------------------
--------------------
--------------
-


----------------
　　---------------------
----------


----------------
　　
　　--------------------
　　----------------------
　　----------------
　　
　　-----------------------
　　　　-------------
　　----
　　　　-------------
　　----------
　　--------------
----------

--------------
　　-----
　　-------
　　　　-------------------------
　　----------
　　----
----------",0.31281198003327787,"難易度: 2
理由: 空欄率が31.3%であり、問題文から推測可能な箇所が標準的な割合で含まれているため、中級レベルと判定されます。"
tokei_anarogu.nako3,"# 時計の描画サイズなどを指定
CX=150 # 中心点のX座標
CY=150 # 中心点のY座標
余白=5 # 左上マージン
「時計描画」を1秒毎。# --- (*1)

●時計描画とは
　　時計盤描画。
　　# 現在時刻を得る --- (*2)
　　変数[時,分,秒]＝（今を「:」で区切る）
　　# 角度計算 --- (*3)
　　時角度＝(時%12)÷12×360＋(分÷60)×30
　　分角度＝分÷60×360
　　秒角度＝秒÷60×360
　　# 針を描画 --- (*4)
　　黒色の15を(CX×0.5)と時角度で針描画。
　　青色の10を(CX×0.8)と分角度で針描画。
　　赤色の4を(CX×0.9)と秒角度で針描画。
ここまで。

●(色のサイズを長さと角度で)針描画とは # --- (*5)
　　RA=(角度-90)をラジアン変換
　　XX=CX+COS(RA)×長さ
　　YY=CY+SIN(RA)×長さ
　　色に線色設定。
　　サイズに線太さ設定。
　　始点＝[余白+CX, 余白+CY]
　　終点＝[余白+XX, 余白+YY]
　　始点から終点へ線描画。
 ここまで。

●時計盤描画とは
　　全描画クリア。
　　# 文字盤の背景を描画
　　2に線太設定。
　　黒色に線色設定。
　　白色に塗色設定。
　　[余白+CX,余白+CY]へCXの円描画。# 外側の円を描画
　　# 時間のメモリ描画 --- (*6)
　　時を0から11まで繰り返す
　　　　黒色の1をCXと(時÷12×360)で針描画。# 1時間ごとのメモリを描画亜
　　ここまで
　　[余白+CX,余白+CY]へ(CX×0.8)の円描画。# 内側の小さな円を描画
ここまで。","# 時計の描画サイズなどを指定
CX=--- # 中心点のX座標
CY=--- # 中心点のY座標
余白=- # 左上マージン
「----」を-秒毎。# --- (*1)

●時計描画とは
　　時計盤描画。
　　# 現在時刻を得る --- (*2)
　　変数[時,分,秒]＝（今を「:」で区切る）
　　# 角度計算 --- (*3)
　　時角度＝(時%--)÷--×---＋(分÷--)×--
　　分角度＝分÷--×---
　　秒角度＝秒÷--×---
　　# 針を描画 --- (*4)
　　黒色の--を(CX×---)と時角度で針描画。
　　青色の--を(CX×---)と分角度で針描画。
　　赤色の-を(CX×---)と秒角度で針描画。
ここまで。

●(-----------)針描画とは # --- (*5)
　　RA=(角度--)をラジアン変換
　　XX=CX+COS(RA)×長さ
　　YY=CY+SIN(RA)×長さ
　　色に線色設定。
　　サイズに線太さ設定。
　　始点＝[余白+CX, 余白+CY]
　　終点＝[余白+XX, 余白+YY]
　　始点から終点へ線描画。
 ここまで。

●時計盤描画とは
　　全描画クリア。
　　# 文字盤の背景を描画
　　-に線太設定。
　　黒色に線色設定。
　　白色に塗色設定。
　　[余白+CX,余白+CY]へCXの円描画。# 外側の円を描画
　　# 時間のメモリ描画 --- (*6)
　　時を-から--まで繰り返す
　　　　黒色の-をCXと(時÷--×---)で針描画。# 1時間ごとのメモリを描画亜
　　ここまで
　　[余白+CX,余白+CY]へ(CX×---)の円描画。# 内側の小さな円を描画
ここまで。","CX=---
CY=---
余白=-
「----」を-秒毎。

●時計描画--
　　時計盤--。
　　変数[時,分,秒]＝（今を「:」で---）
　　時角度＝(時%--)÷--×---＋(分÷--)×--
　　分角度＝分÷--×---
　　秒角度＝秒÷--×---
　　黒色の--を(CX×---)と時角度で----。
　　青色の--を(CX×---)と分角度で----。
　　赤色の-を(CX×---)と秒角度で----。
----。

●(-----------)針描画--
　　RA=(角度--)をラジアン--
　　XX=CX+COS(RA)×長さ
　　YY=CY+SIN(RA)×長さ
　　色に----。
　　サイズに線太さ--。
　　始点＝[余白+CX, 余白+CY]
　　終点＝[余白+XX, 余白+YY]
　　始点から終点へ---。
 ----。

●時計盤描画--
　　--------。
　　-に----。
　　黒色に----。
　　白色に----。
　　[余白+CX,余白+CY]へCXの----。
　　時を-から--まで----
　　　　黒色の-をCXと(時÷--×---)で----。
　　----
　　[余白+CX,余白+CY]へ(CX×---)の----。
----。","------
------
----
-----------

----------
　　-------
　　
　　------------------------
　　
　　---------------------------
　　-------------
　　-------------
　　
　　-------------------------
　　-------------------------
　　------------------------
----------

----------------
　　-------------------
　　------------------
　　------------------
　　--------
　　-----------
　　----------------------
　　----------------------
　　------------
 ----------

----------
　　--------
　　
　　--------
　　-----------
　　-----------
　　-------------------------------
　　
　　------------------
　　　　----------------------------------
　　----
　　------------------------------------
----------",0.12618724559023067,"難易度: 3
理由: 空欄率が12.6%と低く、問題文から容易に推測できる簡単な箇所が少ないため、上級レベルと判定されます。"
tokei_moji.nako3,"# 毎秒画面を描画するよう指定 --- (*1)
「デジタル時計描画」を1秒毎。

●デジタル時計描画
　　# 前回の内容を消す --- (*2)
　　全描画クリア。
　　# 現在時刻を描画 --- (*3)
　　50に描画フォント設定。
　　[30,100]へ今を文字描画。
ここまで。","# 毎秒画面を描画するよう指定 --- (*1)
「-------」を-秒毎。

●デジタル時計描画
　　# 前回の内容を消す --- (*2)
　　全描画クリア。
　　# 現在時刻を描画 --- (*3)
　　--に描画フォント設定。
　　[--,--]へ今を文字描画。
ここまで。","「-------」を-秒毎。

●デジタル時計描画
　　--------。
　　--に--------。
　　[--,--]へ今を----。
----。","---------------

----------
　　
　　--------
　　
　　-------------
　　----------------
----------",0.1736111111111111,"難易度: 2
理由: 空欄率が17.4%であり、問題文から推測可能な箇所が標準的な割合で含まれているため、中級レベルと判定されます。"
tokei_test.nako3,"CX=150 # 中心点の座標
CY=150 
# 描画の設定 --- (*1)
4に線太さ設定。
黒色に線色設定。
白色に塗色設定。
時計盤描画。

# 指定角度で針を描画する --- (*2)
●(角度の)針描画とは
　　RA=(角度-90)をラジアン変換
　　XX=CX+COS(RA)×CX
　　YY=CY+SIN(RA)×CX
　　[CX,CY]から[XX, YY]へ線描画。
ここまで。

●時計盤描画とは
　　# 背景の円を描画 --- (*3)
　　[CX,CY]へCXの円描画。
　　(12÷12×360)の針描画。# 12時 --- (*4)
　　(2÷12×360)の針描画。 # 2時
　　(3÷12×360)の針描画。 # 3時
ここまで。","CX=--- # 中心点の座標
CY=--- 
# 描画の設定 --- (*1)
-に線太さ設定。
黒色に線色設定。
白色に塗色設定。
時計盤描画。

# 指定角度で針を描画する --- (*2)
●(---)針描画とは
　　RA=(角度--)をラジアン変換
　　XX=CX+COS(RA)×CX
　　YY=CY+SIN(RA)×CX
　　[CX,CY]から[XX, YY]へ線描画。
ここまで。

●時計盤描画とは
　　# 背景の円を描画 --- (*3)
　　[CX,CY]へCXの円描画。
　　(--÷--×---)の針描画。# 12時 --- (*4)
　　(-÷--×---)の針描画。 # 2時
　　(-÷--×---)の針描画。 # 3時
ここまで。","CX=---
CY=--- 

-に線太さ--。
黒色に----。
白色に----。
時計盤--。

●(---)針描画--
　　RA=(角度--)をラジアン--
　　XX=CX+COS(RA)×CX
　　YY=CY+SIN(RA)×CX
　　[CX,CY]から[XX, YY]へ---。
----。

●時計盤描画--
　　[CX,CY]へCXの----。
　　(--÷--×---)の----。
　　(-÷--×---)の----。
　　(-÷--×---)の----。
----。","-------
-------

----------
-----------
-----------
-------


----------------
　　--------------------
　　-----------------
　　-----------------
　　---------------------
----------

----------
　　
　　-----------------
　　---------------------
　　--------------------
　　--------------------
----------",0.13213213213213212,"難易度: 3
理由: 空欄率が13.2%と低く、問題文から容易に推測できる簡単な箇所が少ないため、上級レベルと判定されます。"
tokyo_graph.nako3,"東京推移データ＝「西暦年,総人口,人口(男),人口(女)
1975年,11673554,5913373,5760181
1980年,11618281,5856280,5762001
1985年,11829363,5955029,5874334
1990年,11855563,5969773,5885790
1995年,11773605,5892704,5880901
2000年,12064101,6028562,6035539
2005年,12576601,6264895,6311706
2010年,13159388,6512110,6647278
2015年,13515271,6666690,6848581」

# グラフを描画
東京推移データをCSV取得して、線グラフ描画。","東京推移データ＝「---------------------------------
-------------------------------
-------------------------------
-------------------------------
-------------------------------
-------------------------------
-------------------------------
-------------------------------
--------------------------------」

# グラフを描画
東京推移データをCSV取得して、線グラフ描画。","東京推移データ＝「---------------------------------
-------------------------------
-------------------------------
-------------------------------
-------------------------------
-------------------------------
-------------------------------
-------------------------------
--------------------------------」

東京推移データをCSV--して、線グラフ--。","-------------------------------------------
-------------------------------
-------------------------------
-------------------------------
-------------------------------
-------------------------------
-------------------------------
-------------------------------
---------------------------------

----------------------",0.847953216374269,"難易度: 1
理由: 空欄率が84.8%と高く、問題文などから容易に推測できる「簡単な穴埋め箇所」が多くを占めているため、初級レベルと判定されます。"
tudukeru.nako3,"Nを1から3まで繰り返す
　　「--- {N} ---」を表示。
　　もしNが2ならば続ける。
　　「あ」を表示。
　　「い」を表示。
ここまで。","Nを-から-まで繰り返す
　　「-----------」を表示。
　　もしNが-ならば続ける。
　　「--」を表示。
　　「--」を表示。
ここまで。","Nを-から-まで----
　　「-----------」を--。
　　--Nが----、---。
　　「--」を--。
　　「--」を--。
----。","----------------
　　-------------
　　------------
　　-------
　　-------
----------",0.2191780821917808,"難易度: 2
理由: 空欄率が21.9%であり、問題文から推測可能な箇所が標準的な割合で含まれているため、中級レベルと判定されます。"
tuki.nako3,"# 距離と時速を指定 --- (*1)
距離＝384400
時速＝80
# 時間を求める --- (*2)
時間＝距離÷時速
# 時間を24で割って日数を計算 --- (*3)
日数＝時間÷24
日数を表示。","# 距離と時速を指定 --- (*1)
距離＝------
時速＝--
# 時間を求める --- (*2)
時間＝距離÷時速
# 時間を24で割って日数を計算 --- (*3)
日数＝時間÷--
日数を表示。","距離＝------
時速＝--
時間＝距離÷時速
日数＝時間÷--
日数を--。","-----------
-------

--------

----------
------",0.18269230769230768,"難易度: 2
理由: 空欄率が18.3%であり、問題文から推測可能な箇所が標準的な割合で含まれているため、中級レベルと判定されます。"
walking.nako3,"「体重は何kgですか？」と尋ねて体重に代入。
「何分歩きましたか？」と尋ねて運動分に代入。
運動時間＝運動分÷60
消費カロリー＝3×体重×運動時間×1.05
「消費カロリーは{消費カロリー}kcalです」と言う。","「--------------」と尋ねて体重に代入。
「--------------」と尋ねて運動分に代入。
運動時間＝運動分÷--
消費カロリー＝-×体重×運動時間×----
「--------------------------」と言う。","「--------------」と---体重に--。
「--------------」と---運動分に--。
運動時間＝運動分÷--
消費カロリー＝-×体重×運動時間×----
「--------------------------」と--。","------------------
-------------------
-----------
-----------------------
---------------------",0.4392523364485981,"難易度: 1
理由: 空欄率が43.9%と高く、問題文などから容易に推測できる「簡単な穴埋め箇所」が多くを占めているため、初級レベルと判定されます。"
warikan.nako3,(950×3＋1200×2＋1100×5)÷10を表示。,(---×-＋----×-＋----×-)÷--を表示。,(---×-＋----×-＋----×-)÷--を--。,-------------------------,0.5714285714285714,"難易度: 1
理由: 空欄率が57.1%と高く、問題文などから容易に推測できる「簡単な穴埋め箇所」が多くを占めているため、初級レベルと判定されます。"
warizan.nako3,"整数変換(10÷3)を表示。
10％3を表示。","整数変換(--÷-)を表示。
--％-を表示。","----(--÷-)を--。
--％-を--。","-------------
---------",0.2608695652173913,"難易度: 2
理由: 空欄率が26.1%であり、問題文から推測可能な箇所が標準的な割合で含まれているため、中級レベルと判定されます。"
yomu.nako3,"「格言」を読んでデータに代入。
データを表示。","「--」を読んでデータに代入。
データを表示。","「--」を---データに--。
データを--。","--------------
-------",0.08695652173913043,"難易度: 3
理由: 空欄率が8.7%と低く、問題文から容易に推測できる簡単な箇所が少ないため、上級レベルと判定されます。"
