"fail_name","original_code","branks_level1","branks_level2","branks_level3","branks_level4","branks_level5"
"10kai_koban.nako3","10回繰り返す
　　「😸ネコに💰小判」と表示。
ここまで。
","--回繰り返す
　　「-------」と表示。
ここまで。
","10回繰り返す
　　「😸ネコに💰小判」と--。
ここまで。
","10回----
　　「😸ネコに💰小判」と表示。
----。
","10回繰り返す
　　「😸ネコに💰小判」と表示。
ここまで。
","10回繰り返す
　　「😸ネコに💰小判」と表示。
ここまで。
"
"1_10_goukei.nako3","合計値は0
Nを1から10まで繰り返す
　　合計値＝合計値＋N
　　「→(経過) {N}を足すと{合計値}です。」と表示。
ここまで。
「⭐合計結果は{合計値}です。」と表示。
","合計値は-
Nを-から--まで繰り返す
　　合計値-合計値-N
　　「---------------------」と表示。
ここまで。
「--------------」と表示。
","合計値は0
Nを1から10まで繰り返す
　　合計値＝合計値＋N
　　「→(経過) {N}を足すと{合計値}です。」と--。
ここまで。
「⭐合計結果は{合計値}です。」と--。
","合計値は0
Nを1から10まで----
　　合計値＝合計値＋N
　　「→(経過) {N}を足すと{合計値}です。」と表示。
----。
「⭐合計結果は{合計値}です。」と表示。
","合計値は0
Nを1から10まで繰り返す
　　合計値＝合計値＋N
　　「→(経過) {N}を足すと{合計値}です。」と表示。
ここまで。
「⭐合計結果は{合計値}です。」と表示。
","合計値は0
Nを1から10まで繰り返す
　　合計値＝合計値＋N
　　「→(経過) {N}を足すと{合計値}です。」と表示。
ここまで。
「⭐合計結果は{合計値}です。」と表示。
"
"4kai_kame.nako3","カメ作成。
4回繰り返す
　　100だけカメ進む。
　　90だけカメ右回転。
ここまで。
","カメ作成。
-回繰り返す
　　---だけカメ進む。
　　--だけカメ右回転。
ここまで。
","カメ作成。
4回繰り返す
　　100だけカメ進む。
　　90だけカメ右回転。
ここまで。
","カメ作成。
4回----
　　100だけカメ進む。
　　90だけカメ右回転。
----。
","カメ作成。
4回繰り返す
　　100だけカメ進む。
　　90だけカメ右回転。
ここまで。
","----。
4回繰り返す
　　100だけ----。
　　90だけ-----。
ここまで。
"
"4kai_kame_nasi.nako3","# 「N回繰り返す」構文を使わずに書いた場合
カメ作成。
100だけカメ進む。# 1回目
90だけカメ右回転。
100だけカメ進む。# 2回目
90だけカメ右回転。
100だけカメ進む。# 3回目
90だけカメ右回転。
100だけカメ進む。# 4回目
90だけカメ右回転。","# 「------」構文を使わずに書いた場合
カメ作成。
---だけカメ進む。# -回目
--だけカメ右回転。
---だけカメ進む。# -回目
--だけカメ右回転。
---だけカメ進む。# -回目
--だけカメ右回転。
---だけカメ進む。# -回目
--だけカメ右回転。","# 「N回繰り返す」構文を使わずに書いた場合
カメ作成。
100だけカメ進む。# 1回目
90だけカメ右回転。
100だけカメ進む。# 2回目
90だけカメ右回転。
100だけカメ進む。# 3回目
90だけカメ右回転。
100だけカメ進む。# 4回目
90だけカメ右回転。","# 「N回----」構文を使わずに書いた場合
カメ作成。
100だけカメ進む。# 1回目
90だけカメ右回転。
100だけカメ進む。# 2回目
90だけカメ右回転。
100だけカメ進む。# 3回目
90だけカメ右回転。
100だけカメ進む。# 4回目
90だけカメ右回転。","# 「N回繰り返す」構文を使わずに書いた場合
カメ作成。
100だけカメ進む。# 1回目
90だけカメ右回転。
100だけカメ進む。# 2回目
90だけカメ右回転。
100だけカメ進む。# 3回目
90だけカメ右回転。
100だけカメ進む。# 4回目
90だけカメ右回転。","# 「N回繰り返す」構文を使わずに書いた場合
----。
100だけ----。# 1回目
90だけ-----。
100だけ----。# 2回目
90だけ-----。
100だけ----。# 3回目
90だけ-----。
100だけ----。# 4回目
90だけ-----。"
"6kai_kame.nako3","カメ作成。
6回繰り返す
　　80だけカメ進む。
　　(360÷6)だけカメ右回転。
ここまで。
","カメ作成。
-回繰り返す
　　--だけカメ進む。
　　(-----)だけカメ右回転。
ここまで。
","カメ作成。
6回繰り返す
　　80だけカメ進む。
　　(360÷6)だけカメ右回転。
ここまで。
","カメ作成。
6回----
　　80だけカメ進む。
　　(360÷6)だけカメ右回転。
----。
","カメ作成。
6回繰り返す
　　80だけカメ進む。
　　(360÷6)だけカメ右回転。
ここまで。
","----。
6回繰り返す
　　80だけ----。
　　(360÷6)だけ-----。
ここまで。
"
"aida.nako3","N=1
Nが5以下の間繰り返す
　　「🐼 Nは{N}で5以下です」と表示。
　　N=N+1
ここまで。
","N--
Nが-以下の間繰り返す
　　「-------------」と表示。
　　N-N--
ここまで。
","N=1
Nが5以下の間繰り返す
　　「🐼 Nは{N}で5以下です」と--。
　　N=N+1
ここまで。
","N=1
Nが5以下の-----
　　「🐼 Nは{N}で5以下です」と表示。
　　N=N+1
----。
","N=1
Nが5以下の間繰り返す
　　「🐼 Nは{N}で5以下です」と表示。
　　N=N+1
ここまで。
","N=1
Nが5以下の間繰り返す
　　「🐼 Nは{N}で5以下です」と表示。
　　N=N+1
ここまで。
"
"baisu3_5.nako3","Ｎを2から20まで繰り返す
　　# ３の倍数か確認
　　もし、N%3=0ならば「🐕{N}は3の倍数」と表示。
　　もし、N%5=0ならば「🐎{N}は5の倍数」と表示。
ここまで。

","Ｎを-から--まで繰り返す
　　# -の倍数か確認
　　もし、N----ならば「---------」と表示。
　　もし、N----ならば「---------」と表示。
ここまで。

","Ｎを2から20まで繰り返す
　　# ３の倍数か確認
　　もし、N%3=0ならば「🐕{N}は3の倍数」と--。
　　もし、N%5=0ならば「🐎{N}は5の倍数」と--。
ここまで。

","Ｎを2から20まで----
　　# ３の倍数か確認
　　--、N%3=0---「🐕{N}は3の倍数」と表示。
　　--、N%5=0---「🐎{N}は5の倍数」と表示。
----。

","Ｎを2から20まで繰り返す
　　# ３の倍数か確認
　　もし、N%3=0ならば「🐕{N}は3の倍数」と表示。
　　もし、N%5=0ならば「🐎{N}は5の倍数」と表示。
ここまで。

","Ｎを2から20まで繰り返す
　　# ３の倍数か確認
　　もし、N%3=0ならば「🐕{N}は3の倍数」と表示。
　　もし、N%5=0ならば「🐎{N}は5の倍数」と表示。
ここまで。

"
"baisu3_5kai.nako3","Ｎ＝2
19回繰り返す
　　もし、N%3=0ならば「🐕{N}は3の倍数」と表示。
　　もし、N%5=0ならば「🐎{N}は3の倍数」と表示。
　　Ｎ＝Ｎ＋１
ここまで。
","Ｎ--
--回繰り返す
　　もし、N----ならば「---------」と表示。
　　もし、N----ならば「---------」と表示。
　　Ｎ-Ｎ--
ここまで。
","Ｎ＝2
19回繰り返す
　　もし、N%3=0ならば「🐕{N}は3の倍数」と--。
　　もし、N%5=0ならば「🐎{N}は3の倍数」と--。
　　Ｎ＝Ｎ＋１
ここまで。
","Ｎ＝2
19回----
　　--、N%3=0---「🐕{N}は3の倍数」と表示。
　　--、N%5=0---「🐎{N}は3の倍数」と表示。
　　Ｎ＝Ｎ＋１
----。
","Ｎ＝2
19回繰り返す
　　もし、N%3=0ならば「🐕{N}は3の倍数」と表示。
　　もし、N%5=0ならば「🐎{N}は3の倍数」と表示。
　　Ｎ＝Ｎ＋１
ここまで。
","Ｎ＝2
19回繰り返す
　　もし、N%3=0ならば「🐕{N}は3の倍数」と表示。
　　もし、N%5=0ならば「🐎{N}は3の倍数」と表示。
　　Ｎ＝Ｎ＋１
ここまで。
"
"bmi.nako3","# 身長と体重を尋ねる --- (*1)
「身長(cm)は？」と尋ねて身長cmに代入。
「体重(kg)は？」と尋ねて体重kgに代入。
# BMIを計算 --- (*2)
BMI=体重kg÷(身長cm/100)^2
# 肥満かどうか判定 --- (*3)
もし、BMIが25以上ならば
　　判定＝「肥満」
違えば、もし、BMIが18.5未満ならば
　　判定＝「低体重」
違えば
　　判定＝「普通体重」
ここまで。
# 結果を表示 --- (*4)
「BMI={BMI} / 判定={判定}」を表示。
","# 身長と体重を尋ねる --- (--)
「--------」と尋ねて身長cmに代入。
「--------」と尋ねて体重kgに代入。
# BMIを計算 --- (--)
BMI-体重kg-(身長cm----)^-
# 肥満かどうか判定 --- (--)
もし、BMIが--以上ならば
　　判定-「--」
違えば、もし、BMIが----未満ならば
　　判定-「---」
違えば
　　判定-「----」
ここまで。
# 結果を表示 --- (--)
「-------------------」を表示。
","# 身長と体重を--- --- (*1)
「身長(cm)は？」と尋ねて身長cmに--。
「体重(kg)は？」と尋ねて体重kgに--。
# BMIを計算 --- (*2)
BMI=体重kg÷(身長cm/100)^2
# 肥満かどうか判定 --- (*3)
もし、BMIが25以上ならば
　　判定＝「肥満」
違えば、もし、BMIが18.5未満ならば
　　判定＝「低体重」
違えば
　　判定＝「普通体重」
ここまで。
# 結果を-- --- (*4)
「BMI={BMI} / 判定={判定}」を--。
","# 身長と体重を尋ねる --- (*1)
「身長(cm)は？」と尋ねて身長cmに代入。
「体重(kg)は？」と尋ねて体重kgに代入。
# BMIを計算 --- (*2)
BMI=体重kg÷(身長cm/100)^2
# 肥満かどうか判定 --- (*3)
--、BMIが25以上---
　　判定＝「肥満」
---、--、BMIが18.5未満---
　　判定＝「低体重」
---
　　判定＝「普通体重」
----。
# 結果を表示 --- (*4)
「BMI={BMI} / 判定={判定}」を表示。
","# 身長と体重を尋ねる --- (*1)
「身長(cm)は？」と尋ねて身長cmに代入。
「体重(kg)は？」と尋ねて体重kgに代入。
# BMIを計算 --- (*2)
BMI=体重kg÷(身長cm/100)^2
# 肥満かどうか判定 --- (*3)
もし、BMIが25以上ならば
　　判定＝「肥満」
違えば、もし、BMIが18.5未満ならば
　　判定＝「低体重」
違えば
　　判定＝「普通体重」
ここまで。
# 結果を表示 --- (*4)
「BMI={BMI} / 判定={判定}」を表示。
","# 身長と体重を尋ねる --- (*1)
「身長(cm)は？」と尋ねて身長cmに代入。
「体重(kg)は？」と尋ねて体重kgに代入。
# BMIを計算 --- (*2)
BMI=体重kg÷(身長cm/100)^2
# 肥満かどうか判定 --- (*3)
もし、BMIが25以上ならば
　　判定＝「肥満」
違えば、もし、BMIが18.5未満ならば
　　判定＝「低体重」
違えば
　　判定＝「普通体重」
ここまで。
# 結果を表示 --- (*4)
「BMI={BMI} / 判定={判定}」を表示。
"
"bug_aida.nako3","A=1
Aが5以下の間繰り返す
　　「A={A}」を表示。
ここまで。
","A--
Aが-以下の間繰り返す
　　「-----」を表示。
ここまで。
","A=1
Aが5以下の間繰り返す
　　「A={A}」を--。
ここまで。
","A=1
Aが5以下の-----
　　「A={A}」を表示。
----。
","A=1
Aが5以下の間繰り返す
　　「A={A}」を表示。
ここまで。
","A=1
Aが5以下の間繰り返す
　　「A={A}」を表示。
ここまで。
"
"game_janken.nako3","# 変数の初期化 --- (*1)
得点は0
終了フラグはオフ
手説明は「{改行}0:✊グー, 1:✌チョキ ,2:✋パー{改行}」
タイトルは「
────────────────────────────────
✊✌✋ ジャンケンゲーム ✊✌✋
────────────────────────────────
」

# 繰り返しゲームを遊べるよう繰り返す --- (*2)
（終了フラグ＝オフ）の間繰り返す
　　ジャンケンゲーム実行。
　　終了判定。
ここまで。

# 数当てゲームを実行する関数 --- (*3)
●ジャンケンゲーム実行とは
　　相手=3の乱数
　　「{タイトル}いざ勝負！{手説明}どれを出す？」と尋ねて自分に代入。
　　状況＝「{タイトル}自分は{自分の手取得}、相手は{相手の手取得}{改行}」
　　判定＝(自分-相手+3)%3 # --- (*4)
　　もし、判定が0ならば
　　　　「{状況}あいこです。」と言う。
　　違えば、もし、判定が1ならば
　　　　得点＝得点 - 1
　　　　もし、得点が0以下ならば、得点は0
　　　　「{状況}負け😭 -1点」と言う。
　　違えば、もし、判定が2ならば
　　　　得点＝得点+3。
　　　　「{状況}勝ち😀 +3点」と言う
　　ここまで。
ここまで。

# 終了するか尋ねる関数 --- (*5)
●終了判定とは
　　「{タイトル}現在{得点}点。ゲームを続けますか？」と二択。
　　もし、それがキャンセルならば、終了フラグ＝オン。
ここまで。

# ジャンケンの手を返す --- (*6)
●(番号の)手取得とは
　　もし、番号が0ならば、それは「✊グー」
　　もし、番号が1ならば、それは「✌チョキ」
　　もし、番号が2ならば、それは「✋パー」
ここまで。

","# 変数の初期化 --- (--)
得点は-
終了フラグはオフ
手説明は「----------------------------」
タイトルは「
--------------------------------
----------------
--------------------------------
」

# 繰り返しゲームを遊べるよう繰り返す --- (--)
（終了フラグ-オフ）の間繰り返す
　　ジャンケンゲーム実行。
　　終了判定。
ここまで。

# 数当てゲームを実行する関数 --- (--)
●ジャンケンゲーム実行とは
　　相手--の乱数
　　「----------------------」と尋ねて自分に代入。
　　状況-「---------------------------------」
　　判定-(自分-相手--)-- # --- (--)
　　もし、判定が-ならば
　　　　「----------」と言う。
　　違えば、もし、判定が-ならば
　　　　得点-得点 - -
　　　　もし、得点が-以下ならば、得点は-
　　　　「-----------」と言う。
　　違えば、もし、判定が-ならば
　　　　得点-得点--。
　　　　「-----------」と言う
　　ここまで。
ここまで。

# 終了するか尋ねる関数 --- (--)
●終了判定とは
　　「------------------------」と二択。
　　もし、それがキャンセルならば、終了フラグ-オン。
ここまで。

# ジャンケンの手を返す --- (--)
●(番号の)手取得とは
　　もし、番号が-ならば、それは「---」
　　もし、番号が-ならば、それは「----」
　　もし、番号が-ならば、それは「---」
ここまで。

","# 変数の初期化 --- (*1)
得点は0
終了フラグはオフ
手説明は「{改行}0:✊グー, 1:✌チョキ ,2:✋パー{改行}」
タイトルは「
────────────────────────────────
✊✌✋ ジャンケンゲーム ✊✌✋
────────────────────────────────
」

# 繰り返しゲームを遊べるよう繰り返す --- (*2)
（終了フラグ＝オフ）の間繰り返す
　　ジャンケンゲーム実行。
　　終了判定。
ここまで。

# 数当てゲームを実行する関数 --- (*3)
●ジャンケンゲーム実行とは
　　相手=3の乱数
　　「{タイトル}いざ勝負！{手説明}どれを出す？」と尋ねて自分に--。
　　状況＝「{タイトル}自分は{自分の手取得}、相手は{相手の手取得}{改行}」
　　判定＝(自分-相手+3)%3 # --- (*4)
　　もし、判定が0ならば
　　　　「{状況}あいこです。」と--。
　　違えば、もし、判定が1ならば
　　　　得点＝得点 - 1
　　　　もし、得点が0以下ならば、得点は0
　　　　「{状況}負け😭 -1点」と--。
　　違えば、もし、判定が2ならば
　　　　得点＝得点+3。
　　　　「{状況}勝ち😀 +3点」と--
　　ここまで。
ここまで。

# 終了するか---関数 --- (*5)
●終了判定とは
　　「{タイトル}現在{得点}点。ゲームを続けますか？」と--。
　　もし、それがキャンセルならば、終了フラグ＝オン。
ここまで。

# ジャンケンの手を返す --- (*6)
●(番号の)手取得とは
　　もし、番号が0ならば、それは「✊グー」
　　もし、番号が1ならば、それは「✌チョキ」
　　もし、番号が2ならば、それは「✋パー」
ここまで。

","# 変数の初期化 --- (*1)
得点は0
終了フラグはオフ
手説明は「{改行}0:✊グー, 1:✌チョキ ,2:✋パー{改行}」
タイトルは「
────────────────────────────────
✊✌✋ ジャンケンゲーム ✊✌✋
────────────────────────────────
」

# 繰り返しゲームを遊べるよう---- --- (*2)
（終了フラグ＝オフ）の-----
　　ジャンケンゲーム実行。
　　終了判定。
----。

# 数当てゲームを実行する関数 --- (*3)
●ジャンケンゲーム実行とは
　　相手=3の乱数
　　「{タイトル}いざ勝負！{手説明}どれを出す？」と尋ねて自分に代入。
　　状況＝「{タイトル}自分は{自分の手取得}、相手は{相手の手取得}{改行}」
　　判定＝(自分-相手+3)%3 # --- (*4)
　　--、判定が0---
　　　　「{状況}あいこです。」と言う。
　　---、--、判定が1---
　　　　得点＝得点 - 1
　　　　--、得点が0以下---、得点は0
　　　　「{状況}負け😭 -1点」と言う。
　　---、--、判定が2---
　　　　得点＝得点+3。
　　　　「{状況}勝ち😀 +3点」と言う
　　----。
----。

# 終了するか尋ねる関数 --- (*5)
●終了判定とは
　　「{タイトル}現在{得点}点。ゲームを続けますか？」と二択。
　　--、それがキャンセル---、終了フラグ＝オン。
----。

# ジャンケンの手を返す --- (*6)
●(番号の)手取得とは
　　--、番号が0---、それは「✊グー」
　　--、番号が1---、それは「✌チョキ」
　　--、番号が2---、それは「✋パー」
----。

","# 変数の--- --- (*1)
得点は0
終了フラグはオフ
手説明は「{改行}0:✊グー, 1:✌チョキ ,2:✋パー{改行}」
タイトルは「
────────────────────────────────
✊✌✋ ジャンケンゲーム ✊✌✋
────────────────────────────────
」

# 繰り返しゲームを遊べるよう繰り返す --- (*2)
（終了フラグ＝オフ）の間繰り返す
　　--------。
　　----。
ここまで。

# 数当てゲームを実行する-- --- (*3)
●--------とは
　　相手=3の--
　　「{タイトル}いざ勝負！{手説明}どれを出す？」と尋ねて自分に代入。
　　状況＝「{タイトル}自分は{自分の---}、相手は{相手の---}{改行}」
　　判定＝(自分-相手+3)%3 # --- (*4)
　　もし、判定が0ならば
　　　　「{状況}あいこです。」と言う。
　　違えば、もし、判定が1ならば
　　　　得点＝得点 - 1
　　　　もし、得点が0以下ならば、得点は0
　　　　「{状況}負け😭 -1点」と言う。
　　違えば、もし、判定が2ならば
　　　　得点＝得点+3。
　　　　「{状況}勝ち😀 +3点」と言う
　　ここまで。
ここまで。

# 終了するか尋ねる-- --- (*5)
●----とは
　　「{タイトル}現在{得点}点。ゲームを続けますか？」と二択。
　　もし、--がキャンセルならば、終了フラグ＝オン。
ここまで。

# ジャンケンの手を返す --- (*6)
●(番号の)---とは
　　もし、番号が0ならば、--は「✊グー」
　　もし、番号が1ならば、--は「✌チョキ」
　　もし、番号が2ならば、--は「✋パー」
ここまで。

","# 変数の初期化 --- (*1)
得点は0
終了フラグはオフ
手説明は「{改行}0:✊グー, 1:✌チョキ ,2:✋パー{改行}」
タイトルは「
────────────────────────────────
✊✌✋ ジャンケンゲーム ✊✌✋
────────────────────────────────
」

# 繰り返しゲームを遊べるよう繰り返す --- (*2)
（終了フラグ＝オフ）の間繰り返す
　　ジャンケンゲーム実行。
　　終了判定。
ここまで。

# 数当てゲームを実行する関数 --- (*3)
●ジャンケンゲーム実行とは
　　相手=3の乱数
　　「{タイトル}いざ勝負！{手説明}どれを出す？」と尋ねて自分に代入。
　　状況＝「{タイトル}自分は{自分の手取得}、相手は{相手の手取得}{改行}」
　　判定＝(自分-相手+3)%3 # --- (*4)
　　もし、判定が0ならば
　　　　「{状況}あいこです。」と言う。
　　違えば、もし、判定が1ならば
　　　　得点＝得点 - 1
　　　　もし、得点が0以下ならば、得点は0
　　　　「{状況}負け😭 -1点」と言う。
　　違えば、もし、判定が2ならば
　　　　得点＝得点+3。
　　　　「{状況}勝ち😀 +3点」と言う
　　ここまで。
ここまで。

# 終了するか尋ねる関数 --- (*5)
●終了判定とは
　　「{タイトル}現在{得点}点。ゲームを続けますか？」と二択。
　　もし、それがキャンセルならば、終了フラグ＝オン。
ここまで。

# ジャンケンの手を返す --- (*6)
●(番号の)手取得とは
　　もし、番号が0ならば、それは「✊グー」
　　もし、番号が1ならば、それは「✌チョキ」
　　もし、番号が2ならば、それは「✋パー」
ここまで。

"
"goban.nako3","# 設定を行う --- (*1)
間隔=15
盤幅=間隔×19
# 縦線のために繰り返す --- (*2)
Xを1から19まで繰り返す
　　# 実際の座標を計算して描画 --- (*3)
　　XX=間隔×X
　　[XX, 間隔]から[XX,盤幅]まで線描画
ここまで。
# 横線のために繰り返す --- (*4)
Yを1から19まで繰り返す
　　YY=間隔×Y
　　[間隔, YY]から[盤幅, YY]まで線描画
ここまで
","# 設定を行う --- (--)
間隔--
盤幅-間隔----
# 縦線のために繰り返す --- (--)
Xを-から--まで繰り返す
　　# 実際の座標を計算して描画 --- (--)
　　XX-間隔-X
　　[XX, 間隔]から[XX,盤幅]まで線描画
ここまで。
# 横線のために繰り返す --- (--)
Yを-から--まで繰り返す
　　YY-間隔-Y
　　[間隔, YY]から[盤幅, YY]まで線描画
ここまで
","# 設定を行う --- (*1)
間隔=15
盤幅=間隔×19
# 縦線のために繰り返す --- (*2)
Xを1から19まで繰り返す
　　# 実際の座標を計算して描画 --- (*3)
　　XX=間隔×X
　　[XX, 間隔]から[XX,盤幅]まで線描画
ここまで。
# 横線のために繰り返す --- (*4)
Yを1から19まで繰り返す
　　YY=間隔×Y
　　[間隔, YY]から[盤幅, YY]まで線描画
ここまで
","# 設定を行う --- (*1)
-隔=15
盤幅=-隔×19
# 縦線のために---- --- (*2)
Xを1から19まで----
　　# 実際の座標を計算して描画 --- (*3)
　　XX=-隔×X
　　[XX, -隔]から[XX,盤幅]まで線描画
----。
# 横線のために---- --- (*4)
Yを1から19まで----
　　YY=-隔×Y
　　[-隔, YY]から[盤幅, YY]まで線描画
----
","# 設定を行う --- (*1)
間隔=15
盤幅=間隔×19
# 縦線のために繰り返す --- (*2)
Xを1から19まで繰り返す
　　# 実際の座標を計算して描画 --- (*3)
　　XX=間隔×X
　　[XX, 間隔]から[XX,盤幅]まで線描画
ここまで。
# 横線のために繰り返す --- (*4)
Yを1から19まで繰り返す
　　YY=間隔×Y
　　[間隔, YY]から[盤幅, YY]まで線描画
ここまで
","# --を行う --- (*1)
間隔=15
盤幅=間隔×19
# 縦線のために繰り返す --- (*2)
Xを1から19まで繰り返す
　　# 実際の座標を計算して-- --- (*3)
　　XX=間隔×X
　　[XX, 間隔]から[XX,盤幅]まで---
ここまで。
# 横線のために繰り返す --- (*4)
Yを1から19まで繰り返す
　　YY=間隔×Y
　　[間隔, YY]から[盤幅, YY]まで---
ここまで
"
"guruguru.nako3","W=10
カメ作成
30回繰り返す
　　Wだけカメ進む
　　90だけカメ右回転
　　W=W+10 # --- (*1)
ここまで。
","W--
カメ作成
--回繰り返す
　　Wだけカメ進む
　　--だけカメ右回転
　　W-W+-- # --- (*-)
ここまで。
","W=10
カメ作成
30回繰り返す
　　Wだけカメ進む
　　90だけカメ右回転
　　W=W+10 # --- (*1)
ここまで。
","W=10
カメ作成
30回----
　　Wだけカメ進む
　　90だけカメ右回転
　　W=W+10 # --- (*1)
----。
","W=10
カメ作成
30回繰り返す
　　Wだけカメ進む
　　90だけカメ右回転
　　W=W+10 # --- (*1)
ここまで。
","W=10
----
30回繰り返す
　　Wだけ----
　　90だけ-----
　　W=W+10 # --- (*1)
ここまで。
"
"guruguru2.nako3","W=3
カメ作成
1にカメ速度設定
200回繰り返す
　　Wだけカメ進む
　　360÷12だけカメ右回転
　　W=W+1
ここまで。
","W--
カメ作成
-にカメ速度設定
---回繰り返す
　　Wだけカメ進む
　　-----だけカメ右回転
　　W-W+-
ここまで。
","W=3
カメ作成
1にカメ速度設定
200回繰り返す
　　Wだけカメ進む
　　360÷12だけカメ右回転
　　W=W+1
ここまで。
","W=3
カメ作成
1にカメ速度設定
200回----
　　Wだけカメ進む
　　360÷12だけカメ右回転
　　W=W+1
----。
","W=3
カメ作成
1にカメ速度設定
200回繰り返す
　　Wだけカメ進む
　　360÷12だけカメ右回転
　　W=W+1
ここまで。
","W=3
----
1に------
200回繰り返す
　　Wだけ----
　　360÷12だけ-----
　　W=W+1
ここまで。
"
"gusu_kisu.nako3","N=11
もし、(N%2)が0ならば
　　「偶数」と表示。
違えば
　　「奇数」と表示
ここまで。
","N---
もし、(N%-)が-ならば
　　「--」と表示。
違えば
　　「--」と表示
ここまで。
","N=11
もし、(N%2)が0ならば
　　「偶数」と--。
違えば
　　「奇数」と--
ここまで。
","N=11
--、(N%2)が0---
　　「偶数」と表示。
---
　　「奇数」と表示
----。
","N=11
もし、(N%2)が0ならば
　　「偶数」と表示。
違えば
　　「奇数」と表示
ここまで。
","N=11
もし、(N%2)が0ならば
　　「偶数」と表示。
違えば
　　「奇数」と表示
ここまで。
"
"hensu_kurikaesu.nako3","Nを1から5まで繰り返す
　　「🐟が{N}匹」と表示。
ここまで。
","Nを-から-まで繰り返す
　　「-----------」と表示。
ここまで。
","Nを1から5まで繰り返す
　　「🐟が{N}匹」と--。
ここまで。
","Nを1から5まで----
　　「🐟が{N}匹」と表示。
----。
","Nを1から5まで繰り返す
　　「🐟が{N}匹」と表示。
ここまで。
","Nを1から5まで繰り返す
　　「🐟が{N}匹」と表示。
ここまで。
"
"if_kcal.nako3","# 年齢を尋ねる --- (*1)
「年齢は？」と尋ねて年齢に代入。

# 「もし」文で順に条件を判定 --- (*2)
もし、年齢が12未満ならば
　　「すみません、範囲以外です。」と表示。
違えば、もし年齢が14以下ならば
　　「男性は2600、女性は2400kcal」と表示。
違えば、もし年齢が17以下ならば
　　「男性は2800、女性は2300kcal」と表示。
違えば、もし年齢が29以下ならば
　　「男性は2650、女性は2000kcal」と表示。
違えば、もし年齢が49以下ならば
　　「男性は2700、女性は2050kcal」と表示。
違えば、もし年齢が64以下ならば
　　「男性は2600、女性は1950kcal」と表示。
違えば
　　「すみません、範囲外です。」と表示。
ここまで。
","# 年齢を尋ねる --- (*1)
「-----」と尋ねて年齢に代入。

# 「もし」文で順に条件を判定 --- (*2)
もし、年齢が--未満ならば
　　「--------------------」と表示。
違えば、もし年齢が--以下ならば
　　「-----------------------」と表示。
違えば、もし年齢が--以下ならば
　　「-----------------------」と表示。
違えば、もし年齢が--以下ならば
　　「-----------------------」と表示。
違えば、もし年齢が--以下ならば
　　「-----------------------」と表示。
違えば、もし年齢が--以下ならば
　　「-----------------------」と表示。
違えば
　　「------------------」と表示。
ここまで。
","# 年齢を尋ねる --- (*1)
「年齢は？」と尋ねて年齢に--。

# 「もし」文で順に条件を判定 --- (*2)
もし、年齢が12未満ならば
　　「すみません、範囲以外です。」と--。
違えば、もし年齢が14以下ならば
　　「男性は2600、女性は2400kcal」と--。
違えば、もし年齢が17以下ならば
　　「男性は2800、女性は2300kcal」と--。
違えば、もし年齢が29以下ならば
　　「男性は2650、女性は2000kcal」と--。
違えば、もし年齢が49以下ならば
　　「男性は2700、女性は2050kcal」と--。
違えば、もし年齢が64以下ならば
　　「男性は2600、女性は1950kcal」と--。
違えば
　　「すみません、範囲外です。」と--。
ここまで。
","# 年齢を尋ねる --- (*1)
「年齢は？」と尋ねて年齢に代入。

# 「もし」文で順に条件を判定 --- (*2)
--、年齢が12未満---
　　「すみません、範囲以外です。」と表示。
---、--年齢が14以下---
　　「男性は2600、女性は2400kcal」と表示。
---、--年齢が17以下---
　　「男性は2800、女性は2300kcal」と表示。
---、--年齢が29以下---
　　「男性は2650、女性は2000kcal」と表示。
---、--年齢が49以下---
　　「男性は2700、女性は2050kcal」と表示。
---、--年齢が64以下---
　　「男性は2600、女性は1950kcal」と表示。
---
　　「すみません、範囲外です。」と表示。
----。
","# 年齢を尋ねる --- (*1)
「年齢は？」と尋ねて年齢に代入。

# 「もし」文で順に条件を判定 --- (*2)
もし、年齢が12未満ならば
　　「すみません、範囲以外です。」と表示。
違えば、もし年齢が14以下ならば
　　「男性は2600、女性は2400kcal」と表示。
違えば、もし年齢が17以下ならば
　　「男性は2800、女性は2300kcal」と表示。
違えば、もし年齢が29以下ならば
　　「男性は2650、女性は2000kcal」と表示。
違えば、もし年齢が49以下ならば
　　「男性は2700、女性は2050kcal」と表示。
違えば、もし年齢が64以下ならば
　　「男性は2600、女性は1950kcal」と表示。
違えば
　　「すみません、範囲外です。」と表示。
ここまで。
","# 年齢を尋ねる --- (*1)
「年齢は？」と尋ねて年齢に代入。

# 「もし」文で順に条件を判定 --- (*2)
もし、年齢が12未満ならば
　　「すみません、範囲以外です。」と表示。
違えば、もし年齢が14以下ならば
　　「男性は2600、女性は2400kcal」と表示。
違えば、もし年齢が17以下ならば
　　「男性は2800、女性は2300kcal」と表示。
違えば、もし年齢が29以下ならば
　　「男性は2650、女性は2000kcal」と表示。
違えば、もし年齢が49以下ならば
　　「男性は2700、女性は2050kcal」と表示。
違えば、もし年齢が64以下ならば
　　「男性は2600、女性は1950kcal」と表示。
違えば
　　「すみません、範囲外です。」と表示。
ここまで。
"
"janken_if.nako3","＃ジャンケンの手と勝敗を数値で定義
グー＝0。チョキ＝1。パー＝2。
あいこ＝0。負け＝1。勝ち＝2。

＃自分と相手の手を指定 --- (*1)
グーとチョキでジャンケン判定して勝敗表示。

●(自分と相手で)ジャンケン判定とは
　　もし、自分＝相手ならば、それはあいこ。
　　もし、自分がグーならば
　　　　もし、相手がチョキならば、それは勝ち。
　　　　もし、相手がパーならば、それは負け。
　　ここまで。
　　もし、自分がチョキならば
　　　　もし、相手がパーならば、それは勝ち。
　　　　もし、相手がグーならば、それは負け。
　　ここまで。
　　もし、自分がパーならば
　　　　もし、相手がグーならば、それは勝ち。
　　　　もし、相手がチョキならば、それは負け。
　　ここまで。
ここまで。

●（N）の勝敗表示とは
　　もし、N＝0ならば「あいこ」と表示。
　　もし、N＝1ならば「負け」と表示。
　　もし、N＝2ならば「勝ち」と表示。
ここまで。
","＃ジャンケンの手と勝敗を数値で定義
グー--。チョキ--。パー--。
あいこ--。負け--。勝ち--。

＃自分と相手の手を指定 --- (*-)
グーとチョキでジャンケン判定して勝敗表示。

●(自分と相手で)ジャンケン判定とは
　　もし、自分-相手ならば、それはあいこ。
　　もし、自分がグーならば
　　　　もし、相手がチョキならば、それは勝ち。
　　　　もし、相手がパーならば、それは負け。
　　ここまで。
　　もし、自分がチョキならば
　　　　もし、相手がパーならば、それは勝ち。
　　　　もし、相手がグーならば、それは負け。
　　ここまで。
　　もし、自分がパーならば
　　　　もし、相手がグーならば、それは勝ち。
　　　　もし、相手がチョキならば、それは負け。
　　ここまで。
ここまで。

●（N）の勝敗表示とは
　　もし、N--ならば「---」と表示。
　　もし、N--ならば「--」と表示。
　　もし、N--ならば「--」と表示。
ここまで。
","＃ジャンケンの手と勝敗を数値で定義
グー＝0。チョキ＝1。パー＝2。
あいこ＝0。負け＝1。勝ち＝2。

＃自分と相手の手を指定 --- (*1)
グーとチョキでジャンケン判定して勝敗--。

●(自分と相手で)ジャンケン判定とは
　　もし、自分＝相手ならば、それはあいこ。
　　もし、自分がグーならば
　　　　もし、相手がチョキならば、それは勝ち。
　　　　もし、相手がパーならば、それは負け。
　　ここまで。
　　もし、自分がチョキならば
　　　　もし、相手がパーならば、それは勝ち。
　　　　もし、相手がグーならば、それは負け。
　　ここまで。
　　もし、自分がパーならば
　　　　もし、相手がグーならば、それは勝ち。
　　　　もし、相手がチョキならば、それは負け。
　　ここまで。
ここまで。

●（N）の勝敗表示とは
　　もし、N＝0ならば「あいこ」と--。
　　もし、N＝1ならば「負け」と--。
　　もし、N＝2ならば「勝ち」と--。
ここまで。
","＃ジャンケンの手と勝敗を数値で定義
グー＝0。チョキ＝1。パー＝2。
あいこ＝0。負け＝1。勝ち＝2。

＃自分と相手の手を指定 --- (*1)
グーとチョキでジャンケン判定して勝敗表示。

●(自分と相手で)ジャンケン判定とは
　　--、自分＝相手---、それはあいこ。
　　--、自分がグー---
　　　　--、相手がチョキ---、それは勝ち。
　　　　--、相手がパー---、それは負け。
　　----。
　　--、自分がチョキ---
　　　　--、相手がパー---、それは勝ち。
　　　　--、相手がグー---、それは負け。
　　----。
　　--、自分がパー---
　　　　--、相手がグー---、それは勝ち。
　　　　--、相手がチョキ---、それは負け。
　　----。
----。

●（N）の勝敗表示とは
　　--、N＝0---「あいこ」と表示。
　　--、N＝1---「負け」と表示。
　　--、N＝2---「勝ち」と表示。
----。
","＃ジャンケンの手と勝敗を数値で定義
グー＝0。チョキ＝1。パー＝2。
あいこ＝0。負け＝1。勝ち＝2。

＃自分と相手の手を指定 --- (*1)
グーとチョキでジャンケン判定して勝敗表示。

●(自分と相手で)ジャンケン判定とは
　　もし、自分＝相手ならば、--はあいこ。
　　もし、自分がグーならば
　　　　もし、相手がチョキならば、--は勝ち。
　　　　もし、相手がパーならば、--は負け。
　　ここまで。
　　もし、自分がチョキならば
　　　　もし、相手がパーならば、--は勝ち。
　　　　もし、相手がグーならば、--は負け。
　　ここまで。
　　もし、自分がパーならば
　　　　もし、相手がグーならば、--は勝ち。
　　　　もし、相手がチョキならば、--は負け。
　　ここまで。
ここまで。

●（N）の勝敗表示とは
　　もし、N＝0ならば「あいこ」と表示。
　　もし、N＝1ならば「負け」と表示。
　　もし、N＝2ならば「勝ち」と表示。
ここまで。
","＃ジャンケンの手と勝敗を数値で定義
グー＝0。チョキ＝1。パー＝2。
あいこ＝0。負け＝1。勝ち＝2。

＃自分と相手の手を指定 --- (*1)
グーとチョキでジャンケン判定して勝敗表示。

●(自分と相手で)ジャンケン判定とは
　　もし、自分＝相手ならば、それはあいこ。
　　もし、自分がグーならば
　　　　もし、相手がチョキならば、それは勝ち。
　　　　もし、相手がパーならば、それは負け。
　　ここまで。
　　もし、自分がチョキならば
　　　　もし、相手がパーならば、それは勝ち。
　　　　もし、相手がグーならば、それは負け。
　　ここまで。
　　もし、自分がパーならば
　　　　もし、相手がグーならば、それは勝ち。
　　　　もし、相手がチョキならば、それは負け。
　　ここまで。
ここまで。

●（N）の勝敗表示とは
　　もし、N＝0ならば「あいこ」と表示。
　　もし、N＝1ならば「負け」と表示。
　　もし、N＝2ならば「勝ち」と表示。
ここまで。
"
"jikan_keisan.nako3","# 物件までの所要時間を計算
距離＝500
分速=80
所要時間＝距離÷分速

# 条件を判定
もし、所要時間が5以下ならば
　　「{所要時間}分なので条件に合致してます。」と表示。
違えば
　　「{所要時間}分なので不合格です。」と表示。
ここまで。
","# 物件までの所要時間を計算
距離---
分速--
所要時間-距離-分速

# 条件を判定
もし、所要時間が-以下ならば
　　「-----------------------」と表示。
違えば
　　「-----------------」と表示。
ここまで。
","# 物件までの所要時間を計算
距離＝500
分速=80
所要時間＝距離÷分速

# 条件を判定
もし、所要時間が5以下ならば
　　「{所要時間}分なので条件に合致してます。」と--。
違えば
　　「{所要時間}分なので不合格です。」と--。
ここまで。
","# 物件までの所要時間を計算
距離＝500
分速=80
所要時間＝距離÷分速

# 条件を判定
--、所要時間が5以下---
　　「{所要時間}分なので条件に合致してます。」と表示。
---
　　「{所要時間}分なので不合格です。」と表示。
----。
","# 物件までの所要時間を計算
距離＝500
分速=80
所要時間＝距離÷分速

# 条件を判定
もし、所要時間が5以下ならば
　　「{所要時間}分なので条件に合致してます。」と表示。
違えば
　　「{所要時間}分なので不合格です。」と表示。
ここまで。
","# 物件までの所要時間を計算
距離＝500
分速=80
所要時間＝距離÷分速

# 条件を判定
もし、所要時間が5以下ならば
　　「{所要時間}分なので条件に合致してます。」と表示。
違えば
　　「{所要時間}分なので不合格です。」と表示。
ここまで。
"
"kansu_kakezan.nako3","# 関数を定義 --- (*1)
●(AにBを)掛け算処理とは
　　それはA×B。
ここまで

# 関数を使う --- (*2)
2に3を掛け算処理して表示。
5に10を掛け算処理して表示。
9に3を掛け算処理して表示。
","# 関数を定義 --- (*1)
●(AにBを)掛け算処理とは
　　それはA-B。
ここまで

# 関数を使う --- (*2)
-に-を掛け算処理して表示。
-に--を掛け算処理して表示。
-に-を掛け算処理して表示。
","# 関数を定義 --- (*1)
●(AにBを)掛け算処理とは
　　それはA×B。
ここまで

# 関数を使う --- (*2)
2に3を掛け算処理して--。
5に10を掛け算処理して--。
9に3を掛け算処理して--。
","# 関数を定義 --- (*1)
●(AにBを)掛け算処理とは
　　それはA×B。
----

# 関数を使う --- (*2)
2に3を掛け算処理して表示。
5に10を掛け算処理して表示。
9に3を掛け算処理して表示。
","# --を定義 --- (*1)
●(AにBを)掛け算処理とは
　　--はA×B。
ここまで

# --を使う --- (*2)
2に3を掛け算処理して表示。
5に10を掛け算処理して表示。
9に3を掛け算処理して表示。
","# 関数を定義 --- (*1)
●(AにBを)掛け算処理とは
　　それはA×B。
ここまで

# 関数を使う --- (*2)
2に3を掛け算処理して表示。
5に10を掛け算処理して表示。
9に3を掛け算処理して表示。
"
"kansu_nibai.nako3","# 関数を定義 --- (*1)
●(Nを)二倍処理とは
　　それはN×2。
ここまで

# 関数を使う --- (*2)
2を二倍処理して表示。
3を二倍処理して表示。
5を二倍処理して表示。","# 関数を定義 --- (*1)
●(Nを)二倍処理とは
　　それはN--。
ここまで

# 関数を使う --- (*2)
-を二倍処理して表示。
-を二倍処理して表示。
-を二倍処理して表示。","# 関数を定義 --- (*1)
●(Nを)二倍処理とは
　　それはN×2。
ここまで

# 関数を使う --- (*2)
2を二倍処理して--。
3を二倍処理して--。
5を二倍処理して--。","# 関数を定義 --- (*1)
●(Nを)二倍処理とは
　　それはN×2。
----

# 関数を使う --- (*2)
2を二倍処理して表示。
3を二倍処理して表示。
5を二倍処理して表示。","# --を定義 --- (*1)
●(Nを)二倍処理とは
　　--はN×2。
ここまで

# --を使う --- (*2)
2を二倍処理して表示。
3を二倍処理して表示。
5を二倍処理して表示。","# 関数を定義 --- (*1)
●(Nを)二倍処理とは
　　それはN×2。
ここまで

# 関数を使う --- (*2)
2を二倍処理して表示。
3を二倍処理して表示。
5を二倍処理して表示。"
"kikagaku36.nako3","カメ作成。
1にカメ速度設定。
36回
　　六角形描画
　　10だけカメ右回転。
ここまで。

●六角形描画とは
　　6回繰り返す
　　　　100だけカメ進む
　　　　(360÷6)だけカメ右回転。
　　ここまで。
ここまで。
","カメ作成。
-にカメ速度設定。
--回
　　六角形描画
　　--だけカメ右回転。
ここまで。

●六角形描画とは
　　-回繰り返す
　　　　---だけカメ進む
　　　　(---÷-)だけカメ右回転。
　　ここまで。
ここまで。
","カメ作成。
1にカメ速度設定。
36回
　　六角形描画
　　10だけカメ右回転。
ここまで。

●六角形描画とは
　　6回繰り返す
　　　　100だけカメ進む
　　　　(360÷6)だけカメ右回転。
　　ここまで。
ここまで。
","カメ作成。
1にカメ速度設定。
36回
　　六角形描画
　　10だけカメ右回転。
----。

●六角形描画とは
　　6回----
　　　　100だけカメ進む
　　　　(360÷6)だけカメ右回転。
　　----。
----。
","カメ作成。
1にカメ速度設定。
36回
　　六角形描画
　　10だけカメ右回転。
ここまで。

●六角形描画とは
　　6回繰り返す
　　　　100だけカメ進む
　　　　(360÷6)だけカメ右回転。
　　ここまで。
ここまで。
","----。
1に------。
36回
　　-----
　　10だけ-----。
ここまで。

●-----とは
　　6回繰り返す
　　　　100だけ----
　　　　(360÷6)だけ-----。
　　ここまで。
ここまで。
"
"kodomo_ryokin.nako3","年齢＝9
もし、(年齢が6以上)かつ(年齢が12未満)ならば
　　「こども料金」と表示。
違えば
　　「おとな料金」と表示。
ここまで。
","年齢--
もし、(年齢が-以上)かつ(年齢が--未満)ならば
　　「------」と表示。
違えば
　　「------」と表示。
ここまで。
","年齢＝9
もし、(年齢が6以上)かつ(年齢が12未満)ならば
　　「こども料金」と--。
違えば
　　「おとな料金」と--。
ここまで。
","年齢＝9
--、(年齢が6以上)かつ(年齢が12未満)---
　　「こども料金」と表示。
---
　　「おとな料金」と表示。
----。
","年齢＝9
もし、(年齢が6以上)かつ(年齢が12未満)ならば
　　「こども料金」と表示。
違えば
　　「おとな料金」と表示。
ここまで。
","年齢＝9
もし、(年齢が6以上)かつ(年齢が12未満)ならば
　　「こども料金」と表示。
違えば
　　「おとな料金」と表示。
ここまで。
"
"line.nako3","[50, 50]から[200, 50]へ線描画。
[200, 50]から[50, 200]へ線描画。
[50, 200]から[200, 200]へ線描画。
","[--, --]から[---, --]へ線描画。
[---, --]から[--, ---]へ線描画。
[--, ---]から[---, ---]へ線描画。
","[50, 50]から[200, 50]へ線描画。
[200, 50]から[50, 200]へ線描画。
[50, 200]から[200, 200]へ線描画。
","[50, 50]から[200, 50]へ線描画。
[200, 50]から[50, 200]へ線描画。
[50, 200]から[200, 200]へ線描画。
","[50, 50]から[200, 50]へ線描画。
[200, 50]から[50, 200]へ線描画。
[50, 200]から[200, 200]へ線描画。
","[50, 50]から[200, 50]へ---。
[200, 50]から[50, 200]へ---。
[50, 200]から[200, 200]へ---。
"
"mugen_kazuate.nako3","点数＝0
# ゲームを無限ループでずっと繰り返す --- (*1)
永遠の間繰り返す
　　答え＝2の乱数
　　「数当てゲーム。0か1を入力して」と尋ねて推測値に代入。
　　もし答えが推測値ならば
　　　　点数＝点数＋1
　　　　結果＝「当たり⭐」
　　違えば
　　　　結果＝「はずれ😭」
　　ここまで。
　　# 結果表示と継続するか二択で質問 --- (*2)
　　「{結果}。点数は{点数}点。続けますか？」と二択。
　　もし、それがキャンセルならば、抜ける。# --- (*3)
ここまで。
「{点数}点で終わりました。」と言う。
","点数--
# ゲームを無限ループでずっと繰り返す --- (*1)
永遠の間繰り返す
　　答え--の乱数
　　「---------------」と尋ねて推測値に代入。
　　もし答えが推測値ならば
　　　　点数-点数--
　　　　結果-「---」
　　違えば
　　　　結果-「----」
　　ここまで。
　　# 結果表示と継続するか二択で質問 --- (*2)
　　「--------------------」と二択。
　　もし、それがキャンセルならば、抜ける。# --- (*3)
ここまで。
「-------------」と言う。
","点数＝0
# ゲームを無限ループでずっと繰り返す --- (*1)
永遠の間繰り返す
　　答え＝2の乱数
　　「数当てゲーム。0か1を入力して」と尋ねて推測値に--。
　　もし答えが推測値ならば
　　　　点数＝点数＋1
　　　　結果＝「当たり⭐」
　　違えば
　　　　結果＝「はずれ😭」
　　ここまで。
　　# 結果表示と継続するか二択で質問 --- (*2)
　　「{結果}。点数は{点数}点。続けますか？」と--。
　　もし、それがキャンセルならば、抜ける。# --- (*3)
ここまで。
「{点数}点で終わりました。」と--。
","点数＝0
# ゲームを無限ループでずっと---- --- (*1)
永遠の-----
　　答え＝2の乱数
　　「数当てゲーム。0か1を入力して」と尋ねて推測値に代入。
　　--答えが推測値---
　　　　点数＝点数＋1
　　　　結果＝「当たり⭐」
　　---
　　　　結果＝「はずれ😭」
　　----。
　　# 結果表示と継続するか二択で質問 --- (*2)
　　「{結果}。点数は{点数}点。続けますか？」と二択。
　　--、それがキャンセル---、---。# --- (*3)
----。
「{点数}点で終わりました。」と言う。
","点数＝0
# ゲームを無限ループでずっと繰り返す --- (*1)
永遠の間繰り返す
　　答え＝2の--
　　「数当てゲーム。0か1を入力して」と尋ねて推測値に代入。
　　もし答えが推測値ならば
　　　　点数＝点数＋1
　　　　結果＝「当たり⭐」
　　違えば
　　　　結果＝「はずれ😭」
　　ここまで。
　　# 結果表示と継続するか二択で質問 --- (*2)
　　「{結果}。点数は{点数}点。続けますか？」と二択。
　　もし、それがキャンセルならば、抜ける。# --- (*3)
ここまで。
「{点数}点で終わりました。」と言う。
","点数＝0
# ゲームを無限ループでずっと繰り返す --- (*1)
永遠の間繰り返す
　　答え＝2の乱数
　　「数当てゲーム。0か1を入力して」と尋ねて推測値に代入。
　　もし答えが推測値ならば
　　　　点数＝点数＋1
　　　　結果＝「当たり⭐」
　　違えば
　　　　結果＝「はずれ😭」
　　ここまで。
　　# 結果表示と継続するか二択で質問 --- (*2)
　　「{結果}。点数は{点数}点。続けますか？」と二択。
　　もし、それがキャンセルならば、抜ける。# --- (*3)
ここまで。
「{点数}点で終わりました。」と言う。
"
"muryo_hantei.nako3","年齢＝4
もし、（年齢が6未満）または（年齢が65以上）ならば
　　「無料」と表示。
違えば
　　「有料」と表示。
ここまで。

","年齢--
もし、（年齢が-未満）または（年齢が--以上）ならば
　　「--」と表示。
違えば
　　「--」と表示。
ここまで。

","年齢＝4
もし、（年齢が6未満）または（年齢が65以上）ならば
　　「無料」と--。
違えば
　　「有料」と--。
ここまで。

","年齢＝4
--、（年齢が6未満）または（年齢が65以上）---
　　「無料」と表示。
---
　　「有料」と表示。
----。

","年齢＝4
もし、（年齢が6未満）または（年齢が65以上）ならば
　　「無料」と表示。
違えば
　　「有料」と表示。
ここまで。

","年齢＝4
もし、（年齢が6未満）または（年齢が65以上）ならば
　　「無料」と表示。
違えば
　　「有料」と表示。
ここまで。

"
"nukeru.nako3","Nを1から10まで繰り返す
　　「N={N}」を表示。
　　もし、N=3ならば抜ける。
ここまで。
","Nを-から--まで繰り返す
　　「------」と表示。
　　もし、N--ならば抜ける。
ここまで。
","Nを1から10まで繰り返す
　　「N={N}」と--。
　　もし、N=3ならば抜ける。
ここまで。
","Nを1から10まで----
　　「N={N}」を表示。
　　--、N=3---------。
----。
","Nを1から10まで繰り返す
　　「N={N}」を表示。
　　もし、N=3ならば抜ける。
ここまで。
","Nを1から10まで繰り返す
　　「N={N}」を表示。
　　もし、N=3ならば抜ける。
ここまで。
"
"nyuenryo.nako3","年齢＝「年齢は？」と尋ねる。

もし、年齢が3未満ならば
　　「0円」と表示。
違えば、もし(年齢が3以上)かつ(年齢が12未満)ならば
　　「300円」と表示。
違えば、もし(年齢が12以上)かつ(年齢が60未満)ならば
　　「600円」と表示。
違えば
　　「500円」と表示。
ここまで。
","年齢-「----」と尋ねる。

もし、年齢が-未満ならば
　　「--」と表示。
違えば、もし(年齢が-以上)かつ(年齢が--未満)ならば
　　「-----」と表示。
違えば、もし(年齢が--以上)かつ(年齢が--未満)ならば
　　「-----」と表示。
違えば
　　「-----」と表示。
ここまで。
","年齢＝「年齢は？」と--。

もし、年齢が3未満ならば
　　「0円」と--。
違えば、もし(年齢が3以上)かつ(年齢が12未満)ならば
　　「300円」と--。
違えば、もし(年齢が12以上)かつ(年齢が60未満)ならば
　　「600円」と--。
違えば
　　「500円」と--。
ここまで。
","年齢＝「年齢は？」と尋ねる。

--、年齢が3未満---
　　「0円」と表示。
---、--(年齢が3以上)かつ(年齢が12未満)---
　　「300円」と表示。
---、--(年齢が12以上)かつ(年齢が60未満)---
　　「600円」と表示。
---
　　「500円」と表示。
----。
","年齢＝「年齢は？」と尋ねる。

もし、年齢が3未満ならば
　　「0円」と表示。
違えば、もし(年齢が3以上)かつ(年齢が12未満)ならば
　　「300円」と表示。
違えば、もし(年齢が12以上)かつ(年齢が60未満)ならば
　　「600円」と表示。
違えば
　　「500円」と表示。
ここまで。
","年齢＝「年齢は？」と尋ねる。

もし、年齢が3未満ならば
　　「0円」と表示。
違えば、もし(年齢が3以上)かつ(年齢が12未満)ならば
　　「300円」と表示。
違えば、もし(年齢が12以上)かつ(年齢が60未満)ならば
　　「600円」と表示。
違えば
　　「500円」と表示。
ここまで。
"
"ofuro.nako3","# 【擬似コード】
温度＝温度確認
温度が40未満の間繰り返す
　　「現在の温度は{温度}度」と表示。
　　追い焚き処理。
　　温度確認して温度に代入。
ここまで
ブザー鳴らす
","# 【擬似コード】
温度-温度確認
温度が--未満の間繰り返す
　　「------------」と表示。
　　追い焚き処理。
　　温度確認して温度に代入。
ここまで
ブザー鳴らす
","# 【擬似コード】
温度＝温度確認
温度が40未満の間繰り返す
　　「現在の温度は{温度}度」と--。
　　追い焚き処理。
　　温度確認して温度に--。
ここまで
ブザー鳴らす
","# 【擬似コード】
温度＝温度確認
温度が40未満の-----
　　「現在の温度は{温度}度」と表示。
　　追い焚き処理。
　　温度確認して温度に代入。
----
ブザー鳴らす
","# 【擬似コード】
温度＝温度確認
温度が40未満の間繰り返す
　　「現在の温度は{温度}度」と表示。
　　追い焚き処理。
　　温度確認して温度に代入。
ここまで
ブザー鳴らす
","# 【擬似コード】
温度＝温度確認
温度が40未満の間繰り返す
　　「現在の温度は{温度}度」と表示。
　　追い焚き処理。
　　温度確認して温度に代入。
ここまで
ブザー鳴らす
"
"sen_takusan.nako3","Nを1から30まで繰り返す
　　# 座標を計算 --- (*1)
　　X=10×N
　　# 線を描画 --- (*2)
　　[X, 0]から[X,300]まで線描画。
ここまで。
","Nを-から--まで繰り返す
　　# 座標を計算 --- (*1)
　　X---N
　　# 線を描画 --- (*2)
　　[X, -]から[X,---]まで線描画。
ここまで。
","Nを1から30まで繰り返す
　　# 座標を計算 --- (*1)
　　X=10×N
　　# 線を描画 --- (*2)
　　[X, 0]から[X,300]まで線描画。
ここまで。
","Nを1から30まで----
　　# 座標を計算 --- (*1)
　　X=10×N
　　# 線を描画 --- (*2)
　　[X, 0]から[X,300]まで線描画。
----。
","Nを1から30まで繰り返す
　　# 座標を計算 --- (*1)
　　X=10×N
　　# 線を描画 --- (*2)
　　[X, 0]から[X,300]まで線描画。
ここまで。
","Nを1から30まで繰り返す
　　# 座標を計算 --- (*1)
　　X=10×N
　　# 線を描画 --- (*2)
　　[X, 0]から[X,300]まで---。
ここまで。
"
"star.nako3","W=100
N=5
カメ作成。
90だけカメ右回転。
N回
　　Wだけカメ進む
　　(360÷N)だけカメ左回転
　　Wだけカメ進む
　　(360÷N×2)だけカメ右回転
ここまで。

","W---
N--
カメ作成。
--だけカメ右回転。
N回
　　Wだけカメ進む
　　(---÷N)だけカメ左回転
　　Wだけカメ進む
　　(---÷N--)だけカメ右回転
ここまで。

","W=100
N=5
カメ作成。
90だけカメ右回転。
N回
　　Wだけカメ進む
　　(360÷N)だけカメ左回転
　　Wだけカメ進む
　　(360÷N×2)だけカメ右回転
ここまで。

","W=100
N=5
カメ作成。
90だけカメ右回転。
N回
　　Wだけカメ進む
　　(360÷N)だけカメ左回転
　　Wだけカメ進む
　　(360÷N×2)だけカメ右回転
----。

","W=100
N=5
カメ作成。
90だけカメ右回転。
N回
　　Wだけカメ進む
　　(360÷N)だけカメ左回転
　　Wだけカメ進む
　　(360÷N×2)だけカメ右回転
ここまで。

","W=100
N=5
----。
90だけ-----。
N回
　　Wだけ----
　　(360÷N)だけ-----
　　Wだけ----
　　(360÷N×2)だけ-----
ここまで。

"
"tudukeru.nako3","Nを1から3まで繰り返す
　　「--- {N} ---」を表示。
　　もしNが2ならば続ける。
　　「あ」を表示。
　　「い」を表示。
ここまで。
","Nを-から-まで繰り返す
　　「-----------」と表示。
　　もしNが-ならば続ける。
　　「--」と表示。
　　「--」と表示。
ここまで。
","Nを1から3まで繰り返す
　　「--- {N} ---」と--。
　　もしNが2ならば続ける。
　　「あ」と--。
　　「い」と--。
ここまで。
","Nを1から3まで----
　　「--- {N} ---」を表示。
　　--Nが2---------。
　　「あ」を表示。
　　「い」を表示。
----。
","Nを1から3まで繰り返す
　　「--- {N} ---」を表示。
　　もしNが2ならば続ける。
　　「あ」を表示。
　　「い」を表示。
ここまで。
","Nを1から3まで繰り返す
　　「--- {N} ---」を表示。
　　もしNが2ならば続ける。
　　「あ」を表示。
　　「い」を表示。
ここまで。
"