file_name,level,category,original_code,generated_code
かえるの歌.rdr,1,A,"「ド4レミファ　ミレド2
ミ4ファソラ　ソファミ2
ド4休ド休　　ド休ド休
ド8ドレレ　　ミミファファ
ミ4レド2」を演奏する","以下のコードに「---」を入れて、空欄化しました。

「---レミファ　---レド2
---ファソラ　---ファミ2
---休---　　---休---
---8---　　---ファファ
---レド2」"
かえるの歌.rdr,2,B,"「ド4レミファ　ミレド2
ミ4ファソラ　ソファミ2
ド4休ド休　　ド休ド休
ド8ドレレ　　ミミファファ
ミ4レド2」を演奏する","以下は、プロデル基本命令を「---」に置換したコードです。

「ド4 ---　ミレド2
ミ4 ---　ソファミ2
ド4 ---　　ド休ド休
ド8ドレレ　　ミミファファ
ミ4レド2」"
かえるの歌.rdr,3,C,"「ド4レミファ　ミレド2
ミ4ファソラ　ソファミ2
ド4休ド休　　ド休ド休
ド8ドレレ　　ミミファファ
ミ4レド2」を演奏する","以下は、制御構文を「---」に置換したコードです。

「ド4レミファ　ミレド2
ミ4ファソラ　ソファミ2
---　　ド休ド休
ド8ドレレ　　ミミファファ
ミ4レド2」"
かえるの歌.rdr,4,D,"「ド4レミファ　ミレド2
ミ4ファソラ　ソファミ2
ド4休ド休　　ド休ド休
ド8ドレレ　　ミミファファ
ミ4レド2」を演奏する","以下のコードに、指定された応用的なデータ操作語句を「---」に置換してください。

コード:
「ド4レミ---　ミレド2
ミ4ファソラ　ソファミ2
ド4休ド休　　ド休ド休
ド8ドレレ　　ミミファファ
ミ4レド2」"
かえるの歌.rdr,5,E,"「ド4レミファ　ミレド2
ミ4ファソラ　ソファミ2
ド4休ド休　　ド休ド休
ド8ドレレ　　ミミファファ
ミ4レド2」を演奏する","以下は、GUI・オブジェクト指向的な命令を「---」に置換したコードです。

「---　---　
---　---　
---　
---　
---」

元のコードは、楽譜の表記のようですが、GUI・オブジェクト指向的な命令を「---」に置換するというタスクのため、楽譜の内容は変更せずに「---」に置換しました。"
コッホ.rdr,1,A,"ーー コッホを描く ーー

窓というウィンドウを作る
	その内容は「コッホを描く」
窓を表示する
ピクチャー１というピクチャーを窓に作る
	その位置と大きさは｛0,0,300,300｝

かめさんというカメを作る
かめさんを窓のピクチャー１に表示する

次数は4
長さは2
かめさんの位置は{150，180}
かめさんの向きは0
３回、数に１からカウントして繰り返す
	（次数）回、長さで、コッホを描く
	かめさんを左へ１２０度回転させる
そして

待機する

【次数】回、【長さ】で、コッホを、描く手順
	次数が０なら
		かめさんを前へ長さだけ進める
	他なら
		次数－１回、長さで、コッホを描く
		かめさんを右へ６０度回転させる
		次数－１回、長さで、コッホを描く
		かめさんを左へ１２０度回転させる
		次数－１回、長さで、コッホを描く
		かめさんを右へ６０度回転させる
		次数－１回、長さで、コッホを描く
	そして
終わり","以下の要素を「---」に置換しました。

コード:
ーー コッホを描く ーー

窓というウィンドウを作る
	その内容は「---」
窓を表示する
ピクチャー１というピクチャーを窓に作る
	その位置と大きさは｛0,0,300,300｝

かめさんというカメを作る
かめさんを窓のピクチャー１に表示する

次数は4
長さは2
かめさんの位置は{150，180}
かめさんの向きは0
３回、数に１からカウントして繰り返す
	（次数）回、長さで、コッホを描く
	かめさんを左へ１２０度回転させる

待機する

【次数】回、【長さ】で、コッホを、描く手順
	次数が０なら
		かめさんを前へ---だけ進める
	他なら
		次数－１回、長さで、コッホを描く
		かめさんを右へ６０度回転させる
		次数－１回、長さで、コッホを描く
		かめさんを左へ１２０度回転させる
		次数－１回、長さで、コッホを描く
		かめさんを右へ６０度回転させる
		次数－１回、長さで、コッホを描く
	そして
終わり"
コッホ.rdr,2,B,"ーー コッホを描く ーー

窓というウィンドウを作る
	その内容は「コッホを描く」
窓を表示する
ピクチャー１というピクチャーを窓に作る
	その位置と大きさは｛0,0,300,300｝

かめさんというカメを作る
かめさんを窓のピクチャー１に表示する

次数は4
長さは2
かめさんの位置は{150，180}
かめさんの向きは0
３回、数に１からカウントして繰り返す
	（次数）回、長さで、コッホを描く
	かめさんを左へ１２０度回転させる
そして

待機する

【次数】回、【長さ】で、コッホを、描く手順
	次数が０なら
		かめさんを前へ長さだけ進める
	他なら
		次数－１回、長さで、コッホを描く
		かめさんを右へ６０度回転させる
		次数－１回、長さで、コッホを描く
		かめさんを左へ１２０度回転させる
		次数－１回、長さで、コッホを描く
		かめさんを右へ６０度回転させる
		次数－１回、長さで、コッホを描く
	そして
終わり","以下のコードは、プロデル基本命令を「---」に置換したものです。

ーー コッホを描く ーー

窓というウィンドウを作る
	その内容は「コッホを描く」
窓を---する
ピクチャー１というピクチャーを窓に作る
	その位置と大きさは｛0,0,300,300｝

かめさんというカメを作る
かめさんを窓のピクチャー１に---する

次数は4
長さは2
かめさんの位置は{150，180}
かめさんの向きは0
３回、数に１からカウントして繰り返す
	（次数）回、長さで、コッホを---する
	かめさんを左へ１２０度---する

【次数】回、【長さ】で、コッホを、---する手順
	次数が０なら
		かめさんを前へ長さだけ---する
	他なら
		次数－１回、長さで、コッホを---する
		かめさんを右へ６０度---する
		次数－１回、長さで、コッホを---する
		かめさんを左へ１２０度---する
		次数－１回、長さで、コッホを---する
		かめさんを右へ６０度---する
		次数－１回、長さで、コッホを---する
	そして
---"
コッホ.rdr,3,C,"ーー コッホを描く ーー

窓というウィンドウを作る
	その内容は「コッホを描く」
窓を表示する
ピクチャー１というピクチャーを窓に作る
	その位置と大きさは｛0,0,300,300｝

かめさんというカメを作る
かめさんを窓のピクチャー１に表示する

次数は4
長さは2
かめさんの位置は{150，180}
かめさんの向きは0
３回、数に１からカウントして繰り返す
	（次数）回、長さで、コッホを描く
	かめさんを左へ１２０度回転させる
そして

待機する

【次数】回、【長さ】で、コッホを、描く手順
	次数が０なら
		かめさんを前へ長さだけ進める
	他なら
		次数－１回、長さで、コッホを描く
		かめさんを右へ６０度回転させる
		次数－１回、長さで、コッホを描く
		かめさんを左へ１２０度回転させる
		次数－１回、長さで、コッホを描く
		かめさんを右へ６０度回転させる
		次数－１回、長さで、コッホを描く
	そして
終わり","以下の制御構文に関わる語句を「---」に置換してください。

1. 繰り返し: 繰り返す、回、間、抜ける、続ける
2. 条件分岐: もし、なら、そうでなければ、そして

コード:
ーー コッホを描く ーー

窓というウィンドウを作る
	その内容は「コッホを描く」
窓を表示する
ピクチャー１というピクチャーを窓に作る
	その位置と大きさは｛0,0,300,300｝

かめさんというカメを作る
かめさんを窓のピクチャー１に表示する

次数は4
長さは2
かめさんの位置は{150，180}
かめさんの向きは0
---で、繰り返す
	（次数）回、長さで、コッホを描く
	かめさんを左へ１２０度回転させる
---なら
	次数が０なら
		かめさんを前へ長さだけ進める
	他なら
		次数－１回、長さで、コッホを描く
		かめさんを右へ６０度回転させる
		次数－１回、長さで、コッホを描く
		かめさんを左へ１２０度回転させる
		次数－１回、長さで、コッホを描く
		かめさんを右へ６０度回転させる
		次数－１回、長さで、コッホを描く
---そして
終わり"
コッホ.rdr,4,D,"ーー コッホを描く ーー

窓というウィンドウを作る
	その内容は「コッホを描く」
窓を表示する
ピクチャー１というピクチャーを窓に作る
	その位置と大きさは｛0,0,300,300｝

かめさんというカメを作る
かめさんを窓のピクチャー１に表示する

次数は4
長さは2
かめさんの位置は{150，180}
かめさんの向きは0
３回、数に１からカウントして繰り返す
	（次数）回、長さで、コッホを描く
	かめさんを左へ１２０度回転させる
そして

待機する

【次数】回、【長さ】で、コッホを、描く手順
	次数が０なら
		かめさんを前へ長さだけ進める
	他なら
		次数－１回、長さで、コッホを描く
		かめさんを右へ６０度回転させる
		次数－１回、長さで、コッホを描く
		かめさんを左へ１２０度回転させる
		次数－１回、長さで、コッホを描く
		かめさんを右へ６０度回転させる
		次数－１回、長さで、コッホを描く
	そして
終わり","以下のコードに、指定された応用的なデータ操作語句を「---」に置換してください。

窓というウィンドウを作る
	その内容は「コッホを描く」
窓を表示する
ピクチャー１というピクチャーを窓に作る
	その位置と大きさは｛0,0,300,300｝

かめさんというカメを作る
かめさんを窓のピクチャー１に表示する

次数は4
長さは2
かめさんの位置は{150，180}
かめさんの向きは0
３回、数に１からカウントして繰り返す
	（次数）回、長さで、コッホを描く
	かめさんを左へ１２０度回転させる

待機する

【次数】回、【長さ】で、コッホを、描く手順
	次数が０なら
		かめさんを前へ---だけ進める
	他なら
		次数－１回、長さで、コッホを描く
		かめさんを右へ６０度回転させる
		次数－１回、長さで、コッホを描く
		かめさんを左へ１２０度回転させる
		次数－１回、長さで、コッホを描く
		かめさんを右へ６０度回転させる
		次数－１回、長さで、コッホを描く
	そして
終わり"
コッホ.rdr,5,E,"ーー コッホを描く ーー

窓というウィンドウを作る
	その内容は「コッホを描く」
窓を表示する
ピクチャー１というピクチャーを窓に作る
	その位置と大きさは｛0,0,300,300｝

かめさんというカメを作る
かめさんを窓のピクチャー１に表示する

次数は4
長さは2
かめさんの位置は{150，180}
かめさんの向きは0
３回、数に１からカウントして繰り返す
	（次数）回、長さで、コッホを描く
	かめさんを左へ１２０度回転させる
そして

待機する

【次数】回、【長さ】で、コッホを、描く手順
	次数が０なら
		かめさんを前へ長さだけ進める
	他なら
		次数－１回、長さで、コッホを描く
		かめさんを右へ６０度回転させる
		次数－１回、長さで、コッホを描く
		かめさんを左へ１２０度回転させる
		次数－１回、長さで、コッホを描く
		かめさんを右へ６０度回転させる
		次数－１回、長さで、コッホを描く
	そして
終わり","以下は、GUI・オブジェクト指向的な命令を「---」に置換したコードです。

ーー コッホを描く ーー

窓という---を作る
	その内容は「コッホを描く」
窓を表示する
ピクチャー１という---を窓に作る
	その位置と大きさは｛0,0,300,300｝

かめさんという---を作る
かめさんを窓のピクチャー１に表示する

次数は4
長さは2
かめさんの位置は{150，180}
かめさんの向きは0
３回、数に１からカウントして繰り返す
	（次数）回、長さで、コッホを描く
	かめさんを---へ１２０度回転させる

待機する

【次数】回、【長さ】で、コッホを、描く手順
	次数が０なら
		かめさんを前へ長さだけ進める
	他なら
		次数－１回、長さで、コッホを描く
		かめさんを---へ６０度回転させる
		次数－１回、長さで、コッホを描く
		かめさんを---へ１２０度回転させる
		次数－１回、長さで、コッホを描く
		かめさんを---へ６０度回転させる
		次数－１回、長さで、コッホを描く
	そして
終わり"
テキスト検索.rdr,1,A,"// テキスト検索 //
//フォルダ内のテキストファイルからキーワード検索するプログラム
メイン画面を表示する
待機する

メイン画面とは
ウィンドウを継承する

はじめ手順
	初期化する
	この決定ボタンは、検索ボタン
	フォルダ場所欄の内容は、プログラムのフォルダ
終わり

初期化する手順
//この手順は自動生成されたものです
//編集しないでください
	この内容は「テキスト検索」
	このドラッグドロップは○
	この位置と大きさは｛15，15，506，345｝
	この内部領域大きさは｛498，311｝
	参照ボタンというボタンを作る
		その内容は「...」
		その移動順は7
		その位置と大きさは｛432，15，23，23｝
		その位置固定方向は「右＋上」
	フォルダ場所欄というテキストを作る
		その移動順は6
		その位置と大きさは｛107，19，319，19｝
		その位置固定方向は「右＋左＋上」
	ラベル2というラベルを作る
		その内容は「フォルダの場所(&F)」
		その移動順は5
		その位置と大きさは｛12，22，89，12｝
	リストビュー1というリストビューを作る
		その移動順は4
		その位置と大きさは｛12，91，474，189｝
		そのフォントサイズは11
		その位置固定方向は「右＋左＋下＋上」
		その表示方法は「詳細」
		その全列選択は○
		その見出し一覧は｛「ファイル名」，「場所」，「文字位置」｝
		その見出し幅は｛174，117，106｝
		そのタイルサイズは｛0，0｝
	検索ボタンというボタンを作る
		その内容は「検索」
		その移動順は3
		その位置と大きさは｛380，50，75，23｝
		その位置固定方向は「右＋上」
	キーワード欄というテキストを作る
		その移動順は2
		その位置と大きさは｛73，52，301，19｝
		その位置固定方向は「右＋左＋上」
	ラベル1というラベルを作る
		その内容は「キーワード」
		その移動順は1
		その位置と大きさは｛14，55，53，12｝
	ステータスバー1というステータスバーを作る
		その内容は「ステータスバー1」
		その移動順は8
		その位置と大きさは｛0，289，498，22｝
		状態ラベルという状況ラベル部品をステータスバー1へ作る
			その文字配置は「左」
			その引き伸ばしは○
	この設計スケール比率は｛96,96｝
終わり

検索ボタンがクリックされた時の手順
	対象フォルダは、フォルダ場所欄の内容
	キーワードは、キーワード欄の内容

	検索ボタンの使用可能は×
	状態ラベルの内容は「検索中...」
	0秒待つ
	一覧は、対象フォルダのファイルの全一覧
	リストビュー1を更新開始する
	リストビュー1をすべて消す
	一覧のすべてのファイル名についてそれぞれ繰り返す
		ファイル名の拡張子だけが「exe」なら、繰り返しを続ける
		【内容】は（対象フォルダのフォルダだけ）＆ファイル名から読み込んだもの
		内容が無なら、繰り返しを続ける
		文字位置は、内容:キーワードを探したもの
		文字位置が0でないなら
			項目は、ファイル名のファイル名だけをリストビュー1に加えたもの
			項目の詳細は｛ファイル名のフォルダだけ、文字位置、（対象フォルダのフォルダだけ）＆ファイル名｝
		そして
	そして
	リストビュー1を更新終了する
	検索ボタンの使用可能は○
	リストビュー1の個数が0なら
		状態ラベルの内容は「見つかりません」
	でなければ
		状態ラベルの内容は「[リストビュー1の個数]件、見つかりました」
	そして
終わり

参照ボタンがクリックされた時の手順
	フォルダ選択画面のフォルダ名は、フォルダ場所欄の内容
	フォルダ選択画面を表示する
	フォルダ選択画面のキャンセルなら抜け出す
	フォルダ場所欄の内容は、フォルダ選択画面のフォルダ名
終わり


リストビュー1がダブルクリックされた時の手順
	配列は、リストビュー１の選択項目の詳細
	ファイル名は、配列（4）
	「explorer」を「/select,""［ファイル名］""」として起動する
終わり

終わり

プレビュー画面とは
ウィンドウを継承する

はじめ手順
	初期化する
終わり

初期化する手順
//この手順は自動生成されたものです
//編集しないでください
	この内容は「プレビュー画面」
	このドラッグドロップは○
	この位置と大きさは｛15，15，300，300｝
文章テキスト1という文章テキストを作る
	その位置と大きさは｛0，0，292，266｝
	その文字サイズは14
	そのドッキング方向は「全体」
終わり

[自分]で、[ファイル名]を、開く手順
	【内容】は（ファイル名から読み込んだもの）
	内容は、内容で（13のキャラクタ）を改行へ置き換えたもの
	文章テキスト1の内容は、内容
終わり

終わり","以下の要素を「---」に置換しました。

1. 値: 数値、文字列の中身（「〜」）
2. 演算子: ＋ － × ÷ ＝ ＜ ＞ ≠ など

コード:
// テキスト検索 //
//フォルダ内のテキストファイルからキーワード検索するプログラム
メイン画面を表示する
待機する

メイン画面とは
ウィンドウを継承する

はじめ手順
	初期化する
この決定ボタンは、検索ボタン
フォルダ場所欄の内容は、プログラムのフォルダ
終わり

初期化する手順
//この手順は自動生成されたものです
//編集しないでください
	この内容は「テキスト検索」
このドラッグドロップは○
この位置と大きさは｛15，15，506，345｝
この内部領域大きさは｛498，311｝
参照ボタンというボタンを作る
	その内容は「---」
	その移動順は7
	その位置と大きさは｛432，15，23，23｝
	その位置固定方向は「右＋上」
フォルダ場所欄というテキストを作る
	その移動順は6
	その位置と大きさは｛107，19，319，19｝
	その位置固定方向は「右＋左＋上」
ラベル2というラベルを作る
	その内容は「フォルダの場所(&F)」
	その移動順は5
	その位置と大きさは｛12，22，89，12｝
	その位置固定方向は「右＋左＋上」
リストビュー1というリストビューを作る
	その移動順は4
	その位置と大きさは｛12，91，474，189｝
	そのフォントサイズは11
	その位置固定方向は「右＋左＋下＋上」
	その表示方法は「詳細」
	その全列選択は○
	その見出し一覧は｛「ファイル名」，「場所」，「文字位置」｝
	その見出し幅は｛174，117，106｝
	そのタイルサイズは｛0，0｝
検索"
テキスト検索.rdr,2,B,"// テキスト検索 //
//フォルダ内のテキストファイルからキーワード検索するプログラム
メイン画面を表示する
待機する

メイン画面とは
ウィンドウを継承する

はじめ手順
	初期化する
	この決定ボタンは、検索ボタン
	フォルダ場所欄の内容は、プログラムのフォルダ
終わり

初期化する手順
//この手順は自動生成されたものです
//編集しないでください
	この内容は「テキスト検索」
	このドラッグドロップは○
	この位置と大きさは｛15，15，506，345｝
	この内部領域大きさは｛498，311｝
	参照ボタンというボタンを作る
		その内容は「...」
		その移動順は7
		その位置と大きさは｛432，15，23，23｝
		その位置固定方向は「右＋上」
	フォルダ場所欄というテキストを作る
		その移動順は6
		その位置と大きさは｛107，19，319，19｝
		その位置固定方向は「右＋左＋上」
	ラベル2というラベルを作る
		その内容は「フォルダの場所(&F)」
		その移動順は5
		その位置と大きさは｛12，22，89，12｝
	リストビュー1というリストビューを作る
		その移動順は4
		その位置と大きさは｛12，91，474，189｝
		そのフォントサイズは11
		その位置固定方向は「右＋左＋下＋上」
		その表示方法は「詳細」
		その全列選択は○
		その見出し一覧は｛「ファイル名」，「場所」，「文字位置」｝
		その見出し幅は｛174，117，106｝
		そのタイルサイズは｛0，0｝
	検索ボタンというボタンを作る
		その内容は「検索」
		その移動順は3
		その位置と大きさは｛380，50，75，23｝
		その位置固定方向は「右＋上」
	キーワード欄というテキストを作る
		その移動順は2
		その位置と大きさは｛73，52，301，19｝
		その位置固定方向は「右＋左＋上」
	ラベル1というラベルを作る
		その内容は「キーワード」
		その移動順は1
		その位置と大きさは｛14，55，53，12｝
	ステータスバー1というステータスバーを作る
		その内容は「ステータスバー1」
		その移動順は8
		その位置と大きさは｛0，289，498，22｝
		状態ラベルという状況ラベル部品をステータスバー1へ作る
			その文字配置は「左」
			その引き伸ばしは○
	この設計スケール比率は｛96,96｝
終わり

検索ボタンがクリックされた時の手順
	対象フォルダは、フォルダ場所欄の内容
	キーワードは、キーワード欄の内容

	検索ボタンの使用可能は×
	状態ラベルの内容は「検索中...」
	0秒待つ
	一覧は、対象フォルダのファイルの全一覧
	リストビュー1を更新開始する
	リストビュー1をすべて消す
	一覧のすべてのファイル名についてそれぞれ繰り返す
		ファイル名の拡張子だけが「exe」なら、繰り返しを続ける
		【内容】は（対象フォルダのフォルダだけ）＆ファイル名から読み込んだもの
		内容が無なら、繰り返しを続ける
		文字位置は、内容:キーワードを探したもの
		文字位置が0でないなら
			項目は、ファイル名のファイル名だけをリストビュー1に加えたもの
			項目の詳細は｛ファイル名のフォルダだけ、文字位置、（対象フォルダのフォルダだけ）＆ファイル名｝
		そして
	そして
	リストビュー1を更新終了する
	検索ボタンの使用可能は○
	リストビュー1の個数が0なら
		状態ラベルの内容は「見つかりません」
	でなければ
		状態ラベルの内容は「[リストビュー1の個数]件、見つかりました」
	そして
終わり

参照ボタンがクリックされた時の手順
	フォルダ選択画面のフォルダ名は、フォルダ場所欄の内容
	フォルダ選択画面を表示する
	フォルダ選択画面のキャンセルなら抜け出す
	フォルダ場所欄の内容は、フォルダ選択画面のフォルダ名
終わり


リストビュー1がダブルクリックされた時の手順
	配列は、リストビュー１の選択項目の詳細
	ファイル名は、配列（4）
	「explorer」を「/select,""［ファイル名］""」として起動する
終わり

終わり

プレビュー画面とは
ウィンドウを継承する

はじめ手順
	初期化する
終わり

初期化する手順
//この手順は自動生成されたものです
//編集しないでください
	この内容は「プレビュー画面」
	このドラッグドロップは○
	この位置と大きさは｛15，15，300，300｝
文章テキスト1という文章テキストを作る
	その位置と大きさは｛0，0，292，266｝
	その文字サイズは14
	そのドッキング方向は「全体」
終わり

[自分]で、[ファイル名]を、開く手順
	【内容】は（ファイル名から読み込んだもの）
	内容は、内容で（13のキャラクタ）を改行へ置き換えたもの
	文章テキスト1の内容は、内容
終わり

終わり","以下のプロデル基本命令を「---」に置換しました。

1. 入出力: 表示する、報告する、尋ねる、待機する
2. 変数操作: 変数、(変数への)代入"
テキスト検索.rdr,3,C,"// テキスト検索 //
//フォルダ内のテキストファイルからキーワード検索するプログラム
メイン画面を表示する
待機する

メイン画面とは
ウィンドウを継承する

はじめ手順
	初期化する
	この決定ボタンは、検索ボタン
	フォルダ場所欄の内容は、プログラムのフォルダ
終わり

初期化する手順
//この手順は自動生成されたものです
//編集しないでください
	この内容は「テキスト検索」
	このドラッグドロップは○
	この位置と大きさは｛15，15，506，345｝
	この内部領域大きさは｛498，311｝
	参照ボタンというボタンを作る
		その内容は「...」
		その移動順は7
		その位置と大きさは｛432，15，23，23｝
		その位置固定方向は「右＋上」
	フォルダ場所欄というテキストを作る
		その移動順は6
		その位置と大きさは｛107，19，319，19｝
		その位置固定方向は「右＋左＋上」
	ラベル2というラベルを作る
		その内容は「フォルダの場所(&F)」
		その移動順は5
		その位置と大きさは｛12，22，89，12｝
	リストビュー1というリストビューを作る
		その移動順は4
		その位置と大きさは｛12，91，474，189｝
		そのフォントサイズは11
		その位置固定方向は「右＋左＋下＋上」
		その表示方法は「詳細」
		その全列選択は○
		その見出し一覧は｛「ファイル名」，「場所」，「文字位置」｝
		その見出し幅は｛174，117，106｝
		そのタイルサイズは｛0，0｝
	検索ボタンというボタンを作る
		その内容は「検索」
		その移動順は3
		その位置と大きさは｛380，50，75，23｝
		その位置固定方向は「右＋上」
	キーワード欄というテキストを作る
		その移動順は2
		その位置と大きさは｛73，52，301，19｝
		その位置固定方向は「右＋左＋上」
	ラベル1というラベルを作る
		その内容は「キーワード」
		その移動順は1
		その位置と大きさは｛14，55，53，12｝
	ステータスバー1というステータスバーを作る
		その内容は「ステータスバー1」
		その移動順は8
		その位置と大きさは｛0，289，498，22｝
		状態ラベルという状況ラベル部品をステータスバー1へ作る
			その文字配置は「左」
			その引き伸ばしは○
	この設計スケール比率は｛96,96｝
終わり

検索ボタンがクリックされた時の手順
	対象フォルダは、フォルダ場所欄の内容
	キーワードは、キーワード欄の内容

	検索ボタンの使用可能は×
	状態ラベルの内容は「検索中...」
	0秒待つ
	一覧は、対象フォルダのファイルの全一覧
	リストビュー1を更新開始する
	リストビュー1をすべて消す
	一覧のすべてのファイル名についてそれぞれ繰り返す
		ファイル名の拡張子だけが「exe」なら、繰り返しを続ける
		【内容】は（対象フォルダのフォルダだけ）＆ファイル名から読み込んだもの
		内容が無なら、繰り返しを続ける
		文字位置は、内容:キーワードを探したもの
		文字位置が0でないなら
			項目は、ファイル名のファイル名だけをリストビュー1に加えたもの
			項目の詳細は｛ファイル名のフォルダだけ、文字位置、（対象フォルダのフォルダだけ）＆ファイル名｝
		そして
	そして
	リストビュー1を更新終了する
	検索ボタンの使用可能は○
	リストビュー1の個数が0なら
		状態ラベルの内容は「見つかりません」
	でなければ
		状態ラベルの内容は「[リストビュー1の個数]件、見つかりました」
	そして
終わり

参照ボタンがクリックされた時の手順
	フォルダ選択画面のフォルダ名は、フォルダ場所欄の内容
	フォルダ選択画面を表示する
	フォルダ選択画面のキャンセルなら抜け出す
	フォルダ場所欄の内容は、フォルダ選択画面のフォルダ名
終わり


リストビュー1がダブルクリックされた時の手順
	配列は、リストビュー１の選択項目の詳細
	ファイル名は、配列（4）
	「explorer」を「/select,""［ファイル名］""」として起動する
終わり

終わり

プレビュー画面とは
ウィンドウを継承する

はじめ手順
	初期化する
終わり

初期化する手順
//この手順は自動生成されたものです
//編集しないでください
	この内容は「プレビュー画面」
	このドラッグドロップは○
	この位置と大きさは｛15，15，300，300｝
文章テキスト1という文章テキストを作る
	その位置と大きさは｛0，0，292，266｝
	その文字サイズは14
	そのドッキング方向は「全体」
終わり

[自分]で、[ファイル名]を、開く手順
	【内容】は（ファイル名から読み込んだもの）
	内容は、内容で（13のキャラクタ）を改行へ置き換えたもの
	文章テキスト1の内容は、内容
終わり

終わり","制御構文に基づく空欄化を行いました。以下の語句を「---」に置換しました。

1. 繰り返し: ---、回、間、抜ける、続ける
2. 条件分岐: ---、なら、そうでなければ、そして"
テキスト検索.rdr,4,D,"// テキスト検索 //
//フォルダ内のテキストファイルからキーワード検索するプログラム
メイン画面を表示する
待機する

メイン画面とは
ウィンドウを継承する

はじめ手順
	初期化する
	この決定ボタンは、検索ボタン
	フォルダ場所欄の内容は、プログラムのフォルダ
終わり

初期化する手順
//この手順は自動生成されたものです
//編集しないでください
	この内容は「テキスト検索」
	このドラッグドロップは○
	この位置と大きさは｛15，15，506，345｝
	この内部領域大きさは｛498，311｝
	参照ボタンというボタンを作る
		その内容は「...」
		その移動順は7
		その位置と大きさは｛432，15，23，23｝
		その位置固定方向は「右＋上」
	フォルダ場所欄というテキストを作る
		その移動順は6
		その位置と大きさは｛107，19，319，19｝
		その位置固定方向は「右＋左＋上」
	ラベル2というラベルを作る
		その内容は「フォルダの場所(&F)」
		その移動順は5
		その位置と大きさは｛12，22，89，12｝
	リストビュー1というリストビューを作る
		その移動順は4
		その位置と大きさは｛12，91，474，189｝
		そのフォントサイズは11
		その位置固定方向は「右＋左＋下＋上」
		その表示方法は「詳細」
		その全列選択は○
		その見出し一覧は｛「ファイル名」，「場所」，「文字位置」｝
		その見出し幅は｛174，117，106｝
		そのタイルサイズは｛0，0｝
	検索ボタンというボタンを作る
		その内容は「検索」
		その移動順は3
		その位置と大きさは｛380，50，75，23｝
		その位置固定方向は「右＋上」
	キーワード欄というテキストを作る
		その移動順は2
		その位置と大きさは｛73，52，301，19｝
		その位置固定方向は「右＋左＋上」
	ラベル1というラベルを作る
		その内容は「キーワード」
		その移動順は1
		その位置と大きさは｛14，55，53，12｝
	ステータスバー1というステータスバーを作る
		その内容は「ステータスバー1」
		その移動順は8
		その位置と大きさは｛0，289，498，22｝
		状態ラベルという状況ラベル部品をステータスバー1へ作る
			その文字配置は「左」
			その引き伸ばしは○
	この設計スケール比率は｛96,96｝
終わり

検索ボタンがクリックされた時の手順
	対象フォルダは、フォルダ場所欄の内容
	キーワードは、キーワード欄の内容

	検索ボタンの使用可能は×
	状態ラベルの内容は「検索中...」
	0秒待つ
	一覧は、対象フォルダのファイルの全一覧
	リストビュー1を更新開始する
	リストビュー1をすべて消す
	一覧のすべてのファイル名についてそれぞれ繰り返す
		ファイル名の拡張子だけが「exe」なら、繰り返しを続ける
		【内容】は（対象フォルダのフォルダだけ）＆ファイル名から読み込んだもの
		内容が無なら、繰り返しを続ける
		文字位置は、内容:キーワードを探したもの
		文字位置が0でないなら
			項目は、ファイル名のファイル名だけをリストビュー1に加えたもの
			項目の詳細は｛ファイル名のフォルダだけ、文字位置、（対象フォルダのフォルダだけ）＆ファイル名｝
		そして
	そして
	リストビュー1を更新終了する
	検索ボタンの使用可能は○
	リストビュー1の個数が0なら
		状態ラベルの内容は「見つかりません」
	でなければ
		状態ラベルの内容は「[リストビュー1の個数]件、見つかりました」
	そして
終わり

参照ボタンがクリックされた時の手順
	フォルダ選択画面のフォルダ名は、フォルダ場所欄の内容
	フォルダ選択画面を表示する
	フォルダ選択画面のキャンセルなら抜け出す
	フォルダ場所欄の内容は、フォルダ選択画面のフォルダ名
終わり


リストビュー1がダブルクリックされた時の手順
	配列は、リストビュー１の選択項目の詳細
	ファイル名は、配列（4）
	「explorer」を「/select,""［ファイル名］""」として起動する
終わり

終わり

プレビュー画面とは
ウィンドウを継承する

はじめ手順
	初期化する
終わり

初期化する手順
//この手順は自動生成されたものです
//編集しないでください
	この内容は「プレビュー画面」
	このドラッグドロップは○
	この位置と大きさは｛15，15，300，300｝
文章テキスト1という文章テキストを作る
	その位置と大きさは｛0，0，292，266｝
	その文字サイズは14
	そのドッキング方向は「全体」
終わり

[自分]で、[ファイル名]を、開く手順
	【内容】は（ファイル名から読み込んだもの）
	内容は、内容で（13のキャラクタ）を改行へ置き換えたもの
	文章テキスト1の内容は、内容
終わり

終わり","以下の応用的なデータ操作語句を「---」に置換してください。

1. データ構造: ---、一覧、辞書、要素、追加する
2. 手順定義: ---、戻る、返す
3. その他: ---、読み込む、保存する"
テキスト検索.rdr,5,E,"// テキスト検索 //
//フォルダ内のテキストファイルからキーワード検索するプログラム
メイン画面を表示する
待機する

メイン画面とは
ウィンドウを継承する

はじめ手順
	初期化する
	この決定ボタンは、検索ボタン
	フォルダ場所欄の内容は、プログラムのフォルダ
終わり

初期化する手順
//この手順は自動生成されたものです
//編集しないでください
	この内容は「テキスト検索」
	このドラッグドロップは○
	この位置と大きさは｛15，15，506，345｝
	この内部領域大きさは｛498，311｝
	参照ボタンというボタンを作る
		その内容は「...」
		その移動順は7
		その位置と大きさは｛432，15，23，23｝
		その位置固定方向は「右＋上」
	フォルダ場所欄というテキストを作る
		その移動順は6
		その位置と大きさは｛107，19，319，19｝
		その位置固定方向は「右＋左＋上」
	ラベル2というラベルを作る
		その内容は「フォルダの場所(&F)」
		その移動順は5
		その位置と大きさは｛12，22，89，12｝
	リストビュー1というリストビューを作る
		その移動順は4
		その位置と大きさは｛12，91，474，189｝
		そのフォントサイズは11
		その位置固定方向は「右＋左＋下＋上」
		その表示方法は「詳細」
		その全列選択は○
		その見出し一覧は｛「ファイル名」，「場所」，「文字位置」｝
		その見出し幅は｛174，117，106｝
		そのタイルサイズは｛0，0｝
	検索ボタンというボタンを作る
		その内容は「検索」
		その移動順は3
		その位置と大きさは｛380，50，75，23｝
		その位置固定方向は「右＋上」
	キーワード欄というテキストを作る
		その移動順は2
		その位置と大きさは｛73，52，301，19｝
		その位置固定方向は「右＋左＋上」
	ラベル1というラベルを作る
		その内容は「キーワード」
		その移動順は1
		その位置と大きさは｛14，55，53，12｝
	ステータスバー1というステータスバーを作る
		その内容は「ステータスバー1」
		その移動順は8
		その位置と大きさは｛0，289，498，22｝
		状態ラベルという状況ラベル部品をステータスバー1へ作る
			その文字配置は「左」
			その引き伸ばしは○
	この設計スケール比率は｛96,96｝
終わり

検索ボタンがクリックされた時の手順
	対象フォルダは、フォルダ場所欄の内容
	キーワードは、キーワード欄の内容

	検索ボタンの使用可能は×
	状態ラベルの内容は「検索中...」
	0秒待つ
	一覧は、対象フォルダのファイルの全一覧
	リストビュー1を更新開始する
	リストビュー1をすべて消す
	一覧のすべてのファイル名についてそれぞれ繰り返す
		ファイル名の拡張子だけが「exe」なら、繰り返しを続ける
		【内容】は（対象フォルダのフォルダだけ）＆ファイル名から読み込んだもの
		内容が無なら、繰り返しを続ける
		文字位置は、内容:キーワードを探したもの
		文字位置が0でないなら
			項目は、ファイル名のファイル名だけをリストビュー1に加えたもの
			項目の詳細は｛ファイル名のフォルダだけ、文字位置、（対象フォルダのフォルダだけ）＆ファイル名｝
		そして
	そして
	リストビュー1を更新終了する
	検索ボタンの使用可能は○
	リストビュー1の個数が0なら
		状態ラベルの内容は「見つかりません」
	でなければ
		状態ラベルの内容は「[リストビュー1の個数]件、見つかりました」
	そして
終わり

参照ボタンがクリックされた時の手順
	フォルダ選択画面のフォルダ名は、フォルダ場所欄の内容
	フォルダ選択画面を表示する
	フォルダ選択画面のキャンセルなら抜け出す
	フォルダ場所欄の内容は、フォルダ選択画面のフォルダ名
終わり


リストビュー1がダブルクリックされた時の手順
	配列は、リストビュー１の選択項目の詳細
	ファイル名は、配列（4）
	「explorer」を「/select,""［ファイル名］""」として起動する
終わり

終わり

プレビュー画面とは
ウィンドウを継承する

はじめ手順
	初期化する
終わり

初期化する手順
//この手順は自動生成されたものです
//編集しないでください
	この内容は「プレビュー画面」
	このドラッグドロップは○
	この位置と大きさは｛15，15，300，300｝
文章テキスト1という文章テキストを作る
	その位置と大きさは｛0，0，292，266｝
	その文字サイズは14
	そのドッキング方向は「全体」
終わり

[自分]で、[ファイル名]を、開く手順
	【内容】は（ファイル名から読み込んだもの）
	内容は、内容で（13のキャラクタ）を改行へ置き換えたもの
	文章テキスト1の内容は、内容
終わり

終わり","以下のGUI・オブジェクト指向的な命令を「---」に置換してください。

1. GUI部品: ウィンドウ、ボタン、ラベル、テキストボックス
2. イベント: クリックされた時、作られた時
3. 属性操作: 内容、位置、大きさ、閉じる"
マクロの実行.rdr,1,A,"ーー// エクセルのマクロ実行 //
ーーワークブックに作成されたマクロを実行します
ーーあらかじめVisual Basic Editorなどでワークブックに
ーーマクロを作成する必要があります。

エクセルを起動する
エクセルで「マクロ.xlsm」を開く
対象ブックは、エクセルの選択ブック

ーーマクロを実行させます
対象ブックにある「TestMacro1」をマクロ実行する

ーー引数のマクロを実行させます
対象ブックにある「TestMacro2」を｛「こんにちは!」｝で、マクロ実行する

対象ブックを閉じる
エクセルのワークブック一覧の個数が0なら、エクセルを終了する","以下のコードに、要素を「---」に置換しました。

ーー// エクセルのマクロ実行 //
---// エクセルのマクロ実行 //
---ワークブックに作成されたマクロを実行します
---あらかじめVisual Basic Editorなどでワークブックに
---ーマクロを作成する必要があります。

エクセルを起動する
エクセルで「---」を開く
対象ブックは、エクセルの選択ブック

---を実行させます
対象ブックにある「---」を---で、マクロ実行する

対象ブックを閉じる
エクセルのワークブック一覧の個数が0なら、エクセルを終了する"
マクロの実行.rdr,2,B,"ーー// エクセルのマクロ実行 //
ーーワークブックに作成されたマクロを実行します
ーーあらかじめVisual Basic Editorなどでワークブックに
ーーマクロを作成する必要があります。

エクセルを起動する
エクセルで「マクロ.xlsm」を開く
対象ブックは、エクセルの選択ブック

ーーマクロを実行させます
対象ブックにある「TestMacro1」をマクロ実行する

ーー引数のマクロを実行させます
対象ブックにある「TestMacro2」を｛「こんにちは!」｝で、マクロ実行する

対象ブックを閉じる
エクセルのワークブック一覧の個数が0なら、エクセルを終了する","以下は、プロデル基本命令を「---」に置換したコードです。

ーー// エクセルのマクロ実行 //
ーーワークブックに作成されたマクロを---します
ーーあらかじめVisual Basic Editorなどでワークブックに---する必要があります。

エクセルを起動する
エクセルで「マクロ.xlsm」を---する
対象ブックは、エクセルの---ブック

---を---させます
対象ブックにある「TestMacro1」を---する

---のマクロを---させます
対象ブックにある「TestMacro2」を｛「こんにちは!」｝で、---する

対象ブックを---する
エクセルのワークブック一覧の個数が0なら、エクセルを---する"
マクロの実行.rdr,3,C,"ーー// エクセルのマクロ実行 //
ーーワークブックに作成されたマクロを実行します
ーーあらかじめVisual Basic Editorなどでワークブックに
ーーマクロを作成する必要があります。

エクセルを起動する
エクセルで「マクロ.xlsm」を開く
対象ブックは、エクセルの選択ブック

ーーマクロを実行させます
対象ブックにある「TestMacro1」をマクロ実行する

ーー引数のマクロを実行させます
対象ブックにある「TestMacro2」を｛「こんにちは!」｝で、マクロ実行する

対象ブックを閉じる
エクセルのワークブック一覧の個数が0なら、エクセルを終了する","以下の制御構文に関わる語句を「---」に置換して、コードを変更しない部分はそのままにしました。

コード:
// エクセルのマクロ実行 //
ワークブックに作成されたマクロを実行します
あらかじめVisual Basic Editorなどでワークブックに
---でワークブックにマクロを作成する必要があります。

エクセルを起動する
エクセルで「マクロ.xlsm」を開く
対象ブックは、エクセルの選択ブック

---をマクロ実行する

---で、「こんにちは!」で、マクロ実行する

対象ブックを閉じる
エクセルのワークブック一覧の個数が0なら、エクセルを終了する"
マクロの実行.rdr,4,D,"ーー// エクセルのマクロ実行 //
ーーワークブックに作成されたマクロを実行します
ーーあらかじめVisual Basic Editorなどでワークブックに
ーーマクロを作成する必要があります。

エクセルを起動する
エクセルで「マクロ.xlsm」を開く
対象ブックは、エクセルの選択ブック

ーーマクロを実行させます
対象ブックにある「TestMacro1」をマクロ実行する

ーー引数のマクロを実行させます
対象ブックにある「TestMacro2」を｛「こんにちは!」｝で、マクロ実行する

対象ブックを閉じる
エクセルのワークブック一覧の個数が0なら、エクセルを終了する","以下のコードに、指定された応用的なデータ操作語句を「---」に置換してみました。

ーー// エクセルのマクロ実行 //
ーーワークブックに作成されたマクロを---します
ーーあらかじめVisual Basic Editorなどでワークブックに---する必要があります。

エクセルを起動する
エクセルで「マクロ.xlsm」を---する
対象ブックは、エクセルの---ブック

ーーマクロを---させます
対象ブックにある「TestMacro1」を---する

ーー引数のマクロを---します
対象ブックにある「TestMacro2」を｛「こんにちは!」｝で、---する

対象ブックを---する
エクセルのワークブック一覧の個数が0なら、エクセルを---する"
マクロの実行.rdr,5,E,"ーー// エクセルのマクロ実行 //
ーーワークブックに作成されたマクロを実行します
ーーあらかじめVisual Basic Editorなどでワークブックに
ーーマクロを作成する必要があります。

エクセルを起動する
エクセルで「マクロ.xlsm」を開く
対象ブックは、エクセルの選択ブック

ーーマクロを実行させます
対象ブックにある「TestMacro1」をマクロ実行する

ーー引数のマクロを実行させます
対象ブックにある「TestMacro2」を｛「こんにちは!」｝で、マクロ実行する

対象ブックを閉じる
エクセルのワークブック一覧の個数が0なら、エクセルを終了する","以下は、GUI・オブジェクト指向的な命令を「---」に置換したコードです。

// エクセルのマクロ実行 //
---に作成されたマクロを実行します
---にあらかじめVisual Basic Editorなどで---にマクロを作成する必要があります。

エクセルを起動する
エクセルで「---」を開く
対象ブックは、エクセルの---ブック

---を実行させます
対象ブックにある「TestMacro1」を---する

---のマクロを実行させます
対象ブックにある「TestMacro2」を｛「こんにちは!」｝で、---する

対象ブックを---する
エクセルの---の個数が0なら、エクセルを---"
枝を利用した模様.rdr,1,A,"ーー 枝を利用した模様 ーー
窓というウィンドウを作る
窓の内容は「枝を利用した模様」
窓の背景色は、白

かめさんというカメを作る
かめさんを窓に表示する
かめさんの位置は｛140,130｝

４回、繰り返す
	かめさんが１８０だけ７回３００度、枝
	かめさんを９０だけ右へ回転させる
そして

窓を表示する
待機する","以下が空欄化したコードです。

コード:
ーー 枝を利用した模様 ーー
窓というウィンドウを作る
窓の内容は「---」
窓の背景色は、白

かめさんというカメを作る
かめさんを窓に表示する
かめさんの位置は｛---,---｝

４回、繰り返す
	かめさんが１８０だけ７回---、枝
	かめさんを---だけ右へ回転させる
そして

窓を表示する
待機する"
枝を利用した模様.rdr,2,B,"ーー 枝を利用した模様 ーー
窓というウィンドウを作る
窓の内容は「枝を利用した模様」
窓の背景色は、白

かめさんというカメを作る
かめさんを窓に表示する
かめさんの位置は｛140,130｝

４回、繰り返す
	かめさんが１８０だけ７回３００度、枝
	かめさんを９０だけ右へ回転させる
そして

窓を表示する
待機する","以下が、プロデル基本命令を「---」に置換したコードです。

窓というウィンドウを作る
窓の内容は「---」
窓の背景色は、白

かめさんというカメを作る
かめさんを---に表示する
かめさんの位置は｛140,130｝

４回、繰り返す
	かめさんが１８０だけ７回３００度、---
	かめさんを９０だけ右へ回転させる
そして

---する
---する"
枝を利用した模様.rdr,3,C,"ーー 枝を利用した模様 ーー
窓というウィンドウを作る
窓の内容は「枝を利用した模様」
窓の背景色は、白

かめさんというカメを作る
かめさんを窓に表示する
かめさんの位置は｛140,130｝

４回、繰り返す
	かめさんが１８０だけ７回３００度、枝
	かめさんを９０だけ右へ回転させる
そして

窓を表示する
待機する","以下の制御構文に関わる語句を「---」に置換してください。

1. 繰り返し: 繰り返す、回、間、抜ける、続ける
2. 条件分岐: もし、なら、そうでなければ、そして

コード:
窓というウィンドウを作る
窓の内容は「枝を利用した模様」
窓の背景色は、白

かめさんというカメを作る
かめさんを窓に表示する
かめさんの位置は｛140,130｝

--- 回、繰り返す
    ---さんを１８０だけ７回３００度、枝
    ---さんを９０だけ右へ回転させる
--- 

窓を表示する
待機する"
枝を利用した模様.rdr,4,D,"ーー 枝を利用した模様 ーー
窓というウィンドウを作る
窓の内容は「枝を利用した模様」
窓の背景色は、白

かめさんというカメを作る
かめさんを窓に表示する
かめさんの位置は｛140,130｝

４回、繰り返す
	かめさんが１８０だけ７回３００度、枝
	かめさんを９０だけ右へ回転させる
そして

窓を表示する
待機する","以下のコードは、指定された応用的なデータ操作語句を「---」に置換したものです。

窓というウィンドウを作る
窓の内容は「---」
窓の背景色は、白

かめさんというカメを作る
かめさんを窓に表示する
かめさんの位置は｛140,130｝

４回、繰り返す
	かめさんが１８０だけ７回３００度、---
	かめさんを９０だけ右へ回転させる
そして

窓を---する
待機する"
枝を利用した模様.rdr,5,E,"ーー 枝を利用した模様 ーー
窓というウィンドウを作る
窓の内容は「枝を利用した模様」
窓の背景色は、白

かめさんというカメを作る
かめさんを窓に表示する
かめさんの位置は｛140,130｝

４回、繰り返す
	かめさんが１８０だけ７回３００度、枝
	かめさんを９０だけ右へ回転させる
そして

窓を表示する
待機する","以下がGUI・オブジェクト指向的な命令を「---」に置換したコードです。

窓という---を作る
窓の---は「枝を利用した模様」
窓の---は、白

かめさんという---を作る
かめさんを窓に---
かめさんの---は｛140,130｝

４回、繰り返す
	かめさんが１８０だけ７回３００度、---
	かめさんを９０だけ右へ---
そして

窓を---"
