file_name,level,category,learning_source,original_code,generated_answer
かえるの歌.rdr,1,A,Nadesiko(Few-Shot),"「ド4レミファ　ミレド2
ミ4ファソラ　ソファミ2
ド4休ド休　　ド休ド休
ド8ドレレ　　ミミファファ
ミ4レド2」を演奏する","「ド---レ---　---レド2
---ファソラ　ソ---ミ2
---ド休---　　---ド休---
---ドレレ　　---ミファファ
---レド2」"
かえるの歌.rdr,2,B,Nadesiko(Few-Shot),"「ド4レミファ　ミレド2
ミ4ファソラ　ソファミ2
ド4休ド休　　ド休ド休
ド8ドレレ　　ミミファファ
ミ4レド2」を演奏する","---。
---。
---。
---。
---。"
かえるの歌.rdr,3,C,Nadesiko(Few-Shot),"「ド4レミファ　ミレド2
ミ4ファソラ　ソファミ2
ド4休ド休　　ド休ド休
ド8ドレレ　　ミミファファ
ミ4レド2」を演奏する","「ド4レミファ　ミレド2
ミ4ファソラ　ソファミ2
ド4休ド休　　ド休ド休
ド8ドレレ　　ミミファファ
ミ4レド2」"
かえるの歌.rdr,4,D,Nadesiko(Few-Shot),"「ド4レミファ　ミレド2
ミ4ファソラ　ソファミ2
ド4休ド休　　ド休ド休
ド8ドレレ　　ミミファファ
ミ4レド2」を演奏する","コード内の「配列・辞書操作」「関数/手順定義」「ファイル操作」を「---」に置換します。

「ド4レミファ　ミレド2
ミ4ファソラ　ソファミ2
ド4休ド休　　ド休ド休
ド8ドレレ　　ミミファファ
ミ4レド2」"
かえるの歌.rdr,5,E,Nadesiko(Few-Shot),"「ド4レミファ　ミレド2
ミ4ファソラ　ソファミ2
ド4休ド休　　ド休ド休
ド8ドレレ　　ミミファファ
ミ4レド2」を演奏する","「ド4レミファ　ミレド2
ミ4ファソラ　ソファミ2
ド4休ド休　　ド休ド休
ド8ドレレ　　ミミファファ
ミ4レド2」
---"
コッホ.rdr,1,A,Nadesiko(Few-Shot),"ーー コッホを描く ーー

窓というウィンドウを作る
	その内容は「コッホを描く」
窓を表示する
ピクチャー１というピクチャーを窓に作る
	その位置と大きさは｛0,0,300,300｝

かめさんというカメを作る
かめさんを窓のピクチャー１に表示する

次数は4
長さは2
かめさんの位置は{150，180}
かめさんの向きは0
３回、数に１からカウントして繰り返す
	（次数）回、長さで、コッホを描く
	かめさんを左へ１２０度回転させる
そして

待機する

【次数】回、【長さ】で、コッホを、描く手順
	次数が０なら
		かめさんを前へ長さだけ進める
	他なら
		次数－１回、長さで、コッホを描く
		かめさんを右へ６０度回転させる
		次数－１回、長さで、コッホを描く
		かめさんを左へ１２０度回転させる
		次数－１回、長さで、コッホを描く
		かめさんを右へ６０度回転させる
		次数－１回、長さで、コッホを描く
	そして
終わり",ーー ---を描く ーー
コッホ.rdr,2,B,Nadesiko(Few-Shot),"ーー コッホを描く ーー

窓というウィンドウを作る
	その内容は「コッホを描く」
窓を表示する
ピクチャー１というピクチャーを窓に作る
	その位置と大きさは｛0,0,300,300｝

かめさんというカメを作る
かめさんを窓のピクチャー１に表示する

次数は4
長さは2
かめさんの位置は{150，180}
かめさんの向きは0
３回、数に１からカウントして繰り返す
	（次数）回、長さで、コッホを描く
	かめさんを左へ１２０度回転させる
そして

待機する

【次数】回、【長さ】で、コッホを、描く手順
	次数が０なら
		かめさんを前へ長さだけ進める
	他なら
		次数－１回、長さで、コッホを描く
		かめさんを右へ６０度回転させる
		次数－１回、長さで、コッホを描く
		かめさんを左へ１２０度回転させる
		次数－１回、長さで、コッホを描く
		かめさんを右へ６０度回転させる
		次数－１回、長さで、コッホを描く
	そして
終わり","ーー コッホを描く ーー

窓というウィンドウを作る
　その内容は「コッホを描く」
窓を---
ピクチャー１というピクチャーを窓に作る
　その位置と大きさは｛0,0,300,300｝

かめさんというカメを作る
かめさんを窓のピクチャー１に---
かめさんの位置は{150，180}
かめさんの向きは0
３回、数に１からカウントして繰り返す
　（次数）回、長さで、コッホを---
かめさんを左へ１２０度回転させる
そして

待機する"
コッホ.rdr,3,C,Nadesiko(Few-Shot),"ーー コッホを描く ーー

窓というウィンドウを作る
	その内容は「コッホを描く」
窓を表示する
ピクチャー１というピクチャーを窓に作る
	その位置と大きさは｛0,0,300,300｝

かめさんというカメを作る
かめさんを窓のピクチャー１に表示する

次数は4
長さは2
かめさんの位置は{150，180}
かめさんの向きは0
３回、数に１からカウントして繰り返す
	（次数）回、長さで、コッホを描く
	かめさんを左へ１２０度回転させる
そして

待機する

【次数】回、【長さ】で、コッホを、描く手順
	次数が０なら
		かめさんを前へ長さだけ進める
	他なら
		次数－１回、長さで、コッホを描く
		かめさんを右へ６０度回転させる
		次数－１回、長さで、コッホを描く
		かめさんを左へ１２０度回転させる
		次数－１回、長さで、コッホを描く
		かめさんを右へ６０度回転させる
		次数－１回、長さで、コッホを描く
	そして
終わり","ーー コッホを描く ーー

窓というウィンドウを作る
    その内容は「コッホを描く」
窓を表示する
ピクチャー１というピクチャーを窓に作る
    その位置と大きさは｛0,0,300,300｝

かめさんというカメを作る
かめさんを窓のピクチャー１に表示する

次数は4
長さは2
かめさんの位置は{150，180}
かめさんの向きは0
---回、数に１からカウントして繰り返す
    ---回、長さで、コッホを描く
    かめさんを左へ１２０度回転させる
そして

待機する"
コッホ.rdr,4,D,Nadesiko(Few-Shot),"ーー コッホを描く ーー

窓というウィンドウを作る
	その内容は「コッホを描く」
窓を表示する
ピクチャー１というピクチャーを窓に作る
	その位置と大きさは｛0,0,300,300｝

かめさんというカメを作る
かめさんを窓のピクチャー１に表示する

次数は4
長さは2
かめさんの位置は{150，180}
かめさんの向きは0
３回、数に１からカウントして繰り返す
	（次数）回、長さで、コッホを描く
	かめさんを左へ１２０度回転させる
そして

待機する

【次数】回、【長さ】で、コッホを、描く手順
	次数が０なら
		かめさんを前へ長さだけ進める
	他なら
		次数－１回、長さで、コッホを描く
		かめさんを右へ６０度回転させる
		次数－１回、長さで、コッホを描く
		かめさんを左へ１２０度回転させる
		次数－１回、長さで、コッホを描く
		かめさんを右へ６０度回転させる
		次数－１回、長さで、コッホを描く
	そして
終わり","ーー コッホを描く ーー

窓というウィンドウを作る
　その内容は「コッホを描く」
窓を表示する
ピクチャー１というピクチャーを窓に作る
　その位置と大きさは｛0,0,300,300｝

かめさんというカメを作る
かめさんを窓のピクチャー１に表示する

次数は4
長さは2
かめさんの位置は{150，180}
かめさんの向きは0
３回、数に１からカウントして繰り返す
　（次数）回、長さで、コッホを描く
　かめさんを左へ１２０度回転させる
そして

待機する"
コッホ.rdr,5,E,Nadesiko(Few-Shot),"ーー コッホを描く ーー

窓というウィンドウを作る
	その内容は「コッホを描く」
窓を表示する
ピクチャー１というピクチャーを窓に作る
	その位置と大きさは｛0,0,300,300｝

かめさんというカメを作る
かめさんを窓のピクチャー１に表示する

次数は4
長さは2
かめさんの位置は{150，180}
かめさんの向きは0
３回、数に１からカウントして繰り返す
	（次数）回、長さで、コッホを描く
	かめさんを左へ１２０度回転させる
そして

待機する

【次数】回、【長さ】で、コッホを、描く手順
	次数が０なら
		かめさんを前へ長さだけ進める
	他なら
		次数－１回、長さで、コッホを描く
		かめさんを右へ６０度回転させる
		次数－１回、長さで、コッホを描く
		かめさんを左へ１２０度回転させる
		次数－１回、長さで、コッホを描く
		かめさんを右へ６０度回転させる
		次数－１回、長さで、コッホを描く
	そして
終わり","ーー コッホを描く ーー

--- を作る
    その内容は「コッホを描く」
--- を表示する
---１という--- を--- に作る
    その位置と大きさは｛0,0,300,300｝

かめさんという--- を作る
かめさんを--- の--- に表示する

次数は4
長さは2
かめさんの位置は{150，180}
かめさんの向きは0
３回、数に１からカウントして繰り返す
    （次数）回、長さで、コッホを描く
    かめさんを左へ１２０度回転させる
そして

待機する"
テキスト検索.rdr,1,A,Nadesiko(Few-Shot),"// テキスト検索 //
//フォルダ内のテキストファイルからキーワード検索するプログラム
メイン画面を表示する
待機する

メイン画面とは
ウィンドウを継承する

はじめ手順
	初期化する
	この決定ボタンは、検索ボタン
	フォルダ場所欄の内容は、プログラムのフォルダ
終わり

初期化する手順
//この手順は自動生成されたものです
//編集しないでください
	この内容は「テキスト検索」
	このドラッグドロップは○
	この位置と大きさは｛15，15，506，345｝
	この内部領域大きさは｛498，311｝
	参照ボタンというボタンを作る
		その内容は「...」
		その移動順は7
		その位置と大きさは｛432，15，23，23｝
		その位置固定方向は「右＋上」
	フォルダ場所欄というテキストを作る
		その移動順は6
		その位置と大きさは｛107，19，319，19｝
		その位置固定方向は「右＋左＋上」
	ラベル2というラベルを作る
		その内容は「フォルダの場所(&F)」
		その移動順は5
		その位置と大きさは｛12，22，89，12｝
	リストビュー1というリストビューを作る
		その移動順は4
		その位置と大きさは｛12，91，474，189｝
		そのフォントサイズは11
		その位置固定方向は「右＋左＋下＋上」
		その表示方法は「詳細」
		その全列選択は○
		その見出し一覧は｛「ファイル名」，「場所」，「文字位置」｝
		その見出し幅は｛174，117，106｝
		そのタイルサイズは｛0，0｝
	検索ボタンというボタンを作る
		その内容は「検索」
		その移動順は3
		その位置と大きさは｛380，50，75，23｝
		その位置固定方向は「右＋上」
	キーワード欄というテキストを作る
		その移動順は2
		その位置と大きさは｛73，52，301，19｝
		その位置固定方向は「右＋左＋上」
	ラベル1というラベルを作る
		その内容は「キーワード」
		その移動順は1
		その位置と大きさは｛14，55，53，12｝
	ステータスバー1というステータスバーを作る
		その内容は「ステータスバー1」
		その移動順は8
		その位置と大きさは｛0，289，498，22｝
		状態ラベルという状況ラベル部品をステータスバー1へ作る
			その文字配置は「左」
			その引き伸ばしは○
	この設計スケール比率は｛96,96｝
終わり

検索ボタンがクリックされた時の手順
	対象フォルダは、フォルダ場所欄の内容
	キーワードは、キーワード欄の内容

	検索ボタンの使用可能は×
	状態ラベルの内容は「検索中...」
	0秒待つ
	一覧は、対象フォルダのファイルの全一覧
	リストビュー1を更新開始する
	リストビュー1をすべて消す
	一覧のすべてのファイル名についてそれぞれ繰り返す
		ファイル名の拡張子だけが「exe」なら、繰り返しを続ける
		【内容】は（対象フォルダのフォルダだけ）＆ファイル名から読み込んだもの
		内容が無なら、繰り返しを続ける
		文字位置は、内容:キーワードを探したもの
		文字位置が0でないなら
			項目は、ファイル名のファイル名だけをリストビュー1に加えたもの
			項目の詳細は｛ファイル名のフォルダだけ、文字位置、（対象フォルダのフォルダだけ）＆ファイル名｝
		そして
	そして
	リストビュー1を更新終了する
	検索ボタンの使用可能は○
	リストビュー1の個数が0なら
		状態ラベルの内容は「見つかりません」
	でなければ
		状態ラベルの内容は「[リストビュー1の個数]件、見つかりました」
	そして
終わり

参照ボタンがクリックされた時の手順
	フォルダ選択画面のフォルダ名は、フォルダ場所欄の内容
	フォルダ選択画面を表示する
	フォルダ選択画面のキャンセルなら抜け出す
	フォルダ場所欄の内容は、フォルダ選択画面のフォルダ名
終わり


リストビュー1がダブルクリックされた時の手順
	配列は、リストビュー１の選択項目の詳細
	ファイル名は、配列（4）
	「explorer」を「/select,""［ファイル名］""」として起動する
終わり

終わり

プレビュー画面とは
ウィンドウを継承する

はじめ手順
	初期化する
終わり

初期化する手順
//この手順は自動生成されたものです
//編集しないでください
	この内容は「プレビュー画面」
	このドラッグドロップは○
	この位置と大きさは｛15，15，300，300｝
文章テキスト1という文章テキストを作る
	その位置と大きさは｛0，0，292，266｝
	その文字サイズは14
	そのドッキング方向は「全体」
終わり

[自分]で、[ファイル名]を、開く手順
	【内容】は（ファイル名から読み込んだもの）
	内容は、内容で（13のキャラクタ）を改行へ置き換えたもの
	文章テキスト1の内容は、内容
終わり

終わり","【タスク: カテゴリA（データ・演算）の隠蔽】
コード内の「数値」「文字列」「演算子」を「---」に置換してください。
コード:
// テキスト検索 //
//フォルダ内のテキストファイルからキーワード検索するプログラム
メイン画面を表示する
待機する

メイン画面とは
ウィンドウを継承する

はじめ手順
//この手順は自動生成されたものです
//編集しないでください
	この内容は「テキスト検索」
	このドラッグドロップは---
	この位置と大きさは｛---，---，---，---｝
	この内部領域大きさは｛---，---｝
	参照ボタンというボタンを作る
		その内容は「---」
		その移動順は---
		その位置と大きさは｛---，---，---，---｝
		その位置固定方向は「---」
	フォルダ場所欄というテキストを作る
		その移動順は---
		その位置と大きさは｛---，---，---，---｝
		その位置固定方向は「---」
	ラベル2というラベルを作る
		その内容は「---」
		その移動順は---
		その位置と大きさは｛---，---，---，---｝
	リストビュー1というリストビューを作る
		その移動順は---
		その位置と大きさは｛---，---，---，---｝
		そのフォントサイズは---
		その位置固定方向は「---」
		その表示方法は「---」
		その全列選択は---
		その見出し一覧は｛---｝
		その見出し幅は｛---｝
		そのタイルサイズは｛---｝
	検索ボタンというボタンを作る
		その内容は「---」
		その移動順は---
		その位置と大きさは｛---，---，---，---｝
		その位置固定方向は「---」
	キーワード欄というテキストを作る
		その移動順は---
		その位置と大きさは｛---，---，"
テキスト検索.rdr,2,B,Nadesiko(Few-Shot),"// テキスト検索 //
//フォルダ内のテキストファイルからキーワード検索するプログラム
メイン画面を表示する
待機する

メイン画面とは
ウィンドウを継承する

はじめ手順
	初期化する
	この決定ボタンは、検索ボタン
	フォルダ場所欄の内容は、プログラムのフォルダ
終わり

初期化する手順
//この手順は自動生成されたものです
//編集しないでください
	この内容は「テキスト検索」
	このドラッグドロップは○
	この位置と大きさは｛15，15，506，345｝
	この内部領域大きさは｛498，311｝
	参照ボタンというボタンを作る
		その内容は「...」
		その移動順は7
		その位置と大きさは｛432，15，23，23｝
		その位置固定方向は「右＋上」
	フォルダ場所欄というテキストを作る
		その移動順は6
		その位置と大きさは｛107，19，319，19｝
		その位置固定方向は「右＋左＋上」
	ラベル2というラベルを作る
		その内容は「フォルダの場所(&F)」
		その移動順は5
		その位置と大きさは｛12，22，89，12｝
	リストビュー1というリストビューを作る
		その移動順は4
		その位置と大きさは｛12，91，474，189｝
		そのフォントサイズは11
		その位置固定方向は「右＋左＋下＋上」
		その表示方法は「詳細」
		その全列選択は○
		その見出し一覧は｛「ファイル名」，「場所」，「文字位置」｝
		その見出し幅は｛174，117，106｝
		そのタイルサイズは｛0，0｝
	検索ボタンというボタンを作る
		その内容は「検索」
		その移動順は3
		その位置と大きさは｛380，50，75，23｝
		その位置固定方向は「右＋上」
	キーワード欄というテキストを作る
		その移動順は2
		その位置と大きさは｛73，52，301，19｝
		その位置固定方向は「右＋左＋上」
	ラベル1というラベルを作る
		その内容は「キーワード」
		その移動順は1
		その位置と大きさは｛14，55，53，12｝
	ステータスバー1というステータスバーを作る
		その内容は「ステータスバー1」
		その移動順は8
		その位置と大きさは｛0，289，498，22｝
		状態ラベルという状況ラベル部品をステータスバー1へ作る
			その文字配置は「左」
			その引き伸ばしは○
	この設計スケール比率は｛96,96｝
終わり

検索ボタンがクリックされた時の手順
	対象フォルダは、フォルダ場所欄の内容
	キーワードは、キーワード欄の内容

	検索ボタンの使用可能は×
	状態ラベルの内容は「検索中...」
	0秒待つ
	一覧は、対象フォルダのファイルの全一覧
	リストビュー1を更新開始する
	リストビュー1をすべて消す
	一覧のすべてのファイル名についてそれぞれ繰り返す
		ファイル名の拡張子だけが「exe」なら、繰り返しを続ける
		【内容】は（対象フォルダのフォルダだけ）＆ファイル名から読み込んだもの
		内容が無なら、繰り返しを続ける
		文字位置は、内容:キーワードを探したもの
		文字位置が0でないなら
			項目は、ファイル名のファイル名だけをリストビュー1に加えたもの
			項目の詳細は｛ファイル名のフォルダだけ、文字位置、（対象フォルダのフォルダだけ）＆ファイル名｝
		そして
	そして
	リストビュー1を更新終了する
	検索ボタンの使用可能は○
	リストビュー1の個数が0なら
		状態ラベルの内容は「見つかりません」
	でなければ
		状態ラベルの内容は「[リストビュー1の個数]件、見つかりました」
	そして
終わり

参照ボタンがクリックされた時の手順
	フォルダ選択画面のフォルダ名は、フォルダ場所欄の内容
	フォルダ選択画面を表示する
	フォルダ選択画面のキャンセルなら抜け出す
	フォルダ場所欄の内容は、フォルダ選択画面のフォルダ名
終わり


リストビュー1がダブルクリックされた時の手順
	配列は、リストビュー１の選択項目の詳細
	ファイル名は、配列（4）
	「explorer」を「/select,""［ファイル名］""」として起動する
終わり

終わり

プレビュー画面とは
ウィンドウを継承する

はじめ手順
	初期化する
終わり

初期化する手順
//この手順は自動生成されたものです
//編集しないでください
	この内容は「プレビュー画面」
	このドラッグドロップは○
	この位置と大きさは｛15，15，300，300｝
文章テキスト1という文章テキストを作る
	その位置と大きさは｛0，0，292，266｝
	その文字サイズは14
	そのドッキング方向は「全体」
終わり

[自分]で、[ファイル名]を、開く手順
	【内容】は（ファイル名から読み込んだもの）
	内容は、内容で（13のキャラクタ）を改行へ置き換えたもの
	文章テキスト1の内容は、内容
終わり

終わり","【タスク: カテゴリB（基本命令）の隠蔽】
コード内の「入出力命令（表示など）」「変数操作（代入など）」を「---」に置換してください。
コード:
メイン画面を---。
待機する

メイン画面とは
ウィンドウを---。

はじめ手順
初期化する
この決定ボタンは、検索ボタン
フォルダ場所欄の内容は、プログラムのフォルダ
終わり

初期化する手順
この内容は「テキスト検索」
このドラッグドロップは○
この位置と大きさは｛15，15，506，345｝
参照ボタンというボタンを作る
その内容は「---」
その移動順は7
その位置と大きさは｛432，15，23，23｝
その位置固定方向は「右＋上」
フォルダ場所欄というテキストを作る
その移動順は6
その位置と大きさは｛107，19，319，19｝
その位置固定方向は「右＋左＋上」
ラベル2というラベルを作る
その内容は「フォルダの場所(&F)」
その移動順は5
その位置と大きさは｛12，22，89，12｝
リストビュー1というリストビューを作る
その移動順は4
その位置と大きさは｛12，91，474，189｝
そのフォントサイズは11
その位置固定方向は「右＋左＋下＋上」
その表示方法は「詳細」
その全列選択は○
その見出し一覧は｛「ファイル名」，「場所」，「文字位置」｝
その見出し幅は｛174，117，106｝
そのタイルサイズは｛0，0｝
検索ボタンというボタンを作る
その内容は「---」
その移動順は3
その位置と大きさは｛380，50，75，23｝
その位置固定方向は「右＋上」
キーワード欄というテキストを作る
その移動順は2
その位置と大きさは｛73，52，301，19｝
その位置固定方向は「右＋左＋上」
ラベル1というラベルを作る"
テキスト検索.rdr,3,C,Nadesiko(Few-Shot),"// テキスト検索 //
//フォルダ内のテキストファイルからキーワード検索するプログラム
メイン画面を表示する
待機する

メイン画面とは
ウィンドウを継承する

はじめ手順
	初期化する
	この決定ボタンは、検索ボタン
	フォルダ場所欄の内容は、プログラムのフォルダ
終わり

初期化する手順
//この手順は自動生成されたものです
//編集しないでください
	この内容は「テキスト検索」
	このドラッグドロップは○
	この位置と大きさは｛15，15，506，345｝
	この内部領域大きさは｛498，311｝
	参照ボタンというボタンを作る
		その内容は「...」
		その移動順は7
		その位置と大きさは｛432，15，23，23｝
		その位置固定方向は「右＋上」
	フォルダ場所欄というテキストを作る
		その移動順は6
		その位置と大きさは｛107，19，319，19｝
		その位置固定方向は「右＋左＋上」
	ラベル2というラベルを作る
		その内容は「フォルダの場所(&F)」
		その移動順は5
		その位置と大きさは｛12，22，89，12｝
	リストビュー1というリストビューを作る
		その移動順は4
		その位置と大きさは｛12，91，474，189｝
		そのフォントサイズは11
		その位置固定方向は「右＋左＋下＋上」
		その表示方法は「詳細」
		その全列選択は○
		その見出し一覧は｛「ファイル名」，「場所」，「文字位置」｝
		その見出し幅は｛174，117，106｝
		そのタイルサイズは｛0，0｝
	検索ボタンというボタンを作る
		その内容は「検索」
		その移動順は3
		その位置と大きさは｛380，50，75，23｝
		その位置固定方向は「右＋上」
	キーワード欄というテキストを作る
		その移動順は2
		その位置と大きさは｛73，52，301，19｝
		その位置固定方向は「右＋左＋上」
	ラベル1というラベルを作る
		その内容は「キーワード」
		その移動順は1
		その位置と大きさは｛14，55，53，12｝
	ステータスバー1というステータスバーを作る
		その内容は「ステータスバー1」
		その移動順は8
		その位置と大きさは｛0，289，498，22｝
		状態ラベルという状況ラベル部品をステータスバー1へ作る
			その文字配置は「左」
			その引き伸ばしは○
	この設計スケール比率は｛96,96｝
終わり

検索ボタンがクリックされた時の手順
	対象フォルダは、フォルダ場所欄の内容
	キーワードは、キーワード欄の内容

	検索ボタンの使用可能は×
	状態ラベルの内容は「検索中...」
	0秒待つ
	一覧は、対象フォルダのファイルの全一覧
	リストビュー1を更新開始する
	リストビュー1をすべて消す
	一覧のすべてのファイル名についてそれぞれ繰り返す
		ファイル名の拡張子だけが「exe」なら、繰り返しを続ける
		【内容】は（対象フォルダのフォルダだけ）＆ファイル名から読み込んだもの
		内容が無なら、繰り返しを続ける
		文字位置は、内容:キーワードを探したもの
		文字位置が0でないなら
			項目は、ファイル名のファイル名だけをリストビュー1に加えたもの
			項目の詳細は｛ファイル名のフォルダだけ、文字位置、（対象フォルダのフォルダだけ）＆ファイル名｝
		そして
	そして
	リストビュー1を更新終了する
	検索ボタンの使用可能は○
	リストビュー1の個数が0なら
		状態ラベルの内容は「見つかりません」
	でなければ
		状態ラベルの内容は「[リストビュー1の個数]件、見つかりました」
	そして
終わり

参照ボタンがクリックされた時の手順
	フォルダ選択画面のフォルダ名は、フォルダ場所欄の内容
	フォルダ選択画面を表示する
	フォルダ選択画面のキャンセルなら抜け出す
	フォルダ場所欄の内容は、フォルダ選択画面のフォルダ名
終わり


リストビュー1がダブルクリックされた時の手順
	配列は、リストビュー１の選択項目の詳細
	ファイル名は、配列（4）
	「explorer」を「/select,""［ファイル名］""」として起動する
終わり

終わり

プレビュー画面とは
ウィンドウを継承する

はじめ手順
	初期化する
終わり

初期化する手順
//この手順は自動生成されたものです
//編集しないでください
	この内容は「プレビュー画面」
	このドラッグドロップは○
	この位置と大きさは｛15，15，300，300｝
文章テキスト1という文章テキストを作る
	その位置と大きさは｛0，0，292，266｝
	その文字サイズは14
	そのドッキング方向は「全体」
終わり

[自分]で、[ファイル名]を、開く手順
	【内容】は（ファイル名から読み込んだもの）
	内容は、内容で（13のキャラクタ）を改行へ置き換えたもの
	文章テキスト1の内容は、内容
終わり

終わり","【タスク: カテゴリC（構造・ロジック）の隠蔽】
コード内の「繰り返し処理」「条件分岐（もし〜なら）」を「---」に置換してください。
コード:
// テキスト検索 //
//フォルダ内のテキストファイルからキーワード検索するプログラム
メイン画面を表示する
待機する

メイン画面とは
ウィンドウを継承する

はじめ手順
    初期化する
    この決定ボタンは、検索ボタン
    フォルダ場所欄の内容は、プログラムのフォルダ
終わり

初期化する手順
    //この手順は自動生成されたものです
    //編集しないでください
    この内容は「テキスト検索」
    このドラッグドロップは○
    この位置と大きさは｛15，15，506，345｝
    この内部領域大きさは｛498，311｝
    参照ボタンというボタンを作る
        その内容は「...」
        その移動順は7
        その位置と大きさは｛432，15，23，23｝
        その位置固定方向は「右＋上」
    フォルダ場所欄というテキストを作る
        その移動順は6
        その位置と大きさは｛107，19，319，19｝
        その位置固定方向は「右＋左＋上」
    ラベル2というラベルを作る
        その内容は「フォルダの場所(&F)」
        その移動順は5
        その位置と大きさは｛12，22，89，12｝
        その位置固定方向は「右＋左＋上」
    リストビュー1というリストビューを作る
        その移動順は4
        その位置と大きさは｛12，91，474，189｝
        そのフォントサイズは11
        その位置固定方向は「右＋左＋下＋上」
        その表示方法は「詳細」
        その全列選択は○
        その見出し一覧は｛「ファイル名」，「場所」，"
テキスト検索.rdr,4,D,Nadesiko(Few-Shot),"// テキスト検索 //
//フォルダ内のテキストファイルからキーワード検索するプログラム
メイン画面を表示する
待機する

メイン画面とは
ウィンドウを継承する

はじめ手順
	初期化する
	この決定ボタンは、検索ボタン
	フォルダ場所欄の内容は、プログラムのフォルダ
終わり

初期化する手順
//この手順は自動生成されたものです
//編集しないでください
	この内容は「テキスト検索」
	このドラッグドロップは○
	この位置と大きさは｛15，15，506，345｝
	この内部領域大きさは｛498，311｝
	参照ボタンというボタンを作る
		その内容は「...」
		その移動順は7
		その位置と大きさは｛432，15，23，23｝
		その位置固定方向は「右＋上」
	フォルダ場所欄というテキストを作る
		その移動順は6
		その位置と大きさは｛107，19，319，19｝
		その位置固定方向は「右＋左＋上」
	ラベル2というラベルを作る
		その内容は「フォルダの場所(&F)」
		その移動順は5
		その位置と大きさは｛12，22，89，12｝
	リストビュー1というリストビューを作る
		その移動順は4
		その位置と大きさは｛12，91，474，189｝
		そのフォントサイズは11
		その位置固定方向は「右＋左＋下＋上」
		その表示方法は「詳細」
		その全列選択は○
		その見出し一覧は｛「ファイル名」，「場所」，「文字位置」｝
		その見出し幅は｛174，117，106｝
		そのタイルサイズは｛0，0｝
	検索ボタンというボタンを作る
		その内容は「検索」
		その移動順は3
		その位置と大きさは｛380，50，75，23｝
		その位置固定方向は「右＋上」
	キーワード欄というテキストを作る
		その移動順は2
		その位置と大きさは｛73，52，301，19｝
		その位置固定方向は「右＋左＋上」
	ラベル1というラベルを作る
		その内容は「キーワード」
		その移動順は1
		その位置と大きさは｛14，55，53，12｝
	ステータスバー1というステータスバーを作る
		その内容は「ステータスバー1」
		その移動順は8
		その位置と大きさは｛0，289，498，22｝
		状態ラベルという状況ラベル部品をステータスバー1へ作る
			その文字配置は「左」
			その引き伸ばしは○
	この設計スケール比率は｛96,96｝
終わり

検索ボタンがクリックされた時の手順
	対象フォルダは、フォルダ場所欄の内容
	キーワードは、キーワード欄の内容

	検索ボタンの使用可能は×
	状態ラベルの内容は「検索中...」
	0秒待つ
	一覧は、対象フォルダのファイルの全一覧
	リストビュー1を更新開始する
	リストビュー1をすべて消す
	一覧のすべてのファイル名についてそれぞれ繰り返す
		ファイル名の拡張子だけが「exe」なら、繰り返しを続ける
		【内容】は（対象フォルダのフォルダだけ）＆ファイル名から読み込んだもの
		内容が無なら、繰り返しを続ける
		文字位置は、内容:キーワードを探したもの
		文字位置が0でないなら
			項目は、ファイル名のファイル名だけをリストビュー1に加えたもの
			項目の詳細は｛ファイル名のフォルダだけ、文字位置、（対象フォルダのフォルダだけ）＆ファイル名｝
		そして
	そして
	リストビュー1を更新終了する
	検索ボタンの使用可能は○
	リストビュー1の個数が0なら
		状態ラベルの内容は「見つかりません」
	でなければ
		状態ラベルの内容は「[リストビュー1の個数]件、見つかりました」
	そして
終わり

参照ボタンがクリックされた時の手順
	フォルダ選択画面のフォルダ名は、フォルダ場所欄の内容
	フォルダ選択画面を表示する
	フォルダ選択画面のキャンセルなら抜け出す
	フォルダ場所欄の内容は、フォルダ選択画面のフォルダ名
終わり


リストビュー1がダブルクリックされた時の手順
	配列は、リストビュー１の選択項目の詳細
	ファイル名は、配列（4）
	「explorer」を「/select,""［ファイル名］""」として起動する
終わり

終わり

プレビュー画面とは
ウィンドウを継承する

はじめ手順
	初期化する
終わり

初期化する手順
//この手順は自動生成されたものです
//編集しないでください
	この内容は「プレビュー画面」
	このドラッグドロップは○
	この位置と大きさは｛15，15，300，300｝
文章テキスト1という文章テキストを作る
	その位置と大きさは｛0，0，292，266｝
	その文字サイズは14
	そのドッキング方向は「全体」
終わり

[自分]で、[ファイル名]を、開く手順
	【内容】は（ファイル名から読み込んだもの）
	内容は、内容で（13のキャラクタ）を改行へ置き換えたもの
	文章テキスト1の内容は、内容
終わり

終わり","【タスク: カテゴリD（応用・データ操作）の隠蔽】
コード内の「配列・辞書操作」「関数/手順定義」「ファイル操作」を「---」に置換してください。
コード:
// テキスト検索 //
//---からキーワード検索するプログラム
メイン画面を表示する
待機する

メイン画面とは
ウィンドウを継承する

はじめ手順
    初期化する
    この決定ボタンは、検索ボタン
    フォルダ場所欄の内容は、プログラムのフォルダ
終わり

初期化する手順
//この手順は自動生成されたものです
//編集しないでください
    この内容は「テキスト検索」
    このドラッグドロップは○
    この位置と大きさは｛15，15，506，345｝
    この内部領域大きさは｛498，311｝
    参照ボタンというボタンを作る
        その内容は「...」
        その移動順は7
        その位置と大きさは｛432，15，23，23｝
        その位置固定方向は「右＋上」
    フォルダ場所欄というテキストを作る
        その移動順は6
        その位置と大きさは｛107，19，319，19｝
        その位置固定方向は「右＋左＋上」
    ラベル2というラベルを作る
        その内容は「フォルダの場所(&F)」
        その移動順は5
        その位置と大きさは｛12，22，89，12｝
        その位置固定方向は「右＋左＋上」
    リストビュー1というリストビューを作る
        その移動順は4
        その位置と大きさは｛12，91，474，189｝
        そのフォントサイズは11
        その位置固定方向は「右＋左＋下＋上」
        その表示方法は「詳細」
        その全列選択は○
        その見出し一覧は｛「ファイル名」，「場所」，「文字位置」｝
        その見出し"
テキスト検索.rdr,5,E,Nadesiko(Few-Shot),"// テキスト検索 //
//フォルダ内のテキストファイルからキーワード検索するプログラム
メイン画面を表示する
待機する

メイン画面とは
ウィンドウを継承する

はじめ手順
	初期化する
	この決定ボタンは、検索ボタン
	フォルダ場所欄の内容は、プログラムのフォルダ
終わり

初期化する手順
//この手順は自動生成されたものです
//編集しないでください
	この内容は「テキスト検索」
	このドラッグドロップは○
	この位置と大きさは｛15，15，506，345｝
	この内部領域大きさは｛498，311｝
	参照ボタンというボタンを作る
		その内容は「...」
		その移動順は7
		その位置と大きさは｛432，15，23，23｝
		その位置固定方向は「右＋上」
	フォルダ場所欄というテキストを作る
		その移動順は6
		その位置と大きさは｛107，19，319，19｝
		その位置固定方向は「右＋左＋上」
	ラベル2というラベルを作る
		その内容は「フォルダの場所(&F)」
		その移動順は5
		その位置と大きさは｛12，22，89，12｝
	リストビュー1というリストビューを作る
		その移動順は4
		その位置と大きさは｛12，91，474，189｝
		そのフォントサイズは11
		その位置固定方向は「右＋左＋下＋上」
		その表示方法は「詳細」
		その全列選択は○
		その見出し一覧は｛「ファイル名」，「場所」，「文字位置」｝
		その見出し幅は｛174，117，106｝
		そのタイルサイズは｛0，0｝
	検索ボタンというボタンを作る
		その内容は「検索」
		その移動順は3
		その位置と大きさは｛380，50，75，23｝
		その位置固定方向は「右＋上」
	キーワード欄というテキストを作る
		その移動順は2
		その位置と大きさは｛73，52，301，19｝
		その位置固定方向は「右＋左＋上」
	ラベル1というラベルを作る
		その内容は「キーワード」
		その移動順は1
		その位置と大きさは｛14，55，53，12｝
	ステータスバー1というステータスバーを作る
		その内容は「ステータスバー1」
		その移動順は8
		その位置と大きさは｛0，289，498，22｝
		状態ラベルという状況ラベル部品をステータスバー1へ作る
			その文字配置は「左」
			その引き伸ばしは○
	この設計スケール比率は｛96,96｝
終わり

検索ボタンがクリックされた時の手順
	対象フォルダは、フォルダ場所欄の内容
	キーワードは、キーワード欄の内容

	検索ボタンの使用可能は×
	状態ラベルの内容は「検索中...」
	0秒待つ
	一覧は、対象フォルダのファイルの全一覧
	リストビュー1を更新開始する
	リストビュー1をすべて消す
	一覧のすべてのファイル名についてそれぞれ繰り返す
		ファイル名の拡張子だけが「exe」なら、繰り返しを続ける
		【内容】は（対象フォルダのフォルダだけ）＆ファイル名から読み込んだもの
		内容が無なら、繰り返しを続ける
		文字位置は、内容:キーワードを探したもの
		文字位置が0でないなら
			項目は、ファイル名のファイル名だけをリストビュー1に加えたもの
			項目の詳細は｛ファイル名のフォルダだけ、文字位置、（対象フォルダのフォルダだけ）＆ファイル名｝
		そして
	そして
	リストビュー1を更新終了する
	検索ボタンの使用可能は○
	リストビュー1の個数が0なら
		状態ラベルの内容は「見つかりません」
	でなければ
		状態ラベルの内容は「[リストビュー1の個数]件、見つかりました」
	そして
終わり

参照ボタンがクリックされた時の手順
	フォルダ選択画面のフォルダ名は、フォルダ場所欄の内容
	フォルダ選択画面を表示する
	フォルダ選択画面のキャンセルなら抜け出す
	フォルダ場所欄の内容は、フォルダ選択画面のフォルダ名
終わり


リストビュー1がダブルクリックされた時の手順
	配列は、リストビュー１の選択項目の詳細
	ファイル名は、配列（4）
	「explorer」を「/select,""［ファイル名］""」として起動する
終わり

終わり

プレビュー画面とは
ウィンドウを継承する

はじめ手順
	初期化する
終わり

初期化する手順
//この手順は自動生成されたものです
//編集しないでください
	この内容は「プレビュー画面」
	このドラッグドロップは○
	この位置と大きさは｛15，15，300，300｝
文章テキスト1という文章テキストを作る
	その位置と大きさは｛0，0，292，266｝
	その文字サイズは14
	そのドッキング方向は「全体」
終わり

[自分]で、[ファイル名]を、開く手順
	【内容】は（ファイル名から読み込んだもの）
	内容は、内容で（13のキャラクタ）を改行へ置き換えたもの
	文章テキスト1の内容は、内容
終わり

終わり","// テキスト検索 //
//フォルダ内のテキストファイルからキーワード検索するプログラム
メイン画面を表示する
待機する

メイン画面とは
---を継承する

はじめ手順
    初期化する
    この決定ボタンは、検索ボタン
    フォルダ場所欄の内容は、プログラムのフォルダ
終わり

初期化する手順
//この手順は自動生成されたものです
//編集しないでください
    この内容は「テキスト検索」
    このドラッグドロップは○
    この位置と大きさは｛15，15，506，345｝
    ---というボタンを作る
        その内容は「...」
        その移動順は7
        その位置と大きさは｛432，15，23，23｝
        その位置固定方向は「右＋上」
    フォルダ場所欄という---を作る
        その移動順は6
        その位置と大きさは｛107，19，319，19｝
        その位置固定方向は「右＋左＋上」
    ラベル2という---を作る
        その内容は「フォルダの場所(&F)」
        その移動順は5
        その位置と大きさは｛12，22，89，12｝
        その位置固定方向は「右＋左＋上」
    ---という---を作る
        その移動順は4
        その位置と大きさは｛12，91，474，189｝
        そのフォントサイズは11
        その位置固定方向は「右＋左＋下＋上」
        その表示方法は「詳細」
        その全列選択は○
        その見出し一覧は｛「ファイル名」，「場所」，「文字位置」｝
        その見出し幅は｛174，117，106｝
        そのタイルサイズは｛0，0｝
    ---というボタンを作る
        その内容"
マクロの実行.rdr,1,A,Nadesiko(Few-Shot),"ーー// エクセルのマクロ実行 //
ーーワークブックに作成されたマクロを実行します
ーーあらかじめVisual Basic Editorなどでワークブックに
ーーマクロを作成する必要があります。

エクセルを起動する
エクセルで「マクロ.xlsm」を開く
対象ブックは、エクセルの選択ブック

ーーマクロを実行させます
対象ブックにある「TestMacro1」をマクロ実行する

ーー引数のマクロを実行させます
対象ブックにある「TestMacro2」を｛「こんにちは!」｝で、マクロ実行する

対象ブックを閉じる
エクセルのワークブック一覧の個数が0なら、エクセルを終了する","ーー// ---実行 //
ーー---に作成された---を実行します
ーーあらかじめ---などで---に
ーーマクロを作成する必要があります。

---を起動する
---で「---」を開く
対象---は、---の選択---

ーーマクロを実行させます
対象---にある「---」を---で、マクロ実行する

ーー引数のマクロを実行させます
対象---にある「---」を｛「---」｝で、マクロ実行する

対象---を閉じる
---のワークブック一覧の個数が0なら、---を終了する"
マクロの実行.rdr,2,B,Nadesiko(Few-Shot),"ーー// エクセルのマクロ実行 //
ーーワークブックに作成されたマクロを実行します
ーーあらかじめVisual Basic Editorなどでワークブックに
ーーマクロを作成する必要があります。

エクセルを起動する
エクセルで「マクロ.xlsm」を開く
対象ブックは、エクセルの選択ブック

ーーマクロを実行させます
対象ブックにある「TestMacro1」をマクロ実行する

ーー引数のマクロを実行させます
対象ブックにある「TestMacro2」を｛「こんにちは!」｝で、マクロ実行する

対象ブックを閉じる
エクセルのワークブック一覧の個数が0なら、エクセルを終了する","ーー// エクセルのマクロ実行 //
ーーワークブックに作成されたマクロを---
ーーあらかじめVisual Basic Editorなどでワークブックに---
ーーマクロを作成する必要があります。

エクセルを---
エクセルで「マクロ.xlsm」を---
対象ブックは、エクセルの選択ブック

ーーマクロを---
対象ブックにある「TestMacro1」を---
マクロ実行する

ーー引数のマクロを---
対象ブックにある「TestMacro2」を｛「こんにちは!」｝で、---
マクロ実行する

対象ブックを---
エクセルのワークブック一覧の個数が0なら、エクセルを---"
マクロの実行.rdr,3,C,Nadesiko(Few-Shot),"ーー// エクセルのマクロ実行 //
ーーワークブックに作成されたマクロを実行します
ーーあらかじめVisual Basic Editorなどでワークブックに
ーーマクロを作成する必要があります。

エクセルを起動する
エクセルで「マクロ.xlsm」を開く
対象ブックは、エクセルの選択ブック

ーーマクロを実行させます
対象ブックにある「TestMacro1」をマクロ実行する

ーー引数のマクロを実行させます
対象ブックにある「TestMacro2」を｛「こんにちは!」｝で、マクロ実行する

対象ブックを閉じる
エクセルのワークブック一覧の個数が0なら、エクセルを終了する","ーー// エクセルのマクロ実行 //
ーーワークブックに作成されたマクロを実行します
ーーあらかじめVisual Basic Editorなどでワークブックに
ーーマクロを作成する必要があります。

エクセルを起動する
エクセルで「マクロ.xlsm」を開く
対象ブックは、エクセルの選択ブック

ーーマクロを実行させます
対象ブックにある「TestMacro1」を---
対象ブックにある「TestMacro2」を｛「こんにちは!」｝で、---
対象ブックを閉じる
エクセルのワークブック一覧の個数が0なら、エクセルを終了する"
マクロの実行.rdr,4,D,Nadesiko(Few-Shot),"ーー// エクセルのマクロ実行 //
ーーワークブックに作成されたマクロを実行します
ーーあらかじめVisual Basic Editorなどでワークブックに
ーーマクロを作成する必要があります。

エクセルを起動する
エクセルで「マクロ.xlsm」を開く
対象ブックは、エクセルの選択ブック

ーーマクロを実行させます
対象ブックにある「TestMacro1」をマクロ実行する

ーー引数のマクロを実行させます
対象ブックにある「TestMacro2」を｛「こんにちは!」｝で、マクロ実行する

対象ブックを閉じる
エクセルのワークブック一覧の個数が0なら、エクセルを終了する","ーー// エクセルのマクロ実行 //
ーーワークブックに作成されたマクロを実行します
ーーあらかじめVisual Basic Editorなどでワークブックに
ーーマクロを作成する必要があります。

エクセルを起動する
エクセルで「---」を開く
対象ブックは、エクセルの選択ブック

ーーマクロを実行させます
対象ブックにある「---」を---で、マクロ実行する

ーー引数のマクロを実行させます
対象ブックにある「---」を｛「---」｝で、マクロ実行する

対象ブックを閉じる
エクセルのワークブック一覧の個数が0なら、エクセルを終了する"
マクロの実行.rdr,5,E,Nadesiko(Few-Shot),"ーー// エクセルのマクロ実行 //
ーーワークブックに作成されたマクロを実行します
ーーあらかじめVisual Basic Editorなどでワークブックに
ーーマクロを作成する必要があります。

エクセルを起動する
エクセルで「マクロ.xlsm」を開く
対象ブックは、エクセルの選択ブック

ーーマクロを実行させます
対象ブックにある「TestMacro1」をマクロ実行する

ーー引数のマクロを実行させます
対象ブックにある「TestMacro2」を｛「こんにちは!」｝で、マクロ実行する

対象ブックを閉じる
エクセルのワークブック一覧の個数が0なら、エクセルを終了する","ーー// エクセルのマクロ実行 //
ーー---に作成された---を実行します
ーーあらかじめ---などで---に
ーー---を作成する必要があります。

---を起動する
---で「---」を開く
対象---は、---の選択---

---を実行させます
対象---にある「---」を---で、---する

---を閉じる
---の---が0なら、---を終了する"
枝を利用した模様.rdr,1,A,Nadesiko(Few-Shot),"ーー 枝を利用した模様 ーー
窓というウィンドウを作る
窓の内容は「枝を利用した模様」
窓の背景色は、白

かめさんというカメを作る
かめさんを窓に表示する
かめさんの位置は｛140,130｝

４回、繰り返す
	かめさんが１８０だけ７回３００度、枝
	かめさんを９０だけ右へ回転させる
そして

窓を表示する
待機する","ーー ---を利用した模様 ーー
窓という---を作る
窓の内容は「---」
窓の背景色は、---

かめさんという---を作る
かめさんを窓に表示する
かめさんの位置は｛---,---｝

４回、繰り返す
	かめさんが---だけ---、---
	かめさんを---だけ---させる
そして

窓を表示する
待機する"
枝を利用した模様.rdr,2,B,Nadesiko(Few-Shot),"ーー 枝を利用した模様 ーー
窓というウィンドウを作る
窓の内容は「枝を利用した模様」
窓の背景色は、白

かめさんというカメを作る
かめさんを窓に表示する
かめさんの位置は｛140,130｝

４回、繰り返す
	かめさんが１８０だけ７回３００度、枝
	かめさんを９０だけ右へ回転させる
そして

窓を表示する
待機する","ーー 枝を利用した模様 ーー
窓というウィンドウを作る
窓の内容は「枝を利用した模様」
窓の背景色は、白

かめさんというカメを作る
かめさんを---
かめさんの位置は｛140,130｝

４回、繰り返す
	かめさんが１８０だけ７回３００度、---
	かめさんを９０だけ右へ---
そして

窓を---"
枝を利用した模様.rdr,3,C,Nadesiko(Few-Shot),"ーー 枝を利用した模様 ーー
窓というウィンドウを作る
窓の内容は「枝を利用した模様」
窓の背景色は、白

かめさんというカメを作る
かめさんを窓に表示する
かめさんの位置は｛140,130｝

４回、繰り返す
	かめさんが１８０だけ７回３００度、枝
	かめさんを９０だけ右へ回転させる
そして

窓を表示する
待機する","ーー 枝を利用した模様 ーー
窓というウィンドウを作る
窓の内容は「枝を利用した模様」
窓の背景色は、白

かめさんというカメを作る
かめさんを窓に表示する
かめさんの位置は｛140,130｝

--- 
かめさんを---だけ右へ回転させる
--- 
かめさんを---だけ右へ回転させる
--- 
かめさんを---だけ右へ回転させる
--- 
かめさんを---だけ右へ回転させる"
枝を利用した模様.rdr,4,D,Nadesiko(Few-Shot),"ーー 枝を利用した模様 ーー
窓というウィンドウを作る
窓の内容は「枝を利用した模様」
窓の背景色は、白

かめさんというカメを作る
かめさんを窓に表示する
かめさんの位置は｛140,130｝

４回、繰り返す
	かめさんが１８０だけ７回３００度、枝
	かめさんを９０だけ右へ回転させる
そして

窓を表示する
待機する","ーー 枝を利用した模様 ーー
窓というウィンドウを作る
窓の内容は「枝を利用した模様」
窓の背景色は、白

かめさんというカメを作る
かめさんを窓に表示する
かめさんの位置は｛140,130｝

４回、繰り返す
    --- 
かめさんが１８０だけ７回３００度、枝
    --- 
かめさんを９０だけ右へ回転させる
そして

窓を表示する
待機する"
枝を利用した模様.rdr,5,E,Nadesiko(Few-Shot),"ーー 枝を利用した模様 ーー
窓というウィンドウを作る
窓の内容は「枝を利用した模様」
窓の背景色は、白

かめさんというカメを作る
かめさんを窓に表示する
かめさんの位置は｛140,130｝

４回、繰り返す
	かめさんが１８０だけ７回３００度、枝
	かめさんを９０だけ右へ回転させる
そして

窓を表示する
待機する","ーー 
---。
窓という---を作る
窓の内容は「---」
窓の背景色は、白

かめさんという---を作る
かめさんを窓に表示する
かめさんの位置は｛140,130｝

４回、繰り返す
	かめさんが１８０だけ７回３００度、---
	かめさんを９０だけ---させる
そして

窓を表示する
待機する"
